5;2016;10SC - APOIO A IMPLANTACAO, AMPLIACAO OU MELHORIAS EM SISTEMAS DE ABASTECIMENTO DE AGUA EM MUNICIPIOS COM POPULACAO SUPERIOR A 50 MIL HABITANTES OU MUNICIPIOS INTEGRANTES DE REGIOES METROPOLITANAS OU DE REGIOES INTEGRADAS DE DESENVOLVIMENTO;SANEAMENTO BASICO;17 - Saneamento;Administração Pública Estadual ou do Distrito Federal;PE;RECIFE;1882541.41
4;2014;1P95 - APOIO A ELABORACAO DE PLANOS E PROJETOS DE SANEAMENTO EM MUNICIPIOS COM POPULACAO SUPERIOR A 50 MIL HABITANTES OU INTEGRANTES DE REGIOES METROPOLITANAS OU DE REGIOES INTEGRADAS DE DESENVOLVIMENTO;SANEAMENTO BASICO;17 - Saneamento;Administração Pública Municipal;PE;RECIFE;767494.02
7;2016;1N08 - APOIO A IMPLANTACAO, AMPLIACAO OU MELHORIAS DE SISTEMAS DE ESGOTAMENTO SANITARIO EM MUNICIPIOS COM POPULACAO SUPERIOR A 50 MIL HABITANTES OU MUNICIPIOS INTEGRANTES DE REGIOES METROPOLITANAS OU DE REGIOES INTEGRADAS DE DESENVOLVIMENTO;SERVIÇOS URBANOS DE ÁGUA E ESGOTO;17 - Saneamento;Administração Pública Estadual ou do Distrito Federal;PE;RECIFE;707238.24
12;2017;10SG - APOIO A SISTEMAS DE DRENAGEM URBANA SUSTENTAVEL E DE MANEJO DE AGUAS PLUVIAIS EM MUNICIPIOS CRITICOS SUJEITOS A EVENTOS RECORRENTES DE INUNDACOES, ENXURRADAS E ALAGAMENTOS;GESTAO DE RISCOS E DE DESASTRES;17 - Saneamento;Administração Pública Municipal;PE;JABOATÃO DOS GUARARAPES;8562.50
11;2015;10SG - APOIO A SISTEMAS DE DRENAGEM URBANA SUSTENTAVEL E DE MANEJO DE AGUAS PLUVIAIS EM MUNICIPIOS CRITICOS SUJEITOS A EVENTOS RECORRENTES DE INUNDACOES, ENXURRADAS E ALAGAMENTOS;GESTAO DE RISCOS E DE DESASTRES;17 - Saneamento;Administração Pública Municipal;PE;JABOATÃO DOS GUARARAPES;181587.53
2;2016;1P95 - APOIO A ELABORACAO DE PLANOS E PROJETOS DE SANEAMENTO EM MUNICIPIOS COM POPULACAO SUPERIOR A 50 MIL HABITANTES OU INTEGRANTES DE REGIOES METROPOLITANAS OU DE REGIOES INTEGRADAS DE DESENVOLVIMENTO;SANEAMENTO BASICO;17 - Saneamento;Administração Pública Estadual ou do Distrito Federal;PE;RECIFE;756941.25
1;2015;10TB - Elaboração de Projetos de Saneamento nas Bacias Receptoras da Integração com o Rio São Francisco em Municípios com mais de 50 mil Habitantes ou Integrantes de Consórcios Públicos com mais de 150 mil Habitantes;INTEGRAÇÃO DE BACIAS HIDROGRÁFICAS;17 - Saneamento;Administração Pública Estadual ou do Distrito Federal;PE;RECIFE;133199.81
6;2015;10S5 - APOIO A EMPREENDIMENTOS DE SANEAMENTO INTEGRADO EM MUNICIPIOS COM POPULACAO SUPERIOR A 50 MIL HABITANTES OU MUNICIPIOS INTEGRANTES DE REGIOES METROPOLITANAS OU DE REGIOES INTEGRADAS DE DESENVOLVIMENTO;SANEAMENTO BASICO;17 - Saneamento;Administração Pública Municipal;PE;OLINDA;437406.21
6;2015;1N08 - APOIO A IMPLANTACAO, AMPLIACAO OU MELHORIAS DE SISTEMAS DE ESGOTAMENTO SANITARIO EM MUNICIPIOS COM POPULACAO SUPERIOR A 50 MIL HABITANTES OU MUNICIPIOS INTEGRANTES DE REGIOES METROPOLITANAS OU DE REGIOES INTEGRADAS DE DESENVOLVIMENTO;SERVIÇOS URBANOS DE ÁGUA E ESGOTO;17 - Saneamento;Administração Pública Estadual ou do Distrito Federal;PE;RECIFE;1008286.20
10;2016;10SG - APOIO A SISTEMAS DE DRENAGEM URBANA SUSTENTAVEL E DE MANEJO DE AGUAS PLUVIAIS EM MUNICIPIOS CRITICOS SUJEITOS A EVENTOS RECORRENTES DE INUNDACOES, ENXURRADAS E ALAGAMENTOS;DRENAGEM URBANA E CONTROLE DE EROSÃO MARÍTIMA E FLUVIAL;17 - Saneamento;Administração Pública Municipal;PE;JABOATÃO DOS GUARARAPES;182997.32
7;2016;1P95 - APOIO A ELABORACAO DE PLANOS E PROJETOS DE SANEAMENTO EM MUNICIPIOS COM POPULACAO SUPERIOR A 50 MIL HABITANTES OU INTEGRANTES DE REGIOES METROPOLITANAS OU DE REGIOES INTEGRADAS DE DESENVOLVIMENTO;SANEAMENTO BASICO;17 - Saneamento;Administração Pública Estadual ou do Distrito Federal;PE;RECIFE;566622.91
7;2017;1N08 - APOIO A IMPLANTACAO, AMPLIACAO OU MELHORIAS DE SISTEMAS DE ESGOTAMENTO SANITARIO EM MUNICIPIOS COM POPULACAO SUPERIOR A 50 MIL HABITANTES OU MUNICIPIOS INTEGRANTES DE REGIOES METROPOLITANAS OU DE REGIOES INTEGRADAS DE DESENVOLVIMENTO;SANEAMENTO BASICO;17 - Saneamento;Administração Pública Estadual ou do Distrito Federal;PE;RECIFE;208072.62
4;2014;10S5 - APOIO A EMPREENDIMENTOS DE SANEAMENTO INTEGRADO EM MUNICIPIOS COM POPULACAO SUPERIOR A 50 MIL HABITANTES OU MUNICIPIOS INTEGRANTES DE REGIOES METROPOLITANAS OU DE REGIOES INTEGRADAS DE DESENVOLVIMENTO;SANEAMENTO BASICO;17 - Saneamento;Administração Pública Municipal;PE;OLINDA;91628.71
10;2014;10SC - APOIO A IMPLANTACAO, AMPLIACAO OU MELHORIAS EM SISTEMAS DE ABASTECIMENTO DE AGUA EM MUNICIPIOS COM POPULACAO SUPERIOR A 50 MIL HABITANTES OU MUNICIPIOS INTEGRANTES DE REGIOES METROPOLITANAS OU DE REGIOES INTEGRADAS DE DESENVOLVIMENTO;SANEAMENTO BASICO;17 - Saneamento;Administração Pública Estadual ou do Distrito Federal;PE;RECIFE;556010.07
4;2016;1P95 - APOIO A ELABORACAO DE PLANOS E PROJETOS DE SANEAMENTO EM MUNICIPIOS COM POPULACAO SUPERIOR A 50 MIL HABITANTES OU INTEGRANTES DE REGIOES METROPOLITANAS OU DE REGIOES INTEGRADAS DE DESENVOLVIMENTO;SANEAMENTO BASICO;17 - Saneamento;Administração Pública Municipal;PE;RECIFE;177107.31
8;2014;10SC - APOIO A IMPLANTACAO, AMPLIACAO OU MELHORIAS EM SISTEMAS DE ABASTECIMENTO DE AGUA EM MUNICIPIOS COM POPULACAO SUPERIOR A 50 MIL HABITANTES OU MUNICIPIOS INTEGRANTES DE REGIOES METROPOLITANAS OU DE REGIOES INTEGRADAS DE DESENVOLVIMENTO;SANEAMENTO BASICO;17 - Saneamento;Administração Pública Estadual ou do Distrito Federal;PE;RECIFE;4536.95
11;2017;10SG - APOIO A SISTEMAS DE DRENAGEM URBANA SUSTENTAVEL E DE MANEJO DE AGUAS PLUVIAIS EM MUNICIPIOS CRITICOS SUJEITOS A EVENTOS RECORRENTES DE INUNDACOES, ENXURRADAS E ALAGAMENTOS;DRENAGEM URBANA E CONTROLE DE EROSÃO MARÍTIMA E FLUVIAL;17 - Saneamento;Administração Pública Municipal;PE;CABO DE SANTO AGOSTINHO;568301.42
5;2017;1P95 - APOIO A ELABORACAO DE PLANOS E PROJETOS DE SANEAMENTO EM MUNICIPIOS COM POPULACAO SUPERIOR A 50 MIL HABITANTES OU INTEGRANTES DE REGIOES METROPOLITANAS OU DE REGIOES INTEGRADAS DE DESENVOLVIMENTO;SANEAMENTO BASICO;17 - Saneamento;Administração Pública Municipal;PE;RECIFE;205443.03
12;2014;10S5 - APOIO A EMPREENDIMENTOS DE SANEAMENTO INTEGRADO EM MUNICIPIOS COM POPULACAO SUPERIOR A 50 MIL HABITANTES OU MUNICIPIOS INTEGRANTES DE REGIOES METROPOLITANAS OU DE REGIOES INTEGRADAS DE DESENVOLVIMENTO;SANEAMENTO BASICO;17 - Saneamento;Administração Pública Municipal;PE;OLINDA;727.57
8;2014;1N08 - APOIO A IMPLANTACAO, AMPLIACAO OU MELHORIAS DE SISTEMAS DE ESGOTAMENTO SANITARIO EM MUNICIPIOS COM POPULACAO SUPERIOR A 50 MIL HABITANTES OU MUNICIPIOS INTEGRANTES DE REGIOES METROPOLITANAS OU DE REGIOES INTEGRADAS DE DESENVOLVIMENTO;SERVIÇOS URBANOS DE ÁGUA E ESGOTO;17 - Saneamento;Administração Pública Municipal;PE;PETROLINA;41968.98
12;2017;10SG - APOIO A SISTEMAS DE DRENAGEM URBANA SUSTENTAVEL E DE MANEJO DE AGUAS PLUVIAIS EM MUNICIPIOS CRITICOS SUJEITOS A EVENTOS RECORRENTES DE INUNDACOES, ENXURRADAS E ALAGAMENTOS;DRENAGEM URBANA E CONTROLE DE EROSÃO MARÍTIMA E FLUVIAL;17 - Saneamento;Administração Pública Municipal;PE;CABO DE SANTO AGOSTINHO;3064839.53
6;2014;1P95 - APOIO A ELABORACAO DE PLANOS E PROJETOS DE SANEAMENTO EM MUNICIPIOS COM POPULACAO SUPERIOR A 50 MIL HABITANTES OU INTEGRANTES DE REGIOES METROPOLITANAS OU DE REGIOES INTEGRADAS DE DESENVOLVIMENTO;SANEAMENTO BASICO;17 - Saneamento;Administração Pública Municipal;PE;RECIFE;492644.54
3;2014;1N08 - APOIO A IMPLANTACAO, AMPLIACAO OU MELHORIAS DE SISTEMAS DE ESGOTAMENTO SANITARIO EM MUNICIPIOS COM POPULACAO SUPERIOR A 50 MIL HABITANTES OU MUNICIPIOS INTEGRANTES DE REGIOES METROPOLITANAS OU DE REGIOES INTEGRADAS DE DESENVOLVIMENTO;SANEAMENTO BASICO;17 - Saneamento;Administração Pública Estadual ou do Distrito Federal;PE;RECIFE;1054722.74
7;2015;1N08 - APOIO A IMPLANTACAO, AMPLIACAO OU MELHORIAS DE SISTEMAS DE ESGOTAMENTO SANITARIO EM MUNICIPIOS COM POPULACAO SUPERIOR A 50 MIL HABITANTES OU MUNICIPIOS INTEGRANTES DE REGIOES METROPOLITANAS OU DE REGIOES INTEGRADAS DE DESENVOLVIMENTO;SERVIÇOS URBANOS DE ÁGUA E ESGOTO;17 - Saneamento;Administração Pública Municipal;PE;PETROLINA;721468.98
3;2014;1N08 - APOIO A IMPLANTACAO, AMPLIACAO OU MELHORIAS DE SISTEMAS DE ESGOTAMENTO SANITARIO EM MUNICIPIOS COM POPULACAO SUPERIOR A 50 MIL HABITANTES OU MUNICIPIOS INTEGRANTES DE REGIOES METROPOLITANAS OU DE REGIOES INTEGRADAS DE DESENVOLVIMENTO;SERVIÇOS URBANOS DE ÁGUA E ESGOTO;17 - Saneamento;Administração Pública Estadual ou do Distrito Federal;PE;RECIFE;870347.31
11;2016;10S5 - APOIO A EMPREENDIMENTOS DE SANEAMENTO INTEGRADO EM MUNICIPIOS COM POPULACAO SUPERIOR A 50 MIL HABITANTES OU MUNICIPIOS INTEGRANTES DE REGIOES METROPOLITANAS OU DE REGIOES INTEGRADAS DE DESENVOLVIMENTO;URBANIZAÇÃO, REGULARIZAÇÃO FUNDIÁRIA E INTEGRAÇÃO DE ASSENTA;17 - Saneamento;Administração Pública Municipal;PE;OLINDA;806167.88
11;2015;1N08 - APOIO A IMPLANTACAO, AMPLIACAO OU MELHORIAS DE SISTEMAS DE ESGOTAMENTO SANITARIO EM MUNICIPIOS COM POPULACAO SUPERIOR A 50 MIL HABITANTES OU MUNICIPIOS INTEGRANTES DE REGIOES METROPOLITANAS OU DE REGIOES INTEGRADAS DE DESENVOLVIMENTO;SERVIÇOS URBANOS DE ÁGUA E ESGOTO;17 - Saneamento;Administração Pública Municipal;PE;PETROLINA;68766.86
5;2018;1N08 - APOIO A IMPLANTACAO, AMPLIACAO OU MELHORIAS DE SISTEMAS DE ESGOTAMENTO SANITARIO EM MUNICIPIOS COM POPULACAO SUPERIOR A 50 MIL HABITANTES OU MUNICIPIOS INTEGRANTES DE REGIOES METROPOLITANAS OU DE REGIOES INTEGRADAS DE DESENVOLVIMENTO;SANEAMENTO BASICO;17 - Saneamento;Administração Pública Estadual ou do Distrito Federal;PE;RECIFE;453599.61
1;2015;10SC - APOIO A IMPLANTACAO, AMPLIACAO OU MELHORIAS EM SISTEMAS DE ABASTECIMENTO DE AGUA EM MUNICIPIOS COM POPULACAO SUPERIOR A 50 MIL HABITANTES OU MUNICIPIOS INTEGRANTES DE REGIOES METROPOLITANAS OU DE REGIOES INTEGRADAS DE DESENVOLVIMENTO;SERVIÇOS URBANOS DE ÁGUA E ESGOTO;17 - Saneamento;Administração Pública Estadual ou do Distrito Federal;PE;RECIFE;197094.15
6;2014;1N08 - APOIO A IMPLANTACAO, AMPLIACAO OU MELHORIAS DE SISTEMAS DE ESGOTAMENTO SANITARIO EM MUNICIPIOS COM POPULACAO SUPERIOR A 50 MIL HABITANTES OU MUNICIPIOS INTEGRANTES DE REGIOES METROPOLITANAS OU DE REGIOES INTEGRADAS DE DESENVOLVIMENTO;SERVIÇOS URBANOS DE ÁGUA E ESGOTO;17 - Saneamento;Administração Pública Estadual ou do Distrito Federal;PE;RECIFE;132937.12
7;2014;116I - APOIO A SISTEMAS PUBLICOS DE MANEJO DE RESIDUOS SOLIDOS EM MUNICIPIOS COM POPULACAO SUPERIOR A 50 MIL HABITANTES OU MUNICIPIOS INTEGRANTES DE REGIOES METROPOLITANAS OU DE REGIOES INTEGRADAS DE DESENVOLVIMENTO;RESÍDUOS SÓLIDOS URBANOS;17 - Saneamento;Administração Pública Municipal;PE;JABOATÃO DOS GUARARAPES;40329.77
7;2015;10S5 - APOIO A EMPREENDIMENTOS DE SANEAMENTO INTEGRADO EM MUNICIPIOS COM POPULACAO SUPERIOR A 50 MIL HABITANTES OU MUNICIPIOS INTEGRANTES DE REGIOES METROPOLITANAS OU DE REGIOES INTEGRADAS DE DESENVOLVIMENTO;SANEAMENTO BASICO;17 - Saneamento;Administração Pública Municipal;PE;OLINDA;413748.00
10;2016;10SG - APOIO A SISTEMAS DE DRENAGEM URBANA SUSTENTAVEL E DE MANEJO DE AGUAS PLUVIAIS EM MUNICIPIOS CRITICOS SUJEITOS A EVENTOS RECORRENTES DE INUNDACOES, ENXURRADAS E ALAGAMENTOS;GESTAO DE RISCOS E DE DESASTRES;17 - Saneamento;Administração Pública Municipal;PE;JABOATÃO DOS GUARARAPES;146349.34
7;2015;10TB - Elaboração de Projetos de Saneamento nas Bacias Receptoras da Integração com o Rio São Francisco em Municípios com mais de 50 mil Habitantes ou Integrantes de Consórcios Públicos com mais de 150 mil Habitantes;INTEGRAÇÃO DE BACIAS HIDROGRÁFICAS;17 - Saneamento;Administração Pública Estadual ou do Distrito Federal;PE;RECIFE;68722.92
5;2018;1N08 - APOIO A IMPLANTACAO, AMPLIACAO OU MELHORIAS DE SISTEMAS DE ESGOTAMENTO SANITARIO EM MUNICIPIOS COM POPULACAO SUPERIOR A 50 MIL HABITANTES OU MUNICIPIOS INTEGRANTES DE REGIOES METROPOLITANAS OU DE REGIOES INTEGRADAS DE DESENVOLVIMENTO;SERVIÇOS URBANOS DE ÁGUA E ESGOTO;17 - Saneamento;Administração Pública Estadual ou do Distrito Federal;PE;RECIFE;157484.12
4;2016;10S5 - APOIO A EMPREENDIMENTOS DE SANEAMENTO INTEGRADO EM MUNICIPIOS COM POPULACAO SUPERIOR A 50 MIL HABITANTES OU MUNICIPIOS INTEGRANTES DE REGIOES METROPOLITANAS OU DE REGIOES INTEGRADAS DE DESENVOLVIMENTO;SANEAMENTO BASICO;17 - Saneamento;Administração Pública Municipal;PE;OLINDA;3831000.00
5;2014;116I - APOIO A SISTEMAS PUBLICOS DE MANEJO DE RESIDUOS SOLIDOS EM MUNICIPIOS COM POPULACAO SUPERIOR A 50 MIL HABITANTES OU MUNICIPIOS INTEGRANTES DE REGIOES METROPOLITANAS OU DE REGIOES INTEGRADAS DE DESENVOLVIMENTO;RESÍDUOS SÓLIDOS URBANOS;17 - Saneamento;Administração Pública Municipal;PE;OLINDA;47837.26
7;2015;006L - APOIO A ELABORACAO DE PROJETOS DE SANEAMENTO  EM MUNICIPIOS DE REGIOES METROPOLITANAS, DE REGIOES INTEGRADAS DE DESENVOLVIMENTO ECONOMICO, MUNICIPIOS COM MAIS DE 50 MIL HABITANTES OU INTEGRANTES DE CONSORCIOS PUBLICOS CO;FORTALECIMENTO DA GESTÃO URBANA;17 - Saneamento;Administração Pública Estadual ou do Distrito Federal;PE;RECIFE;2921.16
9;2015;1N08 - APOIO A IMPLANTACAO, AMPLIACAO OU MELHORIAS DE SISTEMAS DE ESGOTAMENTO SANITARIO EM MUNICIPIOS COM POPULACAO SUPERIOR A 50 MIL HABITANTES OU MUNICIPIOS INTEGRANTES DE REGIOES METROPOLITANAS OU DE REGIOES INTEGRADAS DE DESENVOLVIMENTO;SERVIÇOS URBANOS DE ÁGUA E ESGOTO;17 - Saneamento;Administração Pública Municipal;PE;PETROLINA;227190.63
2;2014;1P95 - APOIO A ELABORACAO DE PLANOS E PROJETOS DE SANEAMENTO EM MUNICIPIOS COM POPULACAO SUPERIOR A 50 MIL HABITANTES OU INTEGRANTES DE REGIOES METROPOLITANAS OU DE REGIOES INTEGRADAS DE DESENVOLVIMENTO;SANEAMENTO BASICO;17 - Saneamento;Administração Pública Municipal;PE;RECIFE;78268.23
1;2014;1P95 - APOIO A ELABORACAO DE PLANOS E PROJETOS DE SANEAMENTO EM MUNICIPIOS COM POPULACAO SUPERIOR A 50 MIL HABITANTES OU INTEGRANTES DE REGIOES METROPOLITANAS OU DE REGIOES INTEGRADAS DE DESENVOLVIMENTO;SANEAMENTO BASICO;17 - Saneamento;Administração Pública Municipal;PE;RECIFE;866837.96
4;2014;1P95 - APOIO A ELABORACAO DE PLANOS E PROJETOS DE SANEAMENTO EM MUNICIPIOS COM POPULACAO SUPERIOR A 50 MIL HABITANTES OU INTEGRANTES DE REGIOES METROPOLITANAS OU DE REGIOES INTEGRADAS DE DESENVOLVIMENTO;SANEAMENTO BASICO;17 - Saneamento;Administração Pública Estadual ou do Distrito Federal;PE;RECIFE;475017.38
5;2014;10S5 - APOIO A EMPREENDIMENTOS DE SANEAMENTO INTEGRADO EM MUNICIPIOS COM POPULACAO SUPERIOR A 50 MIL HABITANTES OU MUNICIPIOS INTEGRANTES DE REGIOES METROPOLITANAS OU DE REGIOES INTEGRADAS DE DESENVOLVIMENTO;SANEAMENTO BASICO;17 - Saneamento;Administração Pública Municipal;PE;OLINDA;1693523.83
10;2018;10SC - APOIO A IMPLANTACAO, AMPLIACAO OU MELHORIAS EM SISTEMAS DE ABASTECIMENTO DE AGUA EM MUNICIPIOS COM POPULACAO SUPERIOR A 50 MIL HABITANTES OU MUNICIPIOS INTEGRANTES DE REGIOES METROPOLITANAS OU DE REGIOES INTEGRADAS DE DESENVOLVIMENTO;SANEAMENTO BASICO;17 - Saneamento;Administração Pública Estadual ou do Distrito Federal;PE;RECIFE;728090.19
9;2018;10SC - APOIO A IMPLANTACAO, AMPLIACAO OU MELHORIAS EM SISTEMAS DE ABASTECIMENTO DE AGUA EM MUNICIPIOS COM POPULACAO SUPERIOR A 50 MIL HABITANTES OU MUNICIPIOS INTEGRANTES DE REGIOES METROPOLITANAS OU DE REGIOES INTEGRADAS DE DESENVOLVIMENTO;SANEAMENTO BASICO;17 - Saneamento;Administração Pública Estadual ou do Distrito Federal;PE;RECIFE;240759.87
3;2016;10S5 - APOIO A EMPREENDIMENTOS DE SANEAMENTO INTEGRADO EM MUNICIPIOS COM POPULACAO SUPERIOR A 50 MIL HABITANTES OU MUNICIPIOS INTEGRANTES DE REGIOES METROPOLITANAS OU DE REGIOES INTEGRADAS DE DESENVOLVIMENTO;SANEAMENTO BASICO;17 - Saneamento;Administração Pública Municipal;PE;OLINDA;843315.80
2;2015;1N08 - APOIO A IMPLANTACAO, AMPLIACAO OU MELHORIAS DE SISTEMAS DE ESGOTAMENTO SANITARIO EM MUNICIPIOS COM POPULACAO SUPERIOR A 50 MIL HABITANTES OU MUNICIPIOS INTEGRANTES DE REGIOES METROPOLITANAS OU DE REGIOES INTEGRADAS DE DESENVOLVIMENTO;SANEAMENTO BASICO;17 - Saneamento;Administração Pública Estadual ou do Distrito Federal;PE;RECIFE;23842.19
4;2016;10SG - APOIO A SISTEMAS DE DRENAGEM URBANA SUSTENTAVEL E DE MANEJO DE AGUAS PLUVIAIS EM MUNICIPIOS CRITICOS SUJEITOS A EVENTOS RECORRENTES DE INUNDACOES, ENXURRADAS E ALAGAMENTOS;DRENAGEM URBANA E CONTROLE DE EROSÃO MARÍTIMA E FLUVIAL;17 - Saneamento;Administração Pública Municipal;PE;JABOATÃO DOS GUARARAPES;23354.83
8;2015;10S5 - APOIO A EMPREENDIMENTOS DE SANEAMENTO INTEGRADO EM MUNICIPIOS COM POPULACAO SUPERIOR A 50 MIL HABITANTES OU MUNICIPIOS INTEGRANTES DE REGIOES METROPOLITANAS OU DE REGIOES INTEGRADAS DE DESENVOLVIMENTO;SANEAMENTO BASICO;17 - Saneamento;Administração Pública Municipal;PE;OLINDA;858144.00
5;2015;1N08 - APOIO A IMPLANTACAO, AMPLIACAO OU MELHORIAS DE SISTEMAS DE ESGOTAMENTO SANITARIO EM MUNICIPIOS COM POPULACAO SUPERIOR A 50 MIL HABITANTES OU MUNICIPIOS INTEGRANTES DE REGIOES METROPOLITANAS OU DE REGIOES INTEGRADAS DE DESENVOLVIMENTO;SERVIÇOS URBANOS DE ÁGUA E ESGOTO;17 - Saneamento;Administração Pública Estadual ou do Distrito Federal;PE;RECIFE;536460.75
11;2016;1P95 - APOIO A ELABORACAO DE PLANOS E PROJETOS DE SANEAMENTO EM MUNICIPIOS COM POPULACAO SUPERIOR A 50 MIL HABITANTES OU INTEGRANTES DE REGIOES METROPOLITANAS OU DE REGIOES INTEGRADAS DE DESENVOLVIMENTO;SANEAMENTO BASICO;17 - Saneamento;Administração Pública Municipal;PE;RECIFE;89431.88
9;2016;10S5 - APOIO A EMPREENDIMENTOS DE SANEAMENTO INTEGRADO EM MUNICIPIOS COM POPULACAO SUPERIOR A 50 MIL HABITANTES OU MUNICIPIOS INTEGRANTES DE REGIOES METROPOLITANAS OU DE REGIOES INTEGRADAS DE DESENVOLVIMENTO;URBANIZAÇÃO, REGULARIZAÇÃO FUNDIÁRIA E INTEGRAÇÃO DE ASSENTA;17 - Saneamento;Administração Pública Municipal;PE;OLINDA;162003.47
10;2014;10RM - IMPLANTACAO, AMPLIACAO OU MELHORIA DE SISTEMAS PUBLICOS DE ESGOTAMENTO SANITARIO NA AREA DE ATUACAO DA CODEVASF;SANEAMENTO BASICO;17 - Saneamento;Entidades Empresariais Privadas;PE;RECIFE;5634684.43
3;2014;1P95 - APOIO A ELABORACAO DE PLANOS E PROJETOS DE SANEAMENTO EM MUNICIPIOS COM POPULACAO SUPERIOR A 50 MIL HABITANTES OU INTEGRANTES DE REGIOES METROPOLITANAS OU DE REGIOES INTEGRADAS DE DESENVOLVIMENTO;SANEAMENTO BASICO;17 - Saneamento;Administração Pública Municipal;PE;RECIFE;293994.09
1;2014;10SC - APOIO A IMPLANTACAO, AMPLIACAO OU MELHORIAS EM SISTEMAS DE ABASTECIMENTO DE AGUA EM MUNICIPIOS COM POPULACAO SUPERIOR A 50 MIL HABITANTES OU MUNICIPIOS INTEGRANTES DE REGIOES METROPOLITANAS OU DE REGIOES INTEGRADAS DE DESENVOLVIMENTO;SANEAMENTO BASICO;17 - Saneamento;Administração Pública Estadual ou do Distrito Federal;PE;RECIFE;91821.90
10;2014;1N08 - APOIO A IMPLANTACAO, AMPLIACAO OU MELHORIAS DE SISTEMAS DE ESGOTAMENTO SANITARIO EM MUNICIPIOS COM POPULACAO SUPERIOR A 50 MIL HABITANTES OU MUNICIPIOS INTEGRANTES DE REGIOES METROPOLITANAS OU DE REGIOES INTEGRADAS DE DESENVOLVIMENTO;SANEAMENTO BASICO;17 - Saneamento;Administração Pública Estadual ou do Distrito Federal;PE;RECIFE;447088.47
7;2017;006L - APOIO A ELABORACAO DE PROJETOS DE SANEAMENTO  EM MUNICIPIOS DE REGIOES METROPOLITANAS, DE REGIOES INTEGRADAS DE DESENVOLVIMENTO ECONOMICO, MUNICIPIOS COM MAIS DE 50 MIL HABITANTES OU INTEGRANTES DE CONSORCIOS PUBLICOS CO;FORTALECIMENTO DA GESTÃO URBANA;17 - Saneamento;Administração Pública Estadual ou do Distrito Federal;PE;RECIFE;99354.84
5;2015;1N08 - APOIO A IMPLANTACAO, AMPLIACAO OU MELHORIAS DE SISTEMAS DE ESGOTAMENTO SANITARIO EM MUNICIPIOS COM POPULACAO SUPERIOR A 50 MIL HABITANTES OU MUNICIPIOS INTEGRANTES DE REGIOES METROPOLITANAS OU DE REGIOES INTEGRADAS DE DESENVOLVIMENTO;SANEAMENTO BASICO;17 - Saneamento;Administração Pública Municipal;PE;PETROLINA;701.89
3;2018;10RM - IMPLANTACAO, AMPLIACAO OU MELHORIA DE SISTEMAS PUBLICOS DE ESGOTAMENTO SANITARIO NA AREA DE ATUACAO DA CODEVASF;SANEAMENTO BASICO;17 - Saneamento;Entidades Empresariais Privadas;PE;RECIFE;5043401.88
5;2016;116I - APOIO A SISTEMAS PUBLICOS DE MANEJO DE RESIDUOS SOLIDOS EM MUNICIPIOS COM POPULACAO SUPERIOR A 50 MIL HABITANTES OU MUNICIPIOS INTEGRANTES DE REGIOES METROPOLITANAS OU DE REGIOES INTEGRADAS DE DESENVOLVIMENTO;RESÍDUOS SÓLIDOS URBANOS;17 - Saneamento;Administração Pública Municipal;PE;JABOATÃO DOS GUARARAPES;3226.95
7;2015;10SC - APOIO A IMPLANTACAO, AMPLIACAO OU MELHORIAS EM SISTEMAS DE ABASTECIMENTO DE AGUA EM MUNICIPIOS COM POPULACAO SUPERIOR A 50 MIL HABITANTES OU MUNICIPIOS INTEGRANTES DE REGIOES METROPOLITANAS OU DE REGIOES INTEGRADAS DE DESENVOLVIMENTO;SERVIÇOS URBANOS DE ÁGUA E ESGOTO;17 - Saneamento;Administração Pública Estadual ou do Distrito Federal;PE;RECIFE;37723.25
3;2015;1N08 - APOIO A IMPLANTACAO, AMPLIACAO OU MELHORIAS DE SISTEMAS DE ESGOTAMENTO SANITARIO EM MUNICIPIOS COM POPULACAO SUPERIOR A 50 MIL HABITANTES OU MUNICIPIOS INTEGRANTES DE REGIOES METROPOLITANAS OU DE REGIOES INTEGRADAS DE DESENVOLVIMENTO;SERVIÇOS URBANOS DE ÁGUA E ESGOTO;17 - Saneamento;Administração Pública Estadual ou do Distrito Federal;PE;RECIFE;384302.62
2;2014;1P95 - APOIO A ELABORACAO DE PLANOS E PROJETOS DE SANEAMENTO EM MUNICIPIOS COM POPULACAO SUPERIOR A 50 MIL HABITANTES OU INTEGRANTES DE REGIOES METROPOLITANAS OU DE REGIOES INTEGRADAS DE DESENVOLVIMENTO;SANEAMENTO BASICO;17 - Saneamento;Administração Pública Estadual ou do Distrito Federal;PE;RECIFE;116142.70
12;2017;10SC - APOIO A IMPLANTACAO, AMPLIACAO OU MELHORIAS EM SISTEMAS DE ABASTECIMENTO DE AGUA EM MUNICIPIOS COM POPULACAO SUPERIOR A 50 MIL HABITANTES OU MUNICIPIOS INTEGRANTES DE REGIOES METROPOLITANAS OU DE REGIOES INTEGRADAS DE DESENVOLVIMENTO;SANEAMENTO BASICO;17 - Saneamento;Administração Pública Estadual ou do Distrito Federal;PE;RECIFE;2292929.82
7;2018;10SG - APOIO A SISTEMAS DE DRENAGEM URBANA SUSTENTAVEL E DE MANEJO DE AGUAS PLUVIAIS EM MUNICIPIOS CRITICOS SUJEITOS A EVENTOS RECORRENTES DE INUNDACOES, ENXURRADAS E ALAGAMENTOS;GESTAO DE RISCOS E DE DESASTRES;17 - Saneamento;Administração Pública Municipal;PE;JABOATÃO DOS GUARARAPES;636144.75
10;2015;1P95 - APOIO A ELABORACAO DE PLANOS E PROJETOS DE SANEAMENTO EM MUNICIPIOS COM POPULACAO SUPERIOR A 50 MIL HABITANTES OU INTEGRANTES DE REGIOES METROPOLITANAS OU DE REGIOES INTEGRADAS DE DESENVOLVIMENTO;FORTALECIMENTO DA GESTÃO URBANA;17 - Saneamento;Administração Pública Estadual ou do Distrito Federal;PE;RECIFE;12029.49
5;2017;1N08 - APOIO A IMPLANTACAO, AMPLIACAO OU MELHORIAS DE SISTEMAS DE ESGOTAMENTO SANITARIO EM MUNICIPIOS COM POPULACAO SUPERIOR A 50 MIL HABITANTES OU MUNICIPIOS INTEGRANTES DE REGIOES METROPOLITANAS OU DE REGIOES INTEGRADAS DE DESENVOLVIMENTO;SERVIÇOS URBANOS DE ÁGUA E ESGOTO;17 - Saneamento;Administração Pública Municipal;PE;PETROLINA;17742.25
9;2016;10SG - APOIO A SISTEMAS DE DRENAGEM URBANA SUSTENTAVEL E DE MANEJO DE AGUAS PLUVIAIS EM MUNICIPIOS CRITICOS SUJEITOS A EVENTOS RECORRENTES DE INUNDACOES, ENXURRADAS E ALAGAMENTOS;DRENAGEM URBANA E CONTROLE DE EROSÃO MARÍTIMA E FLUVIAL;17 - Saneamento;Administração Pública Municipal;PE;JABOATÃO DOS GUARARAPES;11812.50
7;2014;10SU - Apoio a Sistemas Públicos de Abastecimento de Água em Municípios das Bacias Receptoras da Integração com o Rio São Francisco com mais de 50 mil Habitantes ou Integrantes de Consórcios Públicos com mais de 150 mil Habitan;INTEGRAÇÃO DE BACIAS HIDROGRÁFICAS;17 - Saneamento;Administração Pública Estadual ou do Distrito Federal;PE;RECIFE;36970.44
9;2014;10RM - IMPLANTACAO, AMPLIACAO OU MELHORIA DE SISTEMAS PUBLICOS DE ESGOTAMENTO SANITARIO NA AREA DE ATUACAO DA CODEVASF;SANEAMENTO BASICO;17 - Saneamento;Entidades Empresariais Privadas;PE;RECIFE;11821782.19
5;2017;10SC - APOIO A IMPLANTACAO, AMPLIACAO OU MELHORIAS EM SISTEMAS DE ABASTECIMENTO DE AGUA EM MUNICIPIOS COM POPULACAO SUPERIOR A 50 MIL HABITANTES OU MUNICIPIOS INTEGRANTES DE REGIOES METROPOLITANAS OU DE REGIOES INTEGRADAS DE DESENVOLVIMENTO;SANEAMENTO BASICO;17 - Saneamento;Administração Pública Estadual ou do Distrito Federal;PE;RECIFE;7023792.84
1;2017;1P95 - APOIO A ELABORACAO DE PLANOS E PROJETOS DE SANEAMENTO EM MUNICIPIOS COM POPULACAO SUPERIOR A 50 MIL HABITANTES OU INTEGRANTES DE REGIOES METROPOLITANAS OU DE REGIOES INTEGRADAS DE DESENVOLVIMENTO;SANEAMENTO BASICO;17 - Saneamento;Administração Pública Municipal;PE;RECIFE;64092.22
8;2014;1P95 - APOIO A ELABORACAO DE PLANOS E PROJETOS DE SANEAMENTO EM MUNICIPIOS COM POPULACAO SUPERIOR A 50 MIL HABITANTES OU INTEGRANTES DE REGIOES METROPOLITANAS OU DE REGIOES INTEGRADAS DE DESENVOLVIMENTO;FORTALECIMENTO DA GESTÃO URBANA;17 - Saneamento;Administração Pública Estadual ou do Distrito Federal;PE;RECIFE;31483.90
7;2018;1P95 - APOIO A ELABORACAO DE PLANOS E PROJETOS DE SANEAMENTO EM MUNICIPIOS COM POPULACAO SUPERIOR A 50 MIL HABITANTES OU INTEGRANTES DE REGIOES METROPOLITANAS OU DE REGIOES INTEGRADAS DE DESENVOLVIMENTO;SANEAMENTO BASICO;17 - Saneamento;Administração Pública Estadual ou do Distrito Federal;PE;RECIFE;24771.98
9;2016;1P95 - APOIO A ELABORACAO DE PLANOS E PROJETOS DE SANEAMENTO EM MUNICIPIOS COM POPULACAO SUPERIOR A 50 MIL HABITANTES OU INTEGRANTES DE REGIOES METROPOLITANAS OU DE REGIOES INTEGRADAS DE DESENVOLVIMENTO;SANEAMENTO BASICO;17 - Saneamento;Administração Pública Municipal;PE;RECIFE;21185.06
7;2014;1P95 - APOIO A ELABORACAO DE PLANOS E PROJETOS DE SANEAMENTO EM MUNICIPIOS COM POPULACAO SUPERIOR A 50 MIL HABITANTES OU INTEGRANTES DE REGIOES METROPOLITANAS OU DE REGIOES INTEGRADAS DE DESENVOLVIMENTO;SANEAMENTO BASICO;17 - Saneamento;Administração Pública Municipal;PE;RECIFE;458526.44
4;2015;1N08 - APOIO A IMPLANTACAO, AMPLIACAO OU MELHORIAS DE SISTEMAS DE ESGOTAMENTO SANITARIO EM MUNICIPIOS COM POPULACAO SUPERIOR A 50 MIL HABITANTES OU MUNICIPIOS INTEGRANTES DE REGIOES METROPOLITANAS OU DE REGIOES INTEGRADAS DE DESENVOLVIMENTO;SERVIÇOS URBANOS DE ÁGUA E ESGOTO;17 - Saneamento;Administração Pública Municipal;PE;PETROLINA;117620.28
1;2015;10SC - APOIO A IMPLANTACAO, AMPLIACAO OU MELHORIAS EM SISTEMAS DE ABASTECIMENTO DE AGUA EM MUNICIPIOS COM POPULACAO SUPERIOR A 50 MIL HABITANTES OU MUNICIPIOS INTEGRANTES DE REGIOES METROPOLITANAS OU DE REGIOES INTEGRADAS DE DESENVOLVIMENTO;SANEAMENTO BASICO;17 - Saneamento;Administração Pública Estadual ou do Distrito Federal;PE;RECIFE;282326.15
3;2015;10S5 - APOIO A EMPREENDIMENTOS DE SANEAMENTO INTEGRADO EM MUNICIPIOS COM POPULACAO SUPERIOR A 50 MIL HABITANTES OU MUNICIPIOS INTEGRANTES DE REGIOES METROPOLITANAS OU DE REGIOES INTEGRADAS DE DESENVOLVIMENTO;SANEAMENTO BASICO;17 - Saneamento;Administração Pública Municipal;PE;OLINDA;6314870.25
7;2014;1N08 - APOIO A IMPLANTACAO, AMPLIACAO OU MELHORIAS DE SISTEMAS DE ESGOTAMENTO SANITARIO EM MUNICIPIOS COM POPULACAO SUPERIOR A 50 MIL HABITANTES OU MUNICIPIOS INTEGRANTES DE REGIOES METROPOLITANAS OU DE REGIOES INTEGRADAS DE DESENVOLVIMENTO;SERVIÇOS URBANOS DE ÁGUA E ESGOTO;17 - Saneamento;Administração Pública Municipal;PE;PETROLINA;98595.31
12;2016;10SG - APOIO A SISTEMAS DE DRENAGEM URBANA SUSTENTAVEL E DE MANEJO DE AGUAS PLUVIAIS EM MUNICIPIOS CRITICOS SUJEITOS A EVENTOS RECORRENTES DE INUNDACOES, ENXURRADAS E ALAGAMENTOS;GESTAO DE RISCOS E DE DESASTRES;17 - Saneamento;Administração Pública Municipal;PE;JABOATÃO DOS GUARARAPES;154387.31
8;2015;1N08 - APOIO A IMPLANTACAO, AMPLIACAO OU MELHORIAS DE SISTEMAS DE ESGOTAMENTO SANITARIO EM MUNICIPIOS COM POPULACAO SUPERIOR A 50 MIL HABITANTES OU MUNICIPIOS INTEGRANTES DE REGIOES METROPOLITANAS OU DE REGIOES INTEGRADAS DE DESENVOLVIMENTO;SERVIÇOS URBANOS DE ÁGUA E ESGOTO;17 - Saneamento;Administração Pública Municipal;PE;PETROLINA;127566.79
9;2014;1P95 - APOIO A ELABORACAO DE PLANOS E PROJETOS DE SANEAMENTO EM MUNICIPIOS COM POPULACAO SUPERIOR A 50 MIL HABITANTES OU INTEGRANTES DE REGIOES METROPOLITANAS OU DE REGIOES INTEGRADAS DE DESENVOLVIMENTO;SANEAMENTO BASICO;17 - Saneamento;Administração Pública Municipal;PE;RECIFE;173161.16
1;2017;116I - APOIO A SISTEMAS PUBLICOS DE MANEJO DE RESIDUOS SOLIDOS EM MUNICIPIOS COM POPULACAO SUPERIOR A 50 MIL HABITANTES OU MUNICIPIOS INTEGRANTES DE REGIOES METROPOLITANAS OU DE REGIOES INTEGRADAS DE DESENVOLVIMENTO;RESÍDUOS SÓLIDOS URBANOS;17 - Saneamento;Administração Pública Municipal;PE;JABOATÃO DOS GUARARAPES;43127.43
12;2016;1P95 - APOIO A ELABORACAO DE PLANOS E PROJETOS DE SANEAMENTO EM MUNICIPIOS COM POPULACAO SUPERIOR A 50 MIL HABITANTES OU INTEGRANTES DE REGIOES METROPOLITANAS OU DE REGIOES INTEGRADAS DE DESENVOLVIMENTO;SANEAMENTO BASICO;17 - Saneamento;Administração Pública Municipal;PE;RECIFE;44693.22
11;2015;1P95 - APOIO A ELABORACAO DE PLANOS E PROJETOS DE SANEAMENTO EM MUNICIPIOS COM POPULACAO SUPERIOR A 50 MIL HABITANTES OU INTEGRANTES DE REGIOES METROPOLITANAS OU DE REGIOES INTEGRADAS DE DESENVOLVIMENTO;SANEAMENTO BASICO;17 - Saneamento;Administração Pública Estadual ou do Distrito Federal;PE;RECIFE;96514.16
10;2014;10SG - APOIO A SISTEMAS DE DRENAGEM URBANA SUSTENTAVEL E DE MANEJO DE AGUAS PLUVIAIS EM MUNICIPIOS CRITICOS SUJEITOS A EVENTOS RECORRENTES DE INUNDACOES, ENXURRADAS E ALAGAMENTOS;GESTAO DE RISCOS E DE DESASTRES;17 - Saneamento;Administração Pública Municipal;PE;JABOATÃO DOS GUARARAPES;247706.80
9;2014;10S5 - APOIO A EMPREENDIMENTOS DE SANEAMENTO INTEGRADO EM MUNICIPIOS COM POPULACAO SUPERIOR A 50 MIL HABITANTES OU MUNICIPIOS INTEGRANTES DE REGIOES METROPOLITANAS OU DE REGIOES INTEGRADAS DE DESENVOLVIMENTO;SANEAMENTO BASICO;17 - Saneamento;Administração Pública Estadual ou do Distrito Federal;PE;RECIFE;190200.60
9;2018;1P95 - APOIO A ELABORACAO DE PLANOS E PROJETOS DE SANEAMENTO EM MUNICIPIOS COM POPULACAO SUPERIOR A 50 MIL HABITANTES OU INTEGRANTES DE REGIOES METROPOLITANAS OU DE REGIOES INTEGRADAS DE DESENVOLVIMENTO;SANEAMENTO BASICO;17 - Saneamento;Administração Pública Estadual ou do Distrito Federal;PE;RECIFE;116619.07
4;2016;1P95 - APOIO A ELABORACAO DE PLANOS E PROJETOS DE SANEAMENTO EM MUNICIPIOS COM POPULACAO SUPERIOR A 50 MIL HABITANTES OU INTEGRANTES DE REGIOES METROPOLITANAS OU DE REGIOES INTEGRADAS DE DESENVOLVIMENTO;SANEAMENTO BASICO;17 - Saneamento;Administração Pública Estadual ou do Distrito Federal;PE;RECIFE;104500.10
8;2017;1P95 - APOIO A ELABORACAO DE PLANOS E PROJETOS DE SANEAMENTO EM MUNICIPIOS COM POPULACAO SUPERIOR A 50 MIL HABITANTES OU INTEGRANTES DE REGIOES METROPOLITANAS OU DE REGIOES INTEGRADAS DE DESENVOLVIMENTO;SANEAMENTO BASICO;17 - Saneamento;Administração Pública Estadual ou do Distrito Federal;PE;RECIFE;112205.71
8;2014;10S5 - APOIO A EMPREENDIMENTOS DE SANEAMENTO INTEGRADO EM MUNICIPIOS COM POPULACAO SUPERIOR A 50 MIL HABITANTES OU MUNICIPIOS INTEGRANTES DE REGIOES METROPOLITANAS OU DE REGIOES INTEGRADAS DE DESENVOLVIMENTO;SANEAMENTO BASICO;17 - Saneamento;Administração Pública Municipal;PE;OLINDA;251409.71
2;2015;1N08 - APOIO A IMPLANTACAO, AMPLIACAO OU MELHORIAS DE SISTEMAS DE ESGOTAMENTO SANITARIO EM MUNICIPIOS COM POPULACAO SUPERIOR A 50 MIL HABITANTES OU MUNICIPIOS INTEGRANTES DE REGIOES METROPOLITANAS OU DE REGIOES INTEGRADAS DE DESENVOLVIMENTO;SERVIÇOS URBANOS DE ÁGUA E ESGOTO;17 - Saneamento;Administração Pública Estadual ou do Distrito Federal;PE;RECIFE;625617.62
8;2014;10TB - Elaboração de Projetos de Saneamento nas Bacias Receptoras da Integração com o Rio São Francisco em Municípios com mais de 50 mil Habitantes ou Integrantes de Consórcios Públicos com mais de 150 mil Habitantes;INTEGRAÇÃO DE BACIAS HIDROGRÁFICAS;17 - Saneamento;Administração Pública Estadual ou do Distrito Federal;PE;RECIFE;153346.23
7;2016;10SC - APOIO A IMPLANTACAO, AMPLIACAO OU MELHORIAS EM SISTEMAS DE ABASTECIMENTO DE AGUA EM MUNICIPIOS COM POPULACAO SUPERIOR A 50 MIL HABITANTES OU MUNICIPIOS INTEGRANTES DE REGIOES METROPOLITANAS OU DE REGIOES INTEGRADAS DE DESENVOLVIMENTO;SANEAMENTO BASICO;17 - Saneamento;Administração Pública Estadual ou do Distrito Federal;PE;RECIFE;3641483.27
3;2016;10SG - APOIO A SISTEMAS DE DRENAGEM URBANA SUSTENTAVEL E DE MANEJO DE AGUAS PLUVIAIS EM MUNICIPIOS CRITICOS SUJEITOS A EVENTOS RECORRENTES DE INUNDACOES, ENXURRADAS E ALAGAMENTOS;DRENAGEM URBANA E CONTROLE DE EROSÃO MARÍTIMA E FLUVIAL;17 - Saneamento;Administração Pública Municipal;PE;JABOATÃO DOS GUARARAPES;181826.48
12;2016;1N08 - APOIO A IMPLANTACAO, AMPLIACAO OU MELHORIAS DE SISTEMAS DE ESGOTAMENTO SANITARIO EM MUNICIPIOS COM POPULACAO SUPERIOR A 50 MIL HABITANTES OU MUNICIPIOS INTEGRANTES DE REGIOES METROPOLITANAS OU DE REGIOES INTEGRADAS DE DESENVOLVIMENTO;SERVIÇOS URBANOS DE ÁGUA E ESGOTO;17 - Saneamento;Administração Pública Estadual ou do Distrito Federal;PE;RECIFE;465486.78
10;2014;1N08 - APOIO A IMPLANTACAO, AMPLIACAO OU MELHORIAS DE SISTEMAS DE ESGOTAMENTO SANITARIO EM MUNICIPIOS COM POPULACAO SUPERIOR A 50 MIL HABITANTES OU MUNICIPIOS INTEGRANTES DE REGIOES METROPOLITANAS OU DE REGIOES INTEGRADAS DE DESENVOLVIMENTO;SERVIÇOS URBANOS DE ÁGUA E ESGOTO;17 - Saneamento;Administração Pública Municipal;PE;PETROLINA;483688.43
1;2015;1N08 - APOIO A IMPLANTACAO, AMPLIACAO OU MELHORIAS DE SISTEMAS DE ESGOTAMENTO SANITARIO EM MUNICIPIOS COM POPULACAO SUPERIOR A 50 MIL HABITANTES OU MUNICIPIOS INTEGRANTES DE REGIOES METROPOLITANAS OU DE REGIOES INTEGRADAS DE DESENVOLVIMENTO;SANEAMENTO BASICO;17 - Saneamento;Administração Pública Estadual ou do Distrito Federal;PE;RECIFE;29151.03
4;2015;1N08 - APOIO A IMPLANTACAO, AMPLIACAO OU MELHORIAS DE SISTEMAS DE ESGOTAMENTO SANITARIO EM MUNICIPIOS COM POPULACAO SUPERIOR A 50 MIL HABITANTES OU MUNICIPIOS INTEGRANTES DE REGIOES METROPOLITANAS OU DE REGIOES INTEGRADAS DE DESENVOLVIMENTO;SANEAMENTO BASICO;17 - Saneamento;Administração Pública Estadual ou do Distrito Federal;PE;RECIFE;120042.49
12;2017;10SG - APOIO A SISTEMAS DE DRENAGEM URBANA SUSTENTAVEL E DE MANEJO DE AGUAS PLUVIAIS EM MUNICIPIOS CRITICOS SUJEITOS A EVENTOS RECORRENTES DE INUNDACOES, ENXURRADAS E ALAGAMENTOS;DRENAGEM URBANA E CONTROLE DE EROSÃO MARÍTIMA E FLUVIAL;17 - Saneamento;Administração Pública Municipal;PE;OLINDA;761389.00
5;2016;10SG - APOIO A SISTEMAS DE DRENAGEM URBANA SUSTENTAVEL E DE MANEJO DE AGUAS PLUVIAIS EM MUNICIPIOS CRITICOS SUJEITOS A EVENTOS RECORRENTES DE INUNDACOES, ENXURRADAS E ALAGAMENTOS;DRENAGEM URBANA E CONTROLE DE EROSÃO MARÍTIMA E FLUVIAL;17 - Saneamento;Administração Pública Municipal;PE;CABO DE SANTO AGOSTINHO;41946.23
12;2017;10S5 - APOIO A EMPREENDIMENTOS DE SANEAMENTO INTEGRADO EM MUNICIPIOS COM POPULACAO SUPERIOR A 50 MIL HABITANTES OU MUNICIPIOS INTEGRANTES DE REGIOES METROPOLITANAS OU DE REGIOES INTEGRADAS DE DESENVOLVIMENTO;SERVIÇOS URBANOS DE ÁGUA E ESGOTO;17 - Saneamento;Administração Pública Municipal;PE;OLINDA;2098858.35
9;2014;10SC - APOIO A IMPLANTACAO, AMPLIACAO OU MELHORIAS EM SISTEMAS DE ABASTECIMENTO DE AGUA EM MUNICIPIOS COM POPULACAO SUPERIOR A 50 MIL HABITANTES OU MUNICIPIOS INTEGRANTES DE REGIOES METROPOLITANAS OU DE REGIOES INTEGRADAS DE DESENVOLVIMENTO;SANEAMENTO BASICO;17 - Saneamento;Administração Pública Estadual ou do Distrito Federal;PE;RECIFE;207406.88
11;2016;1N08 - APOIO A IMPLANTACAO, AMPLIACAO OU MELHORIAS DE SISTEMAS DE ESGOTAMENTO SANITARIO EM MUNICIPIOS COM POPULACAO SUPERIOR A 50 MIL HABITANTES OU MUNICIPIOS INTEGRANTES DE REGIOES METROPOLITANAS OU DE REGIOES INTEGRADAS DE DESENVOLVIMENTO;SERVIÇOS URBANOS DE ÁGUA E ESGOTO;17 - Saneamento;Administração Pública Estadual ou do Distrito Federal;PE;RECIFE;2180377.21
3;2014;10SC - APOIO A IMPLANTACAO, AMPLIACAO OU MELHORIAS EM SISTEMAS DE ABASTECIMENTO DE AGUA EM MUNICIPIOS COM POPULACAO SUPERIOR A 50 MIL HABITANTES OU MUNICIPIOS INTEGRANTES DE REGIOES METROPOLITANAS OU DE REGIOES INTEGRADAS DE DESENVOLVIMENTO;SANEAMENTO BASICO;17 - Saneamento;Administração Pública Estadual ou do Distrito Federal;PE;RECIFE;1045426.99
9;2016;006L - APOIO A ELABORACAO DE PROJETOS DE SANEAMENTO  EM MUNICIPIOS DE REGIOES METROPOLITANAS, DE REGIOES INTEGRADAS DE DESENVOLVIMENTO ECONOMICO, MUNICIPIOS COM MAIS DE 50 MIL HABITANTES OU INTEGRANTES DE CONSORCIOS PUBLICOS CO;FORTALECIMENTO DA GESTÃO URBANA;17 - Saneamento;Administração Pública Estadual ou do Distrito Federal;PE;RECIFE;31793.54
10;2015;1P95 - APOIO A ELABORACAO DE PLANOS E PROJETOS DE SANEAMENTO EM MUNICIPIOS COM POPULACAO SUPERIOR A 50 MIL HABITANTES OU INTEGRANTES DE REGIOES METROPOLITANAS OU DE REGIOES INTEGRADAS DE DESENVOLVIMENTO;SANEAMENTO BASICO;17 - Saneamento;Administração Pública Estadual ou do Distrito Federal;PE;RECIFE;3778.55
8;2014;006L - APOIO A ELABORACAO DE PROJETOS DE SANEAMENTO  EM MUNICIPIOS DE REGIOES METROPOLITANAS, DE REGIOES INTEGRADAS DE DESENVOLVIMENTO ECONOMICO, MUNICIPIOS COM MAIS DE 50 MIL HABITANTES OU INTEGRANTES DE CONSORCIOS PUBLICOS CO;FORTALECIMENTO DA GESTÃO URBANA;17 - Saneamento;Administração Pública Estadual ou do Distrito Federal;PE;RECIFE;16157.47
11;2018;10SG - APOIO A SISTEMAS DE DRENAGEM URBANA SUSTENTAVEL E DE MANEJO DE AGUAS PLUVIAIS EM MUNICIPIOS CRITICOS SUJEITOS A EVENTOS RECORRENTES DE INUNDACOES, ENXURRADAS E ALAGAMENTOS;GESTAO DE RISCOS E DE DESASTRES;17 - Saneamento;Administração Pública Municipal;PE;JABOATÃO DOS GUARARAPES;72986.85
10;2016;10S5 - APOIO A EMPREENDIMENTOS DE SANEAMENTO INTEGRADO EM MUNICIPIOS COM POPULACAO SUPERIOR A 50 MIL HABITANTES OU MUNICIPIOS INTEGRANTES DE REGIOES METROPOLITANAS OU DE REGIOES INTEGRADAS DE DESENVOLVIMENTO;URBANIZAÇÃO, REGULARIZAÇÃO FUNDIÁRIA E INTEGRAÇÃO DE ASSENTA;17 - Saneamento;Administração Pública Municipal;PE;OLINDA;1154823.62
4;2016;006L - APOIO A ELABORACAO DE PROJETOS DE SANEAMENTO  EM MUNICIPIOS DE REGIOES METROPOLITANAS, DE REGIOES INTEGRADAS DE DESENVOLVIMENTO ECONOMICO, MUNICIPIOS COM MAIS DE 50 MIL HABITANTES OU INTEGRANTES DE CONSORCIOS PUBLICOS CO;FORTALECIMENTO DA GESTÃO URBANA;17 - Saneamento;Administração Pública Estadual ou do Distrito Federal;PE;RECIFE;68784.12
7;2016;1P95 - APOIO A ELABORACAO DE PLANOS E PROJETOS DE SANEAMENTO EM MUNICIPIOS COM POPULACAO SUPERIOR A 50 MIL HABITANTES OU INTEGRANTES DE REGIOES METROPOLITANAS OU DE REGIOES INTEGRADAS DE DESENVOLVIMENTO;SANEAMENTO BASICO;17 - Saneamento;Administração Pública Municipal;PE;RECIFE;291607.83
11;2015;10S5 - APOIO A EMPREENDIMENTOS DE SANEAMENTO INTEGRADO EM MUNICIPIOS COM POPULACAO SUPERIOR A 50 MIL HABITANTES OU MUNICIPIOS INTEGRANTES DE REGIOES METROPOLITANAS OU DE REGIOES INTEGRADAS DE DESENVOLVIMENTO;SANEAMENTO BASICO;17 - Saneamento;Administração Pública Municipal;PE;OLINDA;896454.00
8;2014;1P95 - APOIO A ELABORACAO DE PLANOS E PROJETOS DE SANEAMENTO EM MUNICIPIOS COM POPULACAO SUPERIOR A 50 MIL HABITANTES OU INTEGRANTES DE REGIOES METROPOLITANAS OU DE REGIOES INTEGRADAS DE DESENVOLVIMENTO;SANEAMENTO BASICO;17 - Saneamento;Administração Pública Municipal;PE;RECIFE;343625.11
8;2014;116I - APOIO A SISTEMAS PUBLICOS DE MANEJO DE RESIDUOS SOLIDOS EM MUNICIPIOS COM POPULACAO SUPERIOR A 50 MIL HABITANTES OU MUNICIPIOS INTEGRANTES DE REGIOES METROPOLITANAS OU DE REGIOES INTEGRADAS DE DESENVOLVIMENTO;RESÍDUOS SÓLIDOS URBANOS;17 - Saneamento;Administração Pública Municipal;PE;JABOATÃO DOS GUARARAPES;148436.19
3;2016;1N08 - APOIO A IMPLANTACAO, AMPLIACAO OU MELHORIAS DE SISTEMAS DE ESGOTAMENTO SANITARIO EM MUNICIPIOS COM POPULACAO SUPERIOR A 50 MIL HABITANTES OU MUNICIPIOS INTEGRANTES DE REGIOES METROPOLITANAS OU DE REGIOES INTEGRADAS DE DESENVOLVIMENTO;SANEAMENTO BASICO;17 - Saneamento;Administração Pública Estadual ou do Distrito Federal;PE;RECIFE;699429.33
10;2015;10S5 - APOIO A EMPREENDIMENTOS DE SANEAMENTO INTEGRADO EM MUNICIPIOS COM POPULACAO SUPERIOR A 50 MIL HABITANTES OU MUNICIPIOS INTEGRANTES DE REGIOES METROPOLITANAS OU DE REGIOES INTEGRADAS DE DESENVOLVIMENTO;SANEAMENTO BASICO;17 - Saneamento;Administração Pública Municipal;PE;OLINDA;1654992.00
2;2014;1N08 - APOIO A IMPLANTACAO, AMPLIACAO OU MELHORIAS DE SISTEMAS DE ESGOTAMENTO SANITARIO EM MUNICIPIOS COM POPULACAO SUPERIOR A 50 MIL HABITANTES OU MUNICIPIOS INTEGRANTES DE REGIOES METROPOLITANAS OU DE REGIOES INTEGRADAS DE DESENVOLVIMENTO;SERVIÇOS URBANOS DE ÁGUA E ESGOTO;17 - Saneamento;Administração Pública Municipal;PE;PETROLINA;79196.41
7;2014;10SC - APOIO A IMPLANTACAO, AMPLIACAO OU MELHORIAS EM SISTEMAS DE ABASTECIMENTO DE AGUA EM MUNICIPIOS COM POPULACAO SUPERIOR A 50 MIL HABITANTES OU MUNICIPIOS INTEGRANTES DE REGIOES METROPOLITANAS OU DE REGIOES INTEGRADAS DE DESENVOLVIMENTO;SANEAMENTO BASICO;17 - Saneamento;Administração Pública Estadual ou do Distrito Federal;PE;RECIFE;12672.00
10;2014;1P95 - APOIO A ELABORACAO DE PLANOS E PROJETOS DE SANEAMENTO EM MUNICIPIOS COM POPULACAO SUPERIOR A 50 MIL HABITANTES OU INTEGRANTES DE REGIOES METROPOLITANAS OU DE REGIOES INTEGRADAS DE DESENVOLVIMENTO;SANEAMENTO BASICO;17 - Saneamento;Administração Pública Municipal;PE;RECIFE;29669.36
5;2015;10S5 - APOIO A EMPREENDIMENTOS DE SANEAMENTO INTEGRADO EM MUNICIPIOS COM POPULACAO SUPERIOR A 50 MIL HABITANTES OU MUNICIPIOS INTEGRANTES DE REGIOES METROPOLITANAS OU DE REGIOES INTEGRADAS DE DESENVOLVIMENTO;SANEAMENTO BASICO;17 - Saneamento;Administração Pública Municipal;PE;OLINDA;815762.06
4;2014;10SC - APOIO A IMPLANTACAO, AMPLIACAO OU MELHORIAS EM SISTEMAS DE ABASTECIMENTO DE AGUA EM MUNICIPIOS COM POPULACAO SUPERIOR A 50 MIL HABITANTES OU MUNICIPIOS INTEGRANTES DE REGIOES METROPOLITANAS OU DE REGIOES INTEGRADAS DE DESENVOLVIMENTO;SANEAMENTO BASICO;17 - Saneamento;Administração Pública Estadual ou do Distrito Federal;PE;RECIFE;294783.33
5;2014;10TB - Elaboração de Projetos de Saneamento nas Bacias Receptoras da Integração com o Rio São Francisco em Municípios com mais de 50 mil Habitantes ou Integrantes de Consórcios Públicos com mais de 150 mil Habitantes;INTEGRAÇÃO DE BACIAS HIDROGRÁFICAS;17 - Saneamento;Administração Pública Estadual ou do Distrito Federal;PE;RECIFE;64612.51
5;2014;1N08 - APOIO A IMPLANTACAO, AMPLIACAO OU MELHORIAS DE SISTEMAS DE ESGOTAMENTO SANITARIO EM MUNICIPIOS COM POPULACAO SUPERIOR A 50 MIL HABITANTES OU MUNICIPIOS INTEGRANTES DE REGIOES METROPOLITANAS OU DE REGIOES INTEGRADAS DE DESENVOLVIMENTO;SERVIÇOS URBANOS DE ÁGUA E ESGOTO;17 - Saneamento;Administração Pública Estadual ou do Distrito Federal;PE;RECIFE;426441.33
1;2017;10S5 - APOIO A EMPREENDIMENTOS DE SANEAMENTO INTEGRADO EM MUNICIPIOS COM POPULACAO SUPERIOR A 50 MIL HABITANTES OU MUNICIPIOS INTEGRANTES DE REGIOES METROPOLITANAS OU DE REGIOES INTEGRADAS DE DESENVOLVIMENTO;SERVIÇOS URBANOS DE ÁGUA E ESGOTO;17 - Saneamento;Administração Pública Municipal;PE;OLINDA;559885.00
8;2014;10RM - IMPLANTACAO, AMPLIACAO OU MELHORIA DE SISTEMAS PUBLICOS DE ESGOTAMENTO SANITARIO NA AREA DE ATUACAO DA CODEVASF;SANEAMENTO BASICO;17 - Saneamento;Entidades Empresariais Privadas;PE;RECIFE;0.00
12;2016;10SC - APOIO A IMPLANTACAO, AMPLIACAO OU MELHORIAS EM SISTEMAS DE ABASTECIMENTO DE AGUA EM MUNICIPIOS COM POPULACAO SUPERIOR A 50 MIL HABITANTES OU MUNICIPIOS INTEGRANTES DE REGIOES METROPOLITANAS OU DE REGIOES INTEGRADAS DE DESENVOLVIMENTO;SANEAMENTO BASICO;17 - Saneamento;Administração Pública Estadual ou do Distrito Federal;PE;RECIFE;129531.33
5;2014;1N08 - APOIO A IMPLANTACAO, AMPLIACAO OU MELHORIAS DE SISTEMAS DE ESGOTAMENTO SANITARIO EM MUNICIPIOS COM POPULACAO SUPERIOR A 50 MIL HABITANTES OU MUNICIPIOS INTEGRANTES DE REGIOES METROPOLITANAS OU DE REGIOES INTEGRADAS DE DESENVOLVIMENTO;SANEAMENTO BASICO;17 - Saneamento;Administração Pública Estadual ou do Distrito Federal;PE;RECIFE;2186108.11
8;2014;10SG - APOIO A SISTEMAS DE DRENAGEM URBANA SUSTENTAVEL E DE MANEJO DE AGUAS PLUVIAIS EM MUNICIPIOS CRITICOS SUJEITOS A EVENTOS RECORRENTES DE INUNDACOES, ENXURRADAS E ALAGAMENTOS;GESTAO DE RISCOS E DE DESASTRES;17 - Saneamento;Administração Pública Municipal;PE;JABOATÃO DOS GUARARAPES;331042.89
8;2014;1N08 - APOIO A IMPLANTACAO, AMPLIACAO OU MELHORIAS DE SISTEMAS DE ESGOTAMENTO SANITARIO EM MUNICIPIOS COM POPULACAO SUPERIOR A 50 MIL HABITANTES OU MUNICIPIOS INTEGRANTES DE REGIOES METROPOLITANAS OU DE REGIOES INTEGRADAS DE DESENVOLVIMENTO;SANEAMENTO BASICO;17 - Saneamento;Administração Pública Estadual ou do Distrito Federal;PE;RECIFE;1571791.27
10;2017;10SG - APOIO A SISTEMAS DE DRENAGEM URBANA SUSTENTAVEL E DE MANEJO DE AGUAS PLUVIAIS EM MUNICIPIOS CRITICOS SUJEITOS A EVENTOS RECORRENTES DE INUNDACOES, ENXURRADAS E ALAGAMENTOS;DRENAGEM URBANA E CONTROLE DE EROSÃO MARÍTIMA E FLUVIAL;17 - Saneamento;Administração Pública Municipal;PE;CABO DE SANTO AGOSTINHO;52348.19
6;2015;10S5 - APOIO A EMPREENDIMENTOS DE SANEAMENTO INTEGRADO EM MUNICIPIOS COM POPULACAO SUPERIOR A 50 MIL HABITANTES OU MUNICIPIOS INTEGRANTES DE REGIOES METROPOLITANAS OU DE REGIOES INTEGRADAS DE DESENVOLVIMENTO;SERVIÇOS URBANOS DE ÁGUA E ESGOTO;17 - Saneamento;Administração Pública Municipal;PE;OLINDA;5396020.62
7;2016;10SG - APOIO A SISTEMAS DE DRENAGEM URBANA SUSTENTAVEL E DE MANEJO DE AGUAS PLUVIAIS EM MUNICIPIOS CRITICOS SUJEITOS A EVENTOS RECORRENTES DE INUNDACOES, ENXURRADAS E ALAGAMENTOS;DRENAGEM URBANA E CONTROLE DE EROSÃO MARÍTIMA E FLUVIAL;17 - Saneamento;Administração Pública Municipal;PE;JABOATÃO DOS GUARARAPES;18968.75
5;2016;1N08 - APOIO A IMPLANTACAO, AMPLIACAO OU MELHORIAS DE SISTEMAS DE ESGOTAMENTO SANITARIO EM MUNICIPIOS COM POPULACAO SUPERIOR A 50 MIL HABITANTES OU MUNICIPIOS INTEGRANTES DE REGIOES METROPOLITANAS OU DE REGIOES INTEGRADAS DE DESENVOLVIMENTO;SERVIÇOS URBANOS DE ÁGUA E ESGOTO;17 - Saneamento;Administração Pública Estadual ou do Distrito Federal;PE;RECIFE;33952.89
12;2015;1P95 - APOIO A ELABORACAO DE PLANOS E PROJETOS DE SANEAMENTO EM MUNICIPIOS COM POPULACAO SUPERIOR A 50 MIL HABITANTES OU INTEGRANTES DE REGIOES METROPOLITANAS OU DE REGIOES INTEGRADAS DE DESENVOLVIMENTO;SANEAMENTO BASICO;17 - Saneamento;Administração Pública Estadual ou do Distrito Federal;PE;RECIFE;26218.19
8;2014;10S5 - APOIO A EMPREENDIMENTOS DE SANEAMENTO INTEGRADO EM MUNICIPIOS COM POPULACAO SUPERIOR A 50 MIL HABITANTES OU MUNICIPIOS INTEGRANTES DE REGIOES METROPOLITANAS OU DE REGIOES INTEGRADAS DE DESENVOLVIMENTO;SANEAMENTO BASICO;17 - Saneamento;Administração Pública Estadual ou do Distrito Federal;PE;RECIFE;23276.64
10;2018;116I - APOIO A SISTEMAS PUBLICOS DE MANEJO DE RESIDUOS SOLIDOS EM MUNICIPIOS COM POPULACAO SUPERIOR A 50 MIL HABITANTES OU MUNICIPIOS INTEGRANTES DE REGIOES METROPOLITANAS OU DE REGIOES INTEGRADAS DE DESENVOLVIMENTO;RESÍDUOS SÓLIDOS URBANOS;17 - Saneamento;Administração Pública Municipal;PE;JABOATÃO DOS GUARARAPES;0.01
2;2015;10SC - APOIO A IMPLANTACAO, AMPLIACAO OU MELHORIAS EM SISTEMAS DE ABASTECIMENTO DE AGUA EM MUNICIPIOS COM POPULACAO SUPERIOR A 50 MIL HABITANTES OU MUNICIPIOS INTEGRANTES DE REGIOES METROPOLITANAS OU DE REGIOES INTEGRADAS DE DESENVOLVIMENTO;SANEAMENTO BASICO;17 - Saneamento;Administração Pública Estadual ou do Distrito Federal;PE;RECIFE;129973.28
5;2015;1N08 - APOIO A IMPLANTACAO, AMPLIACAO OU MELHORIAS DE SISTEMAS DE ESGOTAMENTO SANITARIO EM MUNICIPIOS COM POPULACAO SUPERIOR A 50 MIL HABITANTES OU MUNICIPIOS INTEGRANTES DE REGIOES METROPOLITANAS OU DE REGIOES INTEGRADAS DE DESENVOLVIMENTO;SERVIÇOS URBANOS DE ÁGUA E ESGOTO;17 - Saneamento;Administração Pública Municipal;PE;PETROLINA;810395.80
2;2014;1N08 - APOIO A IMPLANTACAO, AMPLIACAO OU MELHORIAS DE SISTEMAS DE ESGOTAMENTO SANITARIO EM MUNICIPIOS COM POPULACAO SUPERIOR A 50 MIL HABITANTES OU MUNICIPIOS INTEGRANTES DE REGIOES METROPOLITANAS OU DE REGIOES INTEGRADAS DE DESENVOLVIMENTO;SANEAMENTO BASICO;17 - Saneamento;Administração Pública Estadual ou do Distrito Federal;PE;RECIFE;1739182.78
12;2018;1P95 - APOIO A ELABORACAO DE PLANOS E PROJETOS DE SANEAMENTO EM MUNICIPIOS COM POPULACAO SUPERIOR A 50 MIL HABITANTES OU INTEGRANTES DE REGIOES METROPOLITANAS OU DE REGIOES INTEGRADAS DE DESENVOLVIMENTO;SANEAMENTO BASICO;17 - Saneamento;Administração Pública Estadual ou do Distrito Federal;PE;RECIFE;146450.71
5;2015;1N08 - APOIO A IMPLANTACAO, AMPLIACAO OU MELHORIAS DE SISTEMAS DE ESGOTAMENTO SANITARIO EM MUNICIPIOS COM POPULACAO SUPERIOR A 50 MIL HABITANTES OU MUNICIPIOS INTEGRANTES DE REGIOES METROPOLITANAS OU DE REGIOES INTEGRADAS DE DESENVOLVIMENTO;SANEAMENTO BASICO;17 - Saneamento;Administração Pública Estadual ou do Distrito Federal;PE;RECIFE;176132.14
2;2016;10S5 - APOIO A EMPREENDIMENTOS DE SANEAMENTO INTEGRADO EM MUNICIPIOS COM POPULACAO SUPERIOR A 50 MIL HABITANTES OU MUNICIPIOS INTEGRANTES DE REGIOES METROPOLITANAS OU DE REGIOES INTEGRADAS DE DESENVOLVIMENTO;SANEAMENTO BASICO;17 - Saneamento;Administração Pública Municipal;PE;OLINDA;635269.72
7;2015;1N08 - APOIO A IMPLANTACAO, AMPLIACAO OU MELHORIAS DE SISTEMAS DE ESGOTAMENTO SANITARIO EM MUNICIPIOS COM POPULACAO SUPERIOR A 50 MIL HABITANTES OU MUNICIPIOS INTEGRANTES DE REGIOES METROPOLITANAS OU DE REGIOES INTEGRADAS DE DESENVOLVIMENTO;SERVIÇOS URBANOS DE ÁGUA E ESGOTO;17 - Saneamento;Administração Pública Estadual ou do Distrito Federal;PE;RECIFE;109386.00
4;2016;10SG - APOIO A SISTEMAS DE DRENAGEM URBANA SUSTENTAVEL E DE MANEJO DE AGUAS PLUVIAIS EM MUNICIPIOS CRITICOS SUJEITOS A EVENTOS RECORRENTES DE INUNDACOES, ENXURRADAS E ALAGAMENTOS;DRENAGEM URBANA E CONTROLE DE EROSÃO MARÍTIMA E FLUVIAL;17 - Saneamento;Administração Pública Municipal;PE;CABO DE SANTO AGOSTINHO;79281.69
10;2015;006L - APOIO A ELABORACAO DE PROJETOS DE SANEAMENTO  EM MUNICIPIOS DE REGIOES METROPOLITANAS, DE REGIOES INTEGRADAS DE DESENVOLVIMENTO ECONOMICO, MUNICIPIOS COM MAIS DE 50 MIL HABITANTES OU INTEGRANTES DE CONSORCIOS PUBLICOS CO;FORTALECIMENTO DA GESTÃO URBANA;17 - Saneamento;Administração Pública Estadual ou do Distrito Federal;PE;RECIFE;51342.43
7;2014;10S5 - APOIO A EMPREENDIMENTOS DE SANEAMENTO INTEGRADO EM MUNICIPIOS COM POPULACAO SUPERIOR A 50 MIL HABITANTES OU MUNICIPIOS INTEGRANTES DE REGIOES METROPOLITANAS OU DE REGIOES INTEGRADAS DE DESENVOLVIMENTO;SANEAMENTO BASICO;17 - Saneamento;Administração Pública Municipal;PE;OLINDA;688005.28
6;2017;10S5 - APOIO A EMPREENDIMENTOS DE SANEAMENTO INTEGRADO EM MUNICIPIOS COM POPULACAO SUPERIOR A 50 MIL HABITANTES OU MUNICIPIOS INTEGRANTES DE REGIOES METROPOLITANAS OU DE REGIOES INTEGRADAS DE DESENVOLVIMENTO;SERVIÇOS URBANOS DE ÁGUA E ESGOTO;17 - Saneamento;Administração Pública Municipal;PE;OLINDA;132161.74
11;2016;10SG - APOIO A SISTEMAS DE DRENAGEM URBANA SUSTENTAVEL E DE MANEJO DE AGUAS PLUVIAIS EM MUNICIPIOS CRITICOS SUJEITOS A EVENTOS RECORRENTES DE INUNDACOES, ENXURRADAS E ALAGAMENTOS;DRENAGEM URBANA E CONTROLE DE EROSÃO MARÍTIMA E FLUVIAL;17 - Saneamento;Administração Pública Municipal;PE;CABO DE SANTO AGOSTINHO;131702.25
6;2018;116I - APOIO A SISTEMAS PUBLICOS DE MANEJO DE RESIDUOS SOLIDOS EM MUNICIPIOS COM POPULACAO SUPERIOR A 50 MIL HABITANTES OU MUNICIPIOS INTEGRANTES DE REGIOES METROPOLITANAS OU DE REGIOES INTEGRADAS DE DESENVOLVIMENTO;RESÍDUOS SÓLIDOS URBANOS;17 - Saneamento;Administração Pública Municipal;PE;JABOATÃO DOS GUARARAPES;84813.09
1;2016;10SG - APOIO A SISTEMAS DE DRENAGEM URBANA SUSTENTAVEL E DE MANEJO DE AGUAS PLUVIAIS EM MUNICIPIOS CRITICOS SUJEITOS A EVENTOS RECORRENTES DE INUNDACOES, ENXURRADAS E ALAGAMENTOS;DRENAGEM URBANA E CONTROLE DE EROSÃO MARÍTIMA E FLUVIAL;17 - Saneamento;Administração Pública Municipal;PE;JABOATÃO DOS GUARARAPES;589529.22
1;2015;10S5 - APOIO A EMPREENDIMENTOS DE SANEAMENTO INTEGRADO EM MUNICIPIOS COM POPULACAO SUPERIOR A 50 MIL HABITANTES OU MUNICIPIOS INTEGRANTES DE REGIOES METROPOLITANAS OU DE REGIOES INTEGRADAS DE DESENVOLVIMENTO;SERVIÇOS URBANOS DE ÁGUA E ESGOTO;17 - Saneamento;Administração Pública Municipal;PE;OLINDA;2189345.38
2;2016;006L - APOIO A ELABORACAO DE PROJETOS DE SANEAMENTO  EM MUNICIPIOS DE REGIOES METROPOLITANAS, DE REGIOES INTEGRADAS DE DESENVOLVIMENTO ECONOMICO, MUNICIPIOS COM MAIS DE 50 MIL HABITANTES OU INTEGRANTES DE CONSORCIOS PUBLICOS CO;FORTALECIMENTO DA GESTÃO URBANA;17 - Saneamento;Administração Pública Estadual ou do Distrito Federal;PE;RECIFE;16633.63
9;2016;1P95 - APOIO A ELABORACAO DE PLANOS E PROJETOS DE SANEAMENTO EM MUNICIPIOS COM POPULACAO SUPERIOR A 50 MIL HABITANTES OU INTEGRANTES DE REGIOES METROPOLITANAS OU DE REGIOES INTEGRADAS DE DESENVOLVIMENTO;SANEAMENTO BASICO;17 - Saneamento;Administração Pública Estadual ou do Distrito Federal;PE;RECIFE;36107.93
12;2017;1N08 - APOIO A IMPLANTACAO, AMPLIACAO OU MELHORIAS DE SISTEMAS DE ESGOTAMENTO SANITARIO EM MUNICIPIOS COM POPULACAO SUPERIOR A 50 MIL HABITANTES OU MUNICIPIOS INTEGRANTES DE REGIOES METROPOLITANAS OU DE REGIOES INTEGRADAS DE DESENVOLVIMENTO;SANEAMENTO BASICO;17 - Saneamento;Administração Pública Estadual ou do Distrito Federal;PE;RECIFE;19755146.82
7;2014;10SG - APOIO A SISTEMAS DE DRENAGEM URBANA SUSTENTAVEL E DE MANEJO DE AGUAS PLUVIAIS EM MUNICIPIOS CRITICOS SUJEITOS A EVENTOS RECORRENTES DE INUNDACOES, ENXURRADAS E ALAGAMENTOS;GESTAO DE RISCOS E DE DESASTRES;17 - Saneamento;Administração Pública Municipal;PE;JABOATÃO DOS GUARARAPES;1253252.38
1;2014;1N08 - APOIO A IMPLANTACAO, AMPLIACAO OU MELHORIAS DE SISTEMAS DE ESGOTAMENTO SANITARIO EM MUNICIPIOS COM POPULACAO SUPERIOR A 50 MIL HABITANTES OU MUNICIPIOS INTEGRANTES DE REGIOES METROPOLITANAS OU DE REGIOES INTEGRADAS DE DESENVOLVIMENTO;SERVIÇOS URBANOS DE ÁGUA E ESGOTO;17 - Saneamento;Administração Pública Municipal;PE;PETROLINA;278668.05
5;2017;006L - APOIO A ELABORACAO DE PROJETOS DE SANEAMENTO  EM MUNICIPIOS DE REGIOES METROPOLITANAS, DE REGIOES INTEGRADAS DE DESENVOLVIMENTO ECONOMICO, MUNICIPIOS COM MAIS DE 50 MIL HABITANTES OU INTEGRANTES DE CONSORCIOS PUBLICOS CO;FORTALECIMENTO DA GESTÃO URBANA;17 - Saneamento;Administração Pública Estadual ou do Distrito Federal;PE;RECIFE;115467.16
3;2016;10SG - APOIO A SISTEMAS DE DRENAGEM URBANA SUSTENTAVEL E DE MANEJO DE AGUAS PLUVIAIS EM MUNICIPIOS CRITICOS SUJEITOS A EVENTOS RECORRENTES DE INUNDACOES, ENXURRADAS E ALAGAMENTOS;DRENAGEM URBANA E CONTROLE DE EROSÃO MARÍTIMA E FLUVIAL;17 - Saneamento;Administração Pública Municipal;PE;CABO DE SANTO AGOSTINHO;237115.02
7;2014;1N08 - APOIO A IMPLANTACAO, AMPLIACAO OU MELHORIAS DE SISTEMAS DE ESGOTAMENTO SANITARIO EM MUNICIPIOS COM POPULACAO SUPERIOR A 50 MIL HABITANTES OU MUNICIPIOS INTEGRANTES DE REGIOES METROPOLITANAS OU DE REGIOES INTEGRADAS DE DESENVOLVIMENTO;SANEAMENTO BASICO;17 - Saneamento;Administração Pública Estadual ou do Distrito Federal;PE;RECIFE;2996699.80
9;2015;1P95 - APOIO A ELABORACAO DE PLANOS E PROJETOS DE SANEAMENTO EM MUNICIPIOS COM POPULACAO SUPERIOR A 50 MIL HABITANTES OU INTEGRANTES DE REGIOES METROPOLITANAS OU DE REGIOES INTEGRADAS DE DESENVOLVIMENTO;SANEAMENTO BASICO;17 - Saneamento;Administração Pública Estadual ou do Distrito Federal;PE;RECIFE;224486.00
2;2015;10SC - APOIO A IMPLANTACAO, AMPLIACAO OU MELHORIAS EM SISTEMAS DE ABASTECIMENTO DE AGUA EM MUNICIPIOS COM POPULACAO SUPERIOR A 50 MIL HABITANTES OU MUNICIPIOS INTEGRANTES DE REGIOES METROPOLITANAS OU DE REGIOES INTEGRADAS DE DESENVOLVIMENTO;SERVIÇOS URBANOS DE ÁGUA E ESGOTO;17 - Saneamento;Administração Pública Estadual ou do Distrito Federal;PE;RECIFE;84454.78
3;2016;116I - APOIO A SISTEMAS PUBLICOS DE MANEJO DE RESIDUOS SOLIDOS EM MUNICIPIOS COM POPULACAO SUPERIOR A 50 MIL HABITANTES OU MUNICIPIOS INTEGRANTES DE REGIOES METROPOLITANAS OU DE REGIOES INTEGRADAS DE DESENVOLVIMENTO;RESÍDUOS SÓLIDOS URBANOS;17 - Saneamento;Administração Pública Municipal;PE;JABOATÃO DOS GUARARAPES;72516.05
4;2016;1P95 - APOIO A ELABORACAO DE PLANOS E PROJETOS DE SANEAMENTO EM MUNICIPIOS COM POPULACAO SUPERIOR A 50 MIL HABITANTES OU INTEGRANTES DE REGIOES METROPOLITANAS OU DE REGIOES INTEGRADAS DE DESENVOLVIMENTO;FORTALECIMENTO DA GESTÃO URBANA;17 - Saneamento;Administração Pública Municipal;PE;RECIFE;5621.65
9;2018;116I - APOIO A SISTEMAS PUBLICOS DE MANEJO DE RESIDUOS SOLIDOS EM MUNICIPIOS COM POPULACAO SUPERIOR A 50 MIL HABITANTES OU MUNICIPIOS INTEGRANTES DE REGIOES METROPOLITANAS OU DE REGIOES INTEGRADAS DE DESENVOLVIMENTO;RESÍDUOS SÓLIDOS URBANOS;17 - Saneamento;Administração Pública Municipal;PE;JABOATÃO DOS GUARARAPES;61154.66
8;2018;116I - APOIO A SISTEMAS PUBLICOS DE MANEJO DE RESIDUOS SOLIDOS EM MUNICIPIOS COM POPULACAO SUPERIOR A 50 MIL HABITANTES OU MUNICIPIOS INTEGRANTES DE REGIOES METROPOLITANAS OU DE REGIOES INTEGRADAS DE DESENVOLVIMENTO;RESÍDUOS SÓLIDOS URBANOS;17 - Saneamento;Administração Pública Municipal;PE;JABOATÃO DOS GUARARAPES;42461.05
11;2016;10S5 - APOIO A EMPREENDIMENTOS DE SANEAMENTO INTEGRADO EM MUNICIPIOS COM POPULACAO SUPERIOR A 50 MIL HABITANTES OU MUNICIPIOS INTEGRANTES DE REGIOES METROPOLITANAS OU DE REGIOES INTEGRADAS DE DESENVOLVIMENTO;SERVIÇOS URBANOS DE ÁGUA E ESGOTO;17 - Saneamento;Administração Pública Municipal;PE;OLINDA;1687039.15
7;2016;10SG - APOIO A SISTEMAS DE DRENAGEM URBANA SUSTENTAVEL E DE MANEJO DE AGUAS PLUVIAIS EM MUNICIPIOS CRITICOS SUJEITOS A EVENTOS RECORRENTES DE INUNDACOES, ENXURRADAS E ALAGAMENTOS;DRENAGEM URBANA E CONTROLE DE EROSÃO MARÍTIMA E FLUVIAL;17 - Saneamento;Administração Pública Municipal;PE;CABO DE SANTO AGOSTINHO;268703.77
3;2016;006L - APOIO A ELABORACAO DE PROJETOS DE SANEAMENTO  EM MUNICIPIOS DE REGIOES METROPOLITANAS, DE REGIOES INTEGRADAS DE DESENVOLVIMENTO ECONOMICO, MUNICIPIOS COM MAIS DE 50 MIL HABITANTES OU INTEGRANTES DE CONSORCIOS PUBLICOS CO;FORTALECIMENTO DA GESTÃO URBANA;17 - Saneamento;Administração Pública Estadual ou do Distrito Federal;PE;RECIFE;99354.84
9;2014;1N08 - APOIO A IMPLANTACAO, AMPLIACAO OU MELHORIAS DE SISTEMAS DE ESGOTAMENTO SANITARIO EM MUNICIPIOS COM POPULACAO SUPERIOR A 50 MIL HABITANTES OU MUNICIPIOS INTEGRANTES DE REGIOES METROPOLITANAS OU DE REGIOES INTEGRADAS DE DESENVOLVIMENTO;SANEAMENTO BASICO;17 - Saneamento;Administração Pública Estadual ou do Distrito Federal;PE;RECIFE;1302961.25
9;2014;10S5 - APOIO A EMPREENDIMENTOS DE SANEAMENTO INTEGRADO EM MUNICIPIOS COM POPULACAO SUPERIOR A 50 MIL HABITANTES OU MUNICIPIOS INTEGRANTES DE REGIOES METROPOLITANAS OU DE REGIOES INTEGRADAS DE DESENVOLVIMENTO;SANEAMENTO BASICO;17 - Saneamento;Administração Pública Municipal;PE;OLINDA;1001210.66
12;2017;1P95 - APOIO A ELABORACAO DE PLANOS E PROJETOS DE SANEAMENTO EM MUNICIPIOS COM POPULACAO SUPERIOR A 50 MIL HABITANTES OU INTEGRANTES DE REGIOES METROPOLITANAS OU DE REGIOES INTEGRADAS DE DESENVOLVIMENTO;SANEAMENTO BASICO;17 - Saneamento;Administração Pública Estadual ou do Distrito Federal;PE;RECIFE;88476.21
9;2014;1N08 - APOIO A IMPLANTACAO, AMPLIACAO OU MELHORIAS DE SISTEMAS DE ESGOTAMENTO SANITARIO EM MUNICIPIOS COM POPULACAO SUPERIOR A 50 MIL HABITANTES OU MUNICIPIOS INTEGRANTES DE REGIOES METROPOLITANAS OU DE REGIOES INTEGRADAS DE DESENVOLVIMENTO;SERVIÇOS URBANOS DE ÁGUA E ESGOTO;17 - Saneamento;Administração Pública Municipal;PE;PETROLINA;107344.08
5;2016;1P95 - APOIO A ELABORACAO DE PLANOS E PROJETOS DE SANEAMENTO EM MUNICIPIOS COM POPULACAO SUPERIOR A 50 MIL HABITANTES OU INTEGRANTES DE REGIOES METROPOLITANAS OU DE REGIOES INTEGRADAS DE DESENVOLVIMENTO;SANEAMENTO BASICO;17 - Saneamento;Administração Pública Municipal;PE;RECIFE;135822.49
10;2014;10S5 - APOIO A EMPREENDIMENTOS DE SANEAMENTO INTEGRADO EM MUNICIPIOS COM POPULACAO SUPERIOR A 50 MIL HABITANTES OU MUNICIPIOS INTEGRANTES DE REGIOES METROPOLITANAS OU DE REGIOES INTEGRADAS DE DESENVOLVIMENTO;SANEAMENTO BASICO;17 - Saneamento;Administração Pública Municipal;PE;OLINDA;2159941.72
1;2015;006L - APOIO A ELABORACAO DE PROJETOS DE SANEAMENTO  EM MUNICIPIOS DE REGIOES METROPOLITANAS, DE REGIOES INTEGRADAS DE DESENVOLVIMENTO ECONOMICO, MUNICIPIOS COM MAIS DE 50 MIL HABITANTES OU INTEGRANTES DE CONSORCIOS PUBLICOS CO;FORTALECIMENTO DA GESTÃO URBANA;17 - Saneamento;Administração Pública Estadual ou do Distrito Federal;PE;RECIFE;98980.70
9;2016;1N08 - APOIO A IMPLANTACAO, AMPLIACAO OU MELHORIAS DE SISTEMAS DE ESGOTAMENTO SANITARIO EM MUNICIPIOS COM POPULACAO SUPERIOR A 50 MIL HABITANTES OU MUNICIPIOS INTEGRANTES DE REGIOES METROPOLITANAS OU DE REGIOES INTEGRADAS DE DESENVOLVIMENTO;SERVIÇOS URBANOS DE ÁGUA E ESGOTO;17 - Saneamento;Administração Pública Estadual ou do Distrito Federal;PE;RECIFE;281925.54
10;2017;1N08 - APOIO A IMPLANTACAO, AMPLIACAO OU MELHORIAS DE SISTEMAS DE ESGOTAMENTO SANITARIO EM MUNICIPIOS COM POPULACAO SUPERIOR A 50 MIL HABITANTES OU MUNICIPIOS INTEGRANTES DE REGIOES METROPOLITANAS OU DE REGIOES INTEGRADAS DE DESENVOLVIMENTO;SANEAMENTO BASICO;17 - Saneamento;Administração Pública Estadual ou do Distrito Federal;PE;RECIFE;568602.42
