1;2014;10SC - APOIO A IMPLANTACAO, AMPLIACAO OU MELHORIAS EM SISTEMAS DE ABASTECIMENTO DE AGUA EM MUNICIPIOS COM POPULACAO SUPERIOR A 50 MIL HABITANTES OU MUNICIPIOS INTEGRANTES DE REGIOES METROPOLITANAS OU DE REGIOES INTEGRADAS DE DESENVOLVIMENTO;SANEAMENTO BASICO;17 - Saneamento;Administração Pública Estadual ou do Distrito Federal;RN;NATAL;4104090.21
1;2014;1N08 - APOIO A IMPLANTACAO, AMPLIACAO OU MELHORIAS DE SISTEMAS DE ESGOTAMENTO SANITARIO EM MUNICIPIOS COM POPULACAO SUPERIOR A 50 MIL HABITANTES OU MUNICIPIOS INTEGRANTES DE REGIOES METROPOLITANAS OU DE REGIOES INTEGRADAS DE DESENVOLVIMENTO;SANEAMENTO BASICO;17 - Saneamento;Administração Pública Estadual ou do Distrito Federal;RN;NATAL;561285.45
1;2014;1N08 - APOIO A IMPLANTACAO, AMPLIACAO OU MELHORIAS DE SISTEMAS DE ESGOTAMENTO SANITARIO EM MUNICIPIOS COM POPULACAO SUPERIOR A 50 MIL HABITANTES OU MUNICIPIOS INTEGRANTES DE REGIOES METROPOLITANAS OU DE REGIOES INTEGRADAS DE DESENVOLVIMENTO;SERVIÇOS URBANOS DE ÁGUA E ESGOTO;17 - Saneamento;Administração Pública Estadual ou do Distrito Federal;RN;NATAL;189669.92
1;2014;10SG - APOIO A SISTEMAS DE DRENAGEM URBANA SUSTENTAVEL E DE MANEJO DE AGUAS PLUVIAIS EM MUNICIPIOS CRITICOS SUJEITOS A EVENTOS RECORRENTES DE INUNDACOES, ENXURRADAS E ALAGAMENTOS;GESTAO DE RISCOS E DE DESASTRES;17 - Saneamento;Administração Pública Municipal;RN;NATAL;1308120.24
2;2014;10SC - APOIO A IMPLANTACAO, AMPLIACAO OU MELHORIAS EM SISTEMAS DE ABASTECIMENTO DE AGUA EM MUNICIPIOS COM POPULACAO SUPERIOR A 50 MIL HABITANTES OU MUNICIPIOS INTEGRANTES DE REGIOES METROPOLITANAS OU DE REGIOES INTEGRADAS DE DESENVOLVIMENTO;SANEAMENTO BASICO;17 - Saneamento;Administração Pública Municipal;RN;CEARÁ-MIRIM;702372.26
2;2014;10SG - APOIO A SISTEMAS DE DRENAGEM URBANA SUSTENTAVEL E DE MANEJO DE AGUAS PLUVIAIS EM MUNICIPIOS CRITICOS SUJEITOS A EVENTOS RECORRENTES DE INUNDACOES, ENXURRADAS E ALAGAMENTOS;GESTAO DE RISCOS E DE DESASTRES;17 - Saneamento;Administração Pública Municipal;RN;NATAL;13633021.29
2;2014;10SC - APOIO A IMPLANTACAO, AMPLIACAO OU MELHORIAS EM SISTEMAS DE ABASTECIMENTO DE AGUA EM MUNICIPIOS COM POPULACAO SUPERIOR A 50 MIL HABITANTES OU MUNICIPIOS INTEGRANTES DE REGIOES METROPOLITANAS OU DE REGIOES INTEGRADAS DE DESENVOLVIMENTO;SANEAMENTO BASICO;17 - Saneamento;Administração Pública Estadual ou do Distrito Federal;RN;NATAL;3924732.51
2;2014;10S5 - APOIO A EMPREENDIMENTOS DE SANEAMENTO INTEGRADO EM MUNICIPIOS COM POPULACAO SUPERIOR A 50 MIL HABITANTES OU MUNICIPIOS INTEGRANTES DE REGIOES METROPOLITANAS OU DE REGIOES INTEGRADAS DE DESENVOLVIMENTO;SERVIÇOS URBANOS DE ÁGUA E ESGOTO;17 - Saneamento;Administração Pública Municipal;RN;MOSSORÓ;572750.58
3;2014;1N08 - APOIO A IMPLANTACAO, AMPLIACAO OU MELHORIAS DE SISTEMAS DE ESGOTAMENTO SANITARIO EM MUNICIPIOS COM POPULACAO SUPERIOR A 50 MIL HABITANTES OU MUNICIPIOS INTEGRANTES DE REGIOES METROPOLITANAS OU DE REGIOES INTEGRADAS DE DESENVOLVIMENTO;SERVIÇOS URBANOS DE ÁGUA E ESGOTO;17 - Saneamento;Administração Pública Estadual ou do Distrito Federal;RN;NATAL;13458423.06
3;2014;1P95 - APOIO A ELABORACAO DE PLANOS E PROJETOS DE SANEAMENTO EM MUNICIPIOS COM POPULACAO SUPERIOR A 50 MIL HABITANTES OU INTEGRANTES DE REGIOES METROPOLITANAS OU DE REGIOES INTEGRADAS DE DESENVOLVIMENTO;SANEAMENTO BASICO;17 - Saneamento;Administração Pública Municipal;RN;PARNAMIRIM;105520.53
3;2014;10S5 - APOIO A EMPREENDIMENTOS DE SANEAMENTO INTEGRADO EM MUNICIPIOS COM POPULACAO SUPERIOR A 50 MIL HABITANTES OU MUNICIPIOS INTEGRANTES DE REGIOES METROPOLITANAS OU DE REGIOES INTEGRADAS DE DESENVOLVIMENTO;SANEAMENTO BASICO;17 - Saneamento;Administração Pública Municipal;RN;MOSSORÓ;1495086.52
4;2014;10SG - APOIO A SISTEMAS DE DRENAGEM URBANA SUSTENTAVEL E DE MANEJO DE AGUAS PLUVIAIS EM MUNICIPIOS CRITICOS SUJEITOS A EVENTOS RECORRENTES DE INUNDACOES, ENXURRADAS E ALAGAMENTOS;GESTAO DE RISCOS E DE DESASTRES;17 - Saneamento;Administração Pública Municipal;RN;NATAL;991819.87
4;2014;10S5 - APOIO A EMPREENDIMENTOS DE SANEAMENTO INTEGRADO EM MUNICIPIOS COM POPULACAO SUPERIOR A 50 MIL HABITANTES OU MUNICIPIOS INTEGRANTES DE REGIOES METROPOLITANAS OU DE REGIOES INTEGRADAS DE DESENVOLVIMENTO;SANEAMENTO BASICO;17 - Saneamento;Administração Pública Municipal;RN;MOSSORÓ;1723741.92
4;2014;10SC - APOIO A IMPLANTACAO, AMPLIACAO OU MELHORIAS EM SISTEMAS DE ABASTECIMENTO DE AGUA EM MUNICIPIOS COM POPULACAO SUPERIOR A 50 MIL HABITANTES OU MUNICIPIOS INTEGRANTES DE REGIOES METROPOLITANAS OU DE REGIOES INTEGRADAS DE DESENVOLVIMENTO;SANEAMENTO BASICO;17 - Saneamento;Administração Pública Estadual ou do Distrito Federal;RN;NATAL;19455948.86
4;2014;10SC - APOIO A IMPLANTACAO, AMPLIACAO OU MELHORIAS EM SISTEMAS DE ABASTECIMENTO DE AGUA EM MUNICIPIOS COM POPULACAO SUPERIOR A 50 MIL HABITANTES OU MUNICIPIOS INTEGRANTES DE REGIOES METROPOLITANAS OU DE REGIOES INTEGRADAS DE DESENVOLVIMENTO;SANEAMENTO BASICO;17 - Saneamento;Administração Pública Municipal;RN;SÃO GONÇALO DO AMARANTE;1073960.50
4;2014;10SC - APOIO A IMPLANTACAO, AMPLIACAO OU MELHORIAS EM SISTEMAS DE ABASTECIMENTO DE AGUA EM MUNICIPIOS COM POPULACAO SUPERIOR A 50 MIL HABITANTES OU MUNICIPIOS INTEGRANTES DE REGIOES METROPOLITANAS OU DE REGIOES INTEGRADAS DE DESENVOLVIMENTO;SANEAMENTO BASICO;17 - Saneamento;Administração Pública Municipal;RN;CEARÁ-MIRIM;1017089.70
4;2014;1N08 - APOIO A IMPLANTACAO, AMPLIACAO OU MELHORIAS DE SISTEMAS DE ESGOTAMENTO SANITARIO EM MUNICIPIOS COM POPULACAO SUPERIOR A 50 MIL HABITANTES OU MUNICIPIOS INTEGRANTES DE REGIOES METROPOLITANAS OU DE REGIOES INTEGRADAS DE DESENVOLVIMENTO;SERVIÇOS URBANOS DE ÁGUA E ESGOTO;17 - Saneamento;Administração Pública Estadual ou do Distrito Federal;RN;NATAL;4209283.58
5;2014;1P95 - APOIO A ELABORACAO DE PLANOS E PROJETOS DE SANEAMENTO EM MUNICIPIOS COM POPULACAO SUPERIOR A 50 MIL HABITANTES OU INTEGRANTES DE REGIOES METROPOLITANAS OU DE REGIOES INTEGRADAS DE DESENVOLVIMENTO;FORTALECIMENTO DA GESTÃO URBANA;17 - Saneamento;Administração Pública Municipal;RN;PARNAMIRIM;42237.10
5;2014;10S5 - APOIO A EMPREENDIMENTOS DE SANEAMENTO INTEGRADO EM MUNICIPIOS COM POPULACAO SUPERIOR A 50 MIL HABITANTES OU MUNICIPIOS INTEGRANTES DE REGIOES METROPOLITANAS OU DE REGIOES INTEGRADAS DE DESENVOLVIMENTO;SANEAMENTO BASICO;17 - Saneamento;Administração Pública Municipal;RN;MOSSORÓ;614100.72
5;2014;1N08 - APOIO A IMPLANTACAO, AMPLIACAO OU MELHORIAS DE SISTEMAS DE ESGOTAMENTO SANITARIO EM MUNICIPIOS COM POPULACAO SUPERIOR A 50 MIL HABITANTES OU MUNICIPIOS INTEGRANTES DE REGIOES METROPOLITANAS OU DE REGIOES INTEGRADAS DE DESENVOLVIMENTO;SERVIÇOS URBANOS DE ÁGUA E ESGOTO;17 - Saneamento;Administração Pública Estadual ou do Distrito Federal;RN;NATAL;362159.69
5;2014;10SC - APOIO A IMPLANTACAO, AMPLIACAO OU MELHORIAS EM SISTEMAS DE ABASTECIMENTO DE AGUA EM MUNICIPIOS COM POPULACAO SUPERIOR A 50 MIL HABITANTES OU MUNICIPIOS INTEGRANTES DE REGIOES METROPOLITANAS OU DE REGIOES INTEGRADAS DE DESENVOLVIMENTO;SANEAMENTO BASICO;17 - Saneamento;Administração Pública Estadual ou do Distrito Federal;RN;NATAL;387672.83
5;2014;10SC - APOIO A IMPLANTACAO, AMPLIACAO OU MELHORIAS EM SISTEMAS DE ABASTECIMENTO DE AGUA EM MUNICIPIOS COM POPULACAO SUPERIOR A 50 MIL HABITANTES OU MUNICIPIOS INTEGRANTES DE REGIOES METROPOLITANAS OU DE REGIOES INTEGRADAS DE DESENVOLVIMENTO;SANEAMENTO BASICO;17 - Saneamento;Administração Pública Municipal;RN;SÃO GONÇALO DO AMARANTE;3333989.70
5;2014;10SG - APOIO A SISTEMAS DE DRENAGEM URBANA SUSTENTAVEL E DE MANEJO DE AGUAS PLUVIAIS EM MUNICIPIOS CRITICOS SUJEITOS A EVENTOS RECORRENTES DE INUNDACOES, ENXURRADAS E ALAGAMENTOS;GESTAO DE RISCOS E DE DESASTRES;17 - Saneamento;Administração Pública Municipal;RN;NATAL;32921772.65
6;2014;10SC - APOIO A IMPLANTACAO, AMPLIACAO OU MELHORIAS EM SISTEMAS DE ABASTECIMENTO DE AGUA EM MUNICIPIOS COM POPULACAO SUPERIOR A 50 MIL HABITANTES OU MUNICIPIOS INTEGRANTES DE REGIOES METROPOLITANAS OU DE REGIOES INTEGRADAS DE DESENVOLVIMENTO;SERVIÇOS URBANOS DE ÁGUA E ESGOTO;17 - Saneamento;Administração Pública Estadual ou do Distrito Federal;RN;NATAL;101716.26
6;2014;10SC - APOIO A IMPLANTACAO, AMPLIACAO OU MELHORIAS EM SISTEMAS DE ABASTECIMENTO DE AGUA EM MUNICIPIOS COM POPULACAO SUPERIOR A 50 MIL HABITANTES OU MUNICIPIOS INTEGRANTES DE REGIOES METROPOLITANAS OU DE REGIOES INTEGRADAS DE DESENVOLVIMENTO;SANEAMENTO BASICO;17 - Saneamento;Administração Pública Estadual ou do Distrito Federal;RN;NATAL;1445119.57
7;2014;10SG - APOIO A SISTEMAS DE DRENAGEM URBANA SUSTENTAVEL E DE MANEJO DE AGUAS PLUVIAIS EM MUNICIPIOS CRITICOS SUJEITOS A EVENTOS RECORRENTES DE INUNDACOES, ENXURRADAS E ALAGAMENTOS;GESTAO DE RISCOS E DE DESASTRES;17 - Saneamento;Administração Pública Municipal;RN;NATAL;6318997.13
7;2014;10SC - APOIO A IMPLANTACAO, AMPLIACAO OU MELHORIAS EM SISTEMAS DE ABASTECIMENTO DE AGUA EM MUNICIPIOS COM POPULACAO SUPERIOR A 50 MIL HABITANTES OU MUNICIPIOS INTEGRANTES DE REGIOES METROPOLITANAS OU DE REGIOES INTEGRADAS DE DESENVOLVIMENTO;SANEAMENTO BASICO;17 - Saneamento;Administração Pública Municipal;RN;SÃO GONÇALO DO AMARANTE;2611687.07
7;2014;10S5 - APOIO A EMPREENDIMENTOS DE SANEAMENTO INTEGRADO EM MUNICIPIOS COM POPULACAO SUPERIOR A 50 MIL HABITANTES OU MUNICIPIOS INTEGRANTES DE REGIOES METROPOLITANAS OU DE REGIOES INTEGRADAS DE DESENVOLVIMENTO;SANEAMENTO BASICO;17 - Saneamento;Administração Pública Municipal;RN;MOSSORÓ;1106735.82
8;2014;1P95 - APOIO A ELABORACAO DE PLANOS E PROJETOS DE SANEAMENTO EM MUNICIPIOS COM POPULACAO SUPERIOR A 50 MIL HABITANTES OU INTEGRANTES DE REGIOES METROPOLITANAS OU DE REGIOES INTEGRADAS DE DESENVOLVIMENTO;SANEAMENTO BASICO;17 - Saneamento;Administração Pública Municipal;RN;PARNAMIRIM;42224.85
8;2014;10SC - APOIO A IMPLANTACAO, AMPLIACAO OU MELHORIAS EM SISTEMAS DE ABASTECIMENTO DE AGUA EM MUNICIPIOS COM POPULACAO SUPERIOR A 50 MIL HABITANTES OU MUNICIPIOS INTEGRANTES DE REGIOES METROPOLITANAS OU DE REGIOES INTEGRADAS DE DESENVOLVIMENTO;SANEAMENTO BASICO;17 - Saneamento;Administração Pública Estadual ou do Distrito Federal;RN;NATAL;1764835.67
8;2014;10S5 - APOIO A EMPREENDIMENTOS DE SANEAMENTO INTEGRADO EM MUNICIPIOS COM POPULACAO SUPERIOR A 50 MIL HABITANTES OU MUNICIPIOS INTEGRANTES DE REGIOES METROPOLITANAS OU DE REGIOES INTEGRADAS DE DESENVOLVIMENTO;SANEAMENTO BASICO;17 - Saneamento;Administração Pública Municipal;RN;MOSSORÓ;1071535.79
8;2014;1P95 - APOIO A ELABORACAO DE PLANOS E PROJETOS DE SANEAMENTO EM MUNICIPIOS COM POPULACAO SUPERIOR A 50 MIL HABITANTES OU INTEGRANTES DE REGIOES METROPOLITANAS OU DE REGIOES INTEGRADAS DE DESENVOLVIMENTO;SANEAMENTO BASICO;17 - Saneamento;Administração Pública Municipal;RN;CEARÁ-MIRIM;16825.00
8;2014;10SC - APOIO A IMPLANTACAO, AMPLIACAO OU MELHORIAS EM SISTEMAS DE ABASTECIMENTO DE AGUA EM MUNICIPIOS COM POPULACAO SUPERIOR A 50 MIL HABITANTES OU MUNICIPIOS INTEGRANTES DE REGIOES METROPOLITANAS OU DE REGIOES INTEGRADAS DE DESENVOLVIMENTO;SANEAMENTO BASICO;17 - Saneamento;Administração Pública Municipal;RN;CEARÁ-MIRIM;489564.42
8;2014;1P95 - APOIO A ELABORACAO DE PLANOS E PROJETOS DE SANEAMENTO EM MUNICIPIOS COM POPULACAO SUPERIOR A 50 MIL HABITANTES OU INTEGRANTES DE REGIOES METROPOLITANAS OU DE REGIOES INTEGRADAS DE DESENVOLVIMENTO;SANEAMENTO BASICO;17 - Saneamento;Administração Pública Municipal;RN;NATAL;93326.29
8;2014;1P95 - APOIO A ELABORACAO DE PLANOS E PROJETOS DE SANEAMENTO EM MUNICIPIOS COM POPULACAO SUPERIOR A 50 MIL HABITANTES OU INTEGRANTES DE REGIOES METROPOLITANAS OU DE REGIOES INTEGRADAS DE DESENVOLVIMENTO;SANEAMENTO BASICO;17 - Saneamento;Administração Pública Estadual ou do Distrito Federal;RN;NATAL;27730.50
8;2014;10SG - APOIO A SISTEMAS DE DRENAGEM URBANA SUSTENTAVEL E DE MANEJO DE AGUAS PLUVIAIS EM MUNICIPIOS CRITICOS SUJEITOS A EVENTOS RECORRENTES DE INUNDACOES, ENXURRADAS E ALAGAMENTOS;GESTAO DE RISCOS E DE DESASTRES;17 - Saneamento;Administração Pública Municipal;RN;NATAL;10462909.27
8;2014;10SC - APOIO A IMPLANTACAO, AMPLIACAO OU MELHORIAS EM SISTEMAS DE ABASTECIMENTO DE AGUA EM MUNICIPIOS COM POPULACAO SUPERIOR A 50 MIL HABITANTES OU MUNICIPIOS INTEGRANTES DE REGIOES METROPOLITANAS OU DE REGIOES INTEGRADAS DE DESENVOLVIMENTO;SERVIÇOS URBANOS DE ÁGUA E ESGOTO;17 - Saneamento;Administração Pública Municipal;RN;SÃO GONÇALO DO AMARANTE;6118006.48
8;2014;10SC - APOIO A IMPLANTACAO, AMPLIACAO OU MELHORIAS EM SISTEMAS DE ABASTECIMENTO DE AGUA EM MUNICIPIOS COM POPULACAO SUPERIOR A 50 MIL HABITANTES OU MUNICIPIOS INTEGRANTES DE REGIOES METROPOLITANAS OU DE REGIOES INTEGRADAS DE DESENVOLVIMENTO;SANEAMENTO BASICO;17 - Saneamento;Administração Pública Municipal;RN;SÃO GONÇALO DO AMARANTE;2133469.35
9;2014;1P95 - APOIO A ELABORACAO DE PLANOS E PROJETOS DE SANEAMENTO EM MUNICIPIOS COM POPULACAO SUPERIOR A 50 MIL HABITANTES OU INTEGRANTES DE REGIOES METROPOLITANAS OU DE REGIOES INTEGRADAS DE DESENVOLVIMENTO;SANEAMENTO BASICO;17 - Saneamento;Administração Pública Municipal;RN;NATAL;355158.38
9;2014;1N08 - APOIO A IMPLANTACAO, AMPLIACAO OU MELHORIAS DE SISTEMAS DE ESGOTAMENTO SANITARIO EM MUNICIPIOS COM POPULACAO SUPERIOR A 50 MIL HABITANTES OU MUNICIPIOS INTEGRANTES DE REGIOES METROPOLITANAS OU DE REGIOES INTEGRADAS DE DESENVOLVIMENTO;SERVIÇOS URBANOS DE ÁGUA E ESGOTO;17 - Saneamento;Administração Pública Estadual ou do Distrito Federal;RN;NATAL;209712.51
9;2014;10SC - APOIO A IMPLANTACAO, AMPLIACAO OU MELHORIAS EM SISTEMAS DE ABASTECIMENTO DE AGUA EM MUNICIPIOS COM POPULACAO SUPERIOR A 50 MIL HABITANTES OU MUNICIPIOS INTEGRANTES DE REGIOES METROPOLITANAS OU DE REGIOES INTEGRADAS DE DESENVOLVIMENTO;SANEAMENTO BASICO;17 - Saneamento;Administração Pública Municipal;RN;SÃO GONÇALO DO AMARANTE;4361427.12
9;2014;10SC - APOIO A IMPLANTACAO, AMPLIACAO OU MELHORIAS EM SISTEMAS DE ABASTECIMENTO DE AGUA EM MUNICIPIOS COM POPULACAO SUPERIOR A 50 MIL HABITANTES OU MUNICIPIOS INTEGRANTES DE REGIOES METROPOLITANAS OU DE REGIOES INTEGRADAS DE DESENVOLVIMENTO;SERVIÇOS URBANOS DE ÁGUA E ESGOTO;17 - Saneamento;Administração Pública Municipal;RN;SÃO GONÇALO DO AMARANTE;389631.22
9;2014;10S5 - APOIO A EMPREENDIMENTOS DE SANEAMENTO INTEGRADO EM MUNICIPIOS COM POPULACAO SUPERIOR A 50 MIL HABITANTES OU MUNICIPIOS INTEGRANTES DE REGIOES METROPOLITANAS OU DE REGIOES INTEGRADAS DE DESENVOLVIMENTO;SANEAMENTO BASICO;17 - Saneamento;Administração Pública Municipal;RN;MOSSORÓ;1255567.67
9;2014;10SC - APOIO A IMPLANTACAO, AMPLIACAO OU MELHORIAS EM SISTEMAS DE ABASTECIMENTO DE AGUA EM MUNICIPIOS COM POPULACAO SUPERIOR A 50 MIL HABITANTES OU MUNICIPIOS INTEGRANTES DE REGIOES METROPOLITANAS OU DE REGIOES INTEGRADAS DE DESENVOLVIMENTO;SANEAMENTO BASICO;17 - Saneamento;Administração Pública Municipal;RN;CEARÁ-MIRIM;1290326.90
9;2014;10SC - APOIO A IMPLANTACAO, AMPLIACAO OU MELHORIAS EM SISTEMAS DE ABASTECIMENTO DE AGUA EM MUNICIPIOS COM POPULACAO SUPERIOR A 50 MIL HABITANTES OU MUNICIPIOS INTEGRANTES DE REGIOES METROPOLITANAS OU DE REGIOES INTEGRADAS DE DESENVOLVIMENTO;SANEAMENTO BASICO;17 - Saneamento;Administração Pública Estadual ou do Distrito Federal;RN;NATAL;1993854.89
9;2014;10SG - APOIO A SISTEMAS DE DRENAGEM URBANA SUSTENTAVEL E DE MANEJO DE AGUAS PLUVIAIS EM MUNICIPIOS CRITICOS SUJEITOS A EVENTOS RECORRENTES DE INUNDACOES, ENXURRADAS E ALAGAMENTOS;GESTAO DE RISCOS E DE DESASTRES;17 - Saneamento;Administração Pública Municipal;RN;NATAL;8521527.89
9;2014;1N08 - APOIO A IMPLANTACAO, AMPLIACAO OU MELHORIAS DE SISTEMAS DE ESGOTAMENTO SANITARIO EM MUNICIPIOS COM POPULACAO SUPERIOR A 50 MIL HABITANTES OU MUNICIPIOS INTEGRANTES DE REGIOES METROPOLITANAS OU DE REGIOES INTEGRADAS DE DESENVOLVIMENTO;SANEAMENTO BASICO;17 - Saneamento;Administração Pública Estadual ou do Distrito Federal;RN;NATAL;230509.49
10;2014;10SC - APOIO A IMPLANTACAO, AMPLIACAO OU MELHORIAS EM SISTEMAS DE ABASTECIMENTO DE AGUA EM MUNICIPIOS COM POPULACAO SUPERIOR A 50 MIL HABITANTES OU MUNICIPIOS INTEGRANTES DE REGIOES METROPOLITANAS OU DE REGIOES INTEGRADAS DE DESENVOLVIMENTO;SANEAMENTO BASICO;17 - Saneamento;Administração Pública Municipal;RN;SÃO GONÇALO DO AMARANTE;1777788.02
10;2014;10SC - APOIO A IMPLANTACAO, AMPLIACAO OU MELHORIAS EM SISTEMAS DE ABASTECIMENTO DE AGUA EM MUNICIPIOS COM POPULACAO SUPERIOR A 50 MIL HABITANTES OU MUNICIPIOS INTEGRANTES DE REGIOES METROPOLITANAS OU DE REGIOES INTEGRADAS DE DESENVOLVIMENTO;SANEAMENTO BASICO;17 - Saneamento;Administração Pública Estadual ou do Distrito Federal;RN;NATAL;1224935.72
10;2014;10S5 - APOIO A EMPREENDIMENTOS DE SANEAMENTO INTEGRADO EM MUNICIPIOS COM POPULACAO SUPERIOR A 50 MIL HABITANTES OU MUNICIPIOS INTEGRANTES DE REGIOES METROPOLITANAS OU DE REGIOES INTEGRADAS DE DESENVOLVIMENTO;SANEAMENTO BASICO;17 - Saneamento;Administração Pública Municipal;RN;MOSSORÓ;1260464.44
1;2015;10S5 - APOIO A EMPREENDIMENTOS DE SANEAMENTO INTEGRADO EM MUNICIPIOS COM POPULACAO SUPERIOR A 50 MIL HABITANTES OU MUNICIPIOS INTEGRANTES DE REGIOES METROPOLITANAS OU DE REGIOES INTEGRADAS DE DESENVOLVIMENTO;SANEAMENTO BASICO;17 - Saneamento;Administração Pública Municipal;RN;MOSSORÓ;573358.48
1;2015;1P95 - APOIO A ELABORACAO DE PLANOS E PROJETOS DE SANEAMENTO EM MUNICIPIOS COM POPULACAO SUPERIOR A 50 MIL HABITANTES OU INTEGRANTES DE REGIOES METROPOLITANAS OU DE REGIOES INTEGRADAS DE DESENVOLVIMENTO;SANEAMENTO BASICO;17 - Saneamento;Administração Pública Municipal;RN;CEARÁ-MIRIM;1817.10
1;2015;10SC - APOIO A IMPLANTACAO, AMPLIACAO OU MELHORIAS EM SISTEMAS DE ABASTECIMENTO DE AGUA EM MUNICIPIOS COM POPULACAO SUPERIOR A 50 MIL HABITANTES OU MUNICIPIOS INTEGRANTES DE REGIOES METROPOLITANAS OU DE REGIOES INTEGRADAS DE DESENVOLVIMENTO;SANEAMENTO BASICO;17 - Saneamento;Administração Pública Estadual ou do Distrito Federal;RN;NATAL;1851069.04
1;2015;1P95 - APOIO A ELABORACAO DE PLANOS E PROJETOS DE SANEAMENTO EM MUNICIPIOS COM POPULACAO SUPERIOR A 50 MIL HABITANTES OU INTEGRANTES DE REGIOES METROPOLITANAS OU DE REGIOES INTEGRADAS DE DESENVOLVIMENTO;SANEAMENTO BASICO;17 - Saneamento;Administração Pública Municipal;RN;NATAL;36200.97
1;2015;10SC - APOIO A IMPLANTACAO, AMPLIACAO OU MELHORIAS EM SISTEMAS DE ABASTECIMENTO DE AGUA EM MUNICIPIOS COM POPULACAO SUPERIOR A 50 MIL HABITANTES OU MUNICIPIOS INTEGRANTES DE REGIOES METROPOLITANAS OU DE REGIOES INTEGRADAS DE DESENVOLVIMENTO;SANEAMENTO BASICO;17 - Saneamento;Administração Pública Municipal;RN;CEARÁ-MIRIM;451927.39
1;2015;10SC - APOIO A IMPLANTACAO, AMPLIACAO OU MELHORIAS EM SISTEMAS DE ABASTECIMENTO DE AGUA EM MUNICIPIOS COM POPULACAO SUPERIOR A 50 MIL HABITANTES OU MUNICIPIOS INTEGRANTES DE REGIOES METROPOLITANAS OU DE REGIOES INTEGRADAS DE DESENVOLVIMENTO;SANEAMENTO BASICO;17 - Saneamento;Administração Pública Municipal;RN;SÃO GONÇALO DO AMARANTE;2776612.11
2;2015;10S5 - APOIO A EMPREENDIMENTOS DE SANEAMENTO INTEGRADO EM MUNICIPIOS COM POPULACAO SUPERIOR A 50 MIL HABITANTES OU MUNICIPIOS INTEGRANTES DE REGIOES METROPOLITANAS OU DE REGIOES INTEGRADAS DE DESENVOLVIMENTO;SANEAMENTO BASICO;17 - Saneamento;Administração Pública Municipal;RN;MOSSORÓ;448459.56
2;2015;10SC - APOIO A IMPLANTACAO, AMPLIACAO OU MELHORIAS EM SISTEMAS DE ABASTECIMENTO DE AGUA EM MUNICIPIOS COM POPULACAO SUPERIOR A 50 MIL HABITANTES OU MUNICIPIOS INTEGRANTES DE REGIOES METROPOLITANAS OU DE REGIOES INTEGRADAS DE DESENVOLVIMENTO;SANEAMENTO BASICO;17 - Saneamento;Administração Pública Estadual ou do Distrito Federal;RN;NATAL;21664437.27
2;2015;1P95 - APOIO A ELABORACAO DE PLANOS E PROJETOS DE SANEAMENTO EM MUNICIPIOS COM POPULACAO SUPERIOR A 50 MIL HABITANTES OU INTEGRANTES DE REGIOES METROPOLITANAS OU DE REGIOES INTEGRADAS DE DESENVOLVIMENTO;SANEAMENTO BASICO;17 - Saneamento;Administração Pública Municipal;RN;CEARÁ-MIRIM;63935.00
3;2015;10SC - APOIO A IMPLANTACAO, AMPLIACAO OU MELHORIAS EM SISTEMAS DE ABASTECIMENTO DE AGUA EM MUNICIPIOS COM POPULACAO SUPERIOR A 50 MIL HABITANTES OU MUNICIPIOS INTEGRANTES DE REGIOES METROPOLITANAS OU DE REGIOES INTEGRADAS DE DESENVOLVIMENTO;SANEAMENTO BASICO;17 - Saneamento;Administração Pública Municipal;RN;CEARÁ-MIRIM;1477209.36
3;2015;1N08 - APOIO A IMPLANTACAO, AMPLIACAO OU MELHORIAS DE SISTEMAS DE ESGOTAMENTO SANITARIO EM MUNICIPIOS COM POPULACAO SUPERIOR A 50 MIL HABITANTES OU MUNICIPIOS INTEGRANTES DE REGIOES METROPOLITANAS OU DE REGIOES INTEGRADAS DE DESENVOLVIMENTO;SANEAMENTO BASICO;17 - Saneamento;Administração Pública Estadual ou do Distrito Federal;RN;NATAL;1628977.14
3;2015;10SC - APOIO A IMPLANTACAO, AMPLIACAO OU MELHORIAS EM SISTEMAS DE ABASTECIMENTO DE AGUA EM MUNICIPIOS COM POPULACAO SUPERIOR A 50 MIL HABITANTES OU MUNICIPIOS INTEGRANTES DE REGIOES METROPOLITANAS OU DE REGIOES INTEGRADAS DE DESENVOLVIMENTO;SANEAMENTO BASICO;17 - Saneamento;Administração Pública Municipal;RN;SÃO GONÇALO DO AMARANTE;4312385.41
3;2015;10SC - APOIO A IMPLANTACAO, AMPLIACAO OU MELHORIAS EM SISTEMAS DE ABASTECIMENTO DE AGUA EM MUNICIPIOS COM POPULACAO SUPERIOR A 50 MIL HABITANTES OU MUNICIPIOS INTEGRANTES DE REGIOES METROPOLITANAS OU DE REGIOES INTEGRADAS DE DESENVOLVIMENTO;SANEAMENTO BASICO;17 - Saneamento;Administração Pública Estadual ou do Distrito Federal;RN;NATAL;1281519.74
3;2015;10S5 - APOIO A EMPREENDIMENTOS DE SANEAMENTO INTEGRADO EM MUNICIPIOS COM POPULACAO SUPERIOR A 50 MIL HABITANTES OU MUNICIPIOS INTEGRANTES DE REGIOES METROPOLITANAS OU DE REGIOES INTEGRADAS DE DESENVOLVIMENTO;SANEAMENTO BASICO;17 - Saneamento;Administração Pública Municipal;RN;MOSSORÓ;335037.91
4;2015;10SC - APOIO A IMPLANTACAO, AMPLIACAO OU MELHORIAS EM SISTEMAS DE ABASTECIMENTO DE AGUA EM MUNICIPIOS COM POPULACAO SUPERIOR A 50 MIL HABITANTES OU MUNICIPIOS INTEGRANTES DE REGIOES METROPOLITANAS OU DE REGIOES INTEGRADAS DE DESENVOLVIMENTO;SANEAMENTO BASICO;17 - Saneamento;Administração Pública Municipal;RN;SÃO GONÇALO DO AMARANTE;2700900.00
4;2015;1N08 - APOIO A IMPLANTACAO, AMPLIACAO OU MELHORIAS DE SISTEMAS DE ESGOTAMENTO SANITARIO EM MUNICIPIOS COM POPULACAO SUPERIOR A 50 MIL HABITANTES OU MUNICIPIOS INTEGRANTES DE REGIOES METROPOLITANAS OU DE REGIOES INTEGRADAS DE DESENVOLVIMENTO;SANEAMENTO BASICO;17 - Saneamento;Administração Pública Estadual ou do Distrito Federal;RN;NATAL;1210617.55
4;2015;10SC - APOIO A IMPLANTACAO, AMPLIACAO OU MELHORIAS EM SISTEMAS DE ABASTECIMENTO DE AGUA EM MUNICIPIOS COM POPULACAO SUPERIOR A 50 MIL HABITANTES OU MUNICIPIOS INTEGRANTES DE REGIOES METROPOLITANAS OU DE REGIOES INTEGRADAS DE DESENVOLVIMENTO;SANEAMENTO BASICO;17 - Saneamento;Administração Pública Estadual ou do Distrito Federal;RN;NATAL;1275525.48
4;2015;1P95 - APOIO A ELABORACAO DE PLANOS E PROJETOS DE SANEAMENTO EM MUNICIPIOS COM POPULACAO SUPERIOR A 50 MIL HABITANTES OU INTEGRANTES DE REGIOES METROPOLITANAS OU DE REGIOES INTEGRADAS DE DESENVOLVIMENTO;SANEAMENTO BASICO;17 - Saneamento;Administração Pública Municipal;RN;PARNAMIRIM;70367.00
5;2015;10SC - APOIO A IMPLANTACAO, AMPLIACAO OU MELHORIAS EM SISTEMAS DE ABASTECIMENTO DE AGUA EM MUNICIPIOS COM POPULACAO SUPERIOR A 50 MIL HABITANTES OU MUNICIPIOS INTEGRANTES DE REGIOES METROPOLITANAS OU DE REGIOES INTEGRADAS DE DESENVOLVIMENTO;SANEAMENTO BASICO;17 - Saneamento;Administração Pública Estadual ou do Distrito Federal;RN;NATAL;1456891.43
5;2015;10S5 - APOIO A EMPREENDIMENTOS DE SANEAMENTO INTEGRADO EM MUNICIPIOS COM POPULACAO SUPERIOR A 50 MIL HABITANTES OU MUNICIPIOS INTEGRANTES DE REGIOES METROPOLITANAS OU DE REGIOES INTEGRADAS DE DESENVOLVIMENTO;SANEAMENTO BASICO;17 - Saneamento;Administração Pública Municipal;RN;MOSSORÓ;64358.33
6;2015;10SC - APOIO A IMPLANTACAO, AMPLIACAO OU MELHORIAS EM SISTEMAS DE ABASTECIMENTO DE AGUA EM MUNICIPIOS COM POPULACAO SUPERIOR A 50 MIL HABITANTES OU MUNICIPIOS INTEGRANTES DE REGIOES METROPOLITANAS OU DE REGIOES INTEGRADAS DE DESENVOLVIMENTO;SANEAMENTO BASICO;17 - Saneamento;Administração Pública Municipal;RN;SÃO GONÇALO DO AMARANTE;7572023.92
6;2015;1N08 - APOIO A IMPLANTACAO, AMPLIACAO OU MELHORIAS DE SISTEMAS DE ESGOTAMENTO SANITARIO EM MUNICIPIOS COM POPULACAO SUPERIOR A 50 MIL HABITANTES OU MUNICIPIOS INTEGRANTES DE REGIOES METROPOLITANAS OU DE REGIOES INTEGRADAS DE DESENVOLVIMENTO;SERVIÇOS URBANOS DE ÁGUA E ESGOTO;17 - Saneamento;Administração Pública Estadual ou do Distrito Federal;RN;NATAL;855122.62
6;2015;10S5 - APOIO A EMPREENDIMENTOS DE SANEAMENTO INTEGRADO EM MUNICIPIOS COM POPULACAO SUPERIOR A 50 MIL HABITANTES OU MUNICIPIOS INTEGRANTES DE REGIOES METROPOLITANAS OU DE REGIOES INTEGRADAS DE DESENVOLVIMENTO;SERVIÇOS URBANOS DE ÁGUA E ESGOTO;17 - Saneamento;Administração Pública Municipal;RN;MOSSORÓ;68945.69
6;2015;10SC - APOIO A IMPLANTACAO, AMPLIACAO OU MELHORIAS EM SISTEMAS DE ABASTECIMENTO DE AGUA EM MUNICIPIOS COM POPULACAO SUPERIOR A 50 MIL HABITANTES OU MUNICIPIOS INTEGRANTES DE REGIOES METROPOLITANAS OU DE REGIOES INTEGRADAS DE DESENVOLVIMENTO;SANEAMENTO BASICO;17 - Saneamento;Administração Pública Estadual ou do Distrito Federal;RN;NATAL;6909286.44
7;2015;1N08 - APOIO A IMPLANTACAO, AMPLIACAO OU MELHORIAS DE SISTEMAS DE ESGOTAMENTO SANITARIO EM MUNICIPIOS COM POPULACAO SUPERIOR A 50 MIL HABITANTES OU MUNICIPIOS INTEGRANTES DE REGIOES METROPOLITANAS OU DE REGIOES INTEGRADAS DE DESENVOLVIMENTO;SANEAMENTO BASICO;17 - Saneamento;Administração Pública Estadual ou do Distrito Federal;RN;NATAL;25200464.85
7;2015;1P95 - APOIO A ELABORACAO DE PLANOS E PROJETOS DE SANEAMENTO EM MUNICIPIOS COM POPULACAO SUPERIOR A 50 MIL HABITANTES OU INTEGRANTES DE REGIOES METROPOLITANAS OU DE REGIOES INTEGRADAS DE DESENVOLVIMENTO;FORTALECIMENTO DA GESTÃO URBANA;17 - Saneamento;Administração Pública Estadual ou do Distrito Federal;RN;NATAL;346422.03
7;2015;10SC - APOIO A IMPLANTACAO, AMPLIACAO OU MELHORIAS EM SISTEMAS DE ABASTECIMENTO DE AGUA EM MUNICIPIOS COM POPULACAO SUPERIOR A 50 MIL HABITANTES OU MUNICIPIOS INTEGRANTES DE REGIOES METROPOLITANAS OU DE REGIOES INTEGRADAS DE DESENVOLVIMENTO;SANEAMENTO BASICO;17 - Saneamento;Administração Pública Municipal;RN;SÃO GONÇALO DO AMARANTE;822120.54
7;2015;10S5 - APOIO A EMPREENDIMENTOS DE SANEAMENTO INTEGRADO EM MUNICIPIOS COM POPULACAO SUPERIOR A 50 MIL HABITANTES OU MUNICIPIOS INTEGRANTES DE REGIOES METROPOLITANAS OU DE REGIOES INTEGRADAS DE DESENVOLVIMENTO;SERVIÇOS URBANOS DE ÁGUA E ESGOTO;17 - Saneamento;Administração Pública Municipal;RN;MOSSORÓ;77630.08
7;2015;1N08 - APOIO A IMPLANTACAO, AMPLIACAO OU MELHORIAS DE SISTEMAS DE ESGOTAMENTO SANITARIO EM MUNICIPIOS COM POPULACAO SUPERIOR A 50 MIL HABITANTES OU MUNICIPIOS INTEGRANTES DE REGIOES METROPOLITANAS OU DE REGIOES INTEGRADAS DE DESENVOLVIMENTO;SERVIÇOS URBANOS DE ÁGUA E ESGOTO;17 - Saneamento;Administração Pública Estadual ou do Distrito Federal;RN;NATAL;836952.32
7;2015;10SC - APOIO A IMPLANTACAO, AMPLIACAO OU MELHORIAS EM SISTEMAS DE ABASTECIMENTO DE AGUA EM MUNICIPIOS COM POPULACAO SUPERIOR A 50 MIL HABITANTES OU MUNICIPIOS INTEGRANTES DE REGIOES METROPOLITANAS OU DE REGIOES INTEGRADAS DE DESENVOLVIMENTO;SERVIÇOS URBANOS DE ÁGUA E ESGOTO;17 - Saneamento;Administração Pública Estadual ou do Distrito Federal;RN;NATAL;242491.80
7;2015;1P95 - APOIO A ELABORACAO DE PLANOS E PROJETOS DE SANEAMENTO EM MUNICIPIOS COM POPULACAO SUPERIOR A 50 MIL HABITANTES OU INTEGRANTES DE REGIOES METROPOLITANAS OU DE REGIOES INTEGRADAS DE DESENVOLVIMENTO;FORTALECIMENTO DA GESTÃO URBANA;17 - Saneamento;Administração Pública Municipal;RN;PARNAMIRIM;1520.54
7;2015;10S5 - APOIO A EMPREENDIMENTOS DE SANEAMENTO INTEGRADO EM MUNICIPIOS COM POPULACAO SUPERIOR A 50 MIL HABITANTES OU MUNICIPIOS INTEGRANTES DE REGIOES METROPOLITANAS OU DE REGIOES INTEGRADAS DE DESENVOLVIMENTO;SANEAMENTO BASICO;17 - Saneamento;Administração Pública Municipal;RN;MOSSORÓ;1318.18
7;2015;1P95 - APOIO A ELABORACAO DE PLANOS E PROJETOS DE SANEAMENTO EM MUNICIPIOS COM POPULACAO SUPERIOR A 50 MIL HABITANTES OU INTEGRANTES DE REGIOES METROPOLITANAS OU DE REGIOES INTEGRADAS DE DESENVOLVIMENTO;SANEAMENTO BASICO;17 - Saneamento;Administração Pública Estadual ou do Distrito Federal;RN;NATAL;24071.56
7;2015;1P95 - APOIO A ELABORACAO DE PLANOS E PROJETOS DE SANEAMENTO EM MUNICIPIOS COM POPULACAO SUPERIOR A 50 MIL HABITANTES OU INTEGRANTES DE REGIOES METROPOLITANAS OU DE REGIOES INTEGRADAS DE DESENVOLVIMENTO;SANEAMENTO BASICO;17 - Saneamento;Administração Pública Municipal;RN;NATAL;4536.69
8;2015;1N08 - APOIO A IMPLANTACAO, AMPLIACAO OU MELHORIAS DE SISTEMAS DE ESGOTAMENTO SANITARIO EM MUNICIPIOS COM POPULACAO SUPERIOR A 50 MIL HABITANTES OU MUNICIPIOS INTEGRANTES DE REGIOES METROPOLITANAS OU DE REGIOES INTEGRADAS DE DESENVOLVIMENTO;SANEAMENTO BASICO;17 - Saneamento;Administração Pública Estadual ou do Distrito Federal;RN;NATAL;72343.79
8;2015;10SC - APOIO A IMPLANTACAO, AMPLIACAO OU MELHORIAS EM SISTEMAS DE ABASTECIMENTO DE AGUA EM MUNICIPIOS COM POPULACAO SUPERIOR A 50 MIL HABITANTES OU MUNICIPIOS INTEGRANTES DE REGIOES METROPOLITANAS OU DE REGIOES INTEGRADAS DE DESENVOLVIMENTO;SANEAMENTO BASICO;17 - Saneamento;Administração Pública Estadual ou do Distrito Federal;RN;NATAL;2771541.78
8;2015;10SC - APOIO A IMPLANTACAO, AMPLIACAO OU MELHORIAS EM SISTEMAS DE ABASTECIMENTO DE AGUA EM MUNICIPIOS COM POPULACAO SUPERIOR A 50 MIL HABITANTES OU MUNICIPIOS INTEGRANTES DE REGIOES METROPOLITANAS OU DE REGIOES INTEGRADAS DE DESENVOLVIMENTO;SERVIÇOS URBANOS DE ÁGUA E ESGOTO;17 - Saneamento;Administração Pública Estadual ou do Distrito Federal;RN;NATAL;60687.97
8;2015;1N08 - APOIO A IMPLANTACAO, AMPLIACAO OU MELHORIAS DE SISTEMAS DE ESGOTAMENTO SANITARIO EM MUNICIPIOS COM POPULACAO SUPERIOR A 50 MIL HABITANTES OU MUNICIPIOS INTEGRANTES DE REGIOES METROPOLITANAS OU DE REGIOES INTEGRADAS DE DESENVOLVIMENTO;SERVIÇOS URBANOS DE ÁGUA E ESGOTO;17 - Saneamento;Administração Pública Estadual ou do Distrito Federal;RN;NATAL;145368.59
8;2015;10SC - APOIO A IMPLANTACAO, AMPLIACAO OU MELHORIAS EM SISTEMAS DE ABASTECIMENTO DE AGUA EM MUNICIPIOS COM POPULACAO SUPERIOR A 50 MIL HABITANTES OU MUNICIPIOS INTEGRANTES DE REGIOES METROPOLITANAS OU DE REGIOES INTEGRADAS DE DESENVOLVIMENTO;SANEAMENTO BASICO;17 - Saneamento;Administração Pública Municipal;RN;CEARÁ-MIRIM;363186.67
8;2015;10SC - APOIO A IMPLANTACAO, AMPLIACAO OU MELHORIAS EM SISTEMAS DE ABASTECIMENTO DE AGUA EM MUNICIPIOS COM POPULACAO SUPERIOR A 50 MIL HABITANTES OU MUNICIPIOS INTEGRANTES DE REGIOES METROPOLITANAS OU DE REGIOES INTEGRADAS DE DESENVOLVIMENTO;SANEAMENTO BASICO;17 - Saneamento;Administração Pública Municipal;RN;SÃO GONÇALO DO AMARANTE;2622256.57
10;2015;10SC - APOIO A IMPLANTACAO, AMPLIACAO OU MELHORIAS EM SISTEMAS DE ABASTECIMENTO DE AGUA EM MUNICIPIOS COM POPULACAO SUPERIOR A 50 MIL HABITANTES OU MUNICIPIOS INTEGRANTES DE REGIOES METROPOLITANAS OU DE REGIOES INTEGRADAS DE DESENVOLVIMENTO;SANEAMENTO BASICO;17 - Saneamento;Administração Pública Municipal;RN;SÃO GONÇALO DO AMARANTE;8296484.76
10;2015;1N08 - APOIO A IMPLANTACAO, AMPLIACAO OU MELHORIAS DE SISTEMAS DE ESGOTAMENTO SANITARIO EM MUNICIPIOS COM POPULACAO SUPERIOR A 50 MIL HABITANTES OU MUNICIPIOS INTEGRANTES DE REGIOES METROPOLITANAS OU DE REGIOES INTEGRADAS DE DESENVOLVIMENTO;SANEAMENTO BASICO;17 - Saneamento;Administração Pública Estadual ou do Distrito Federal;RN;NATAL;1954944.00
10;2015;10S5 - APOIO A EMPREENDIMENTOS DE SANEAMENTO INTEGRADO EM MUNICIPIOS COM POPULACAO SUPERIOR A 50 MIL HABITANTES OU MUNICIPIOS INTEGRANTES DE REGIOES METROPOLITANAS OU DE REGIOES INTEGRADAS DE DESENVOLVIMENTO;SERVIÇOS URBANOS DE ÁGUA E ESGOTO;17 - Saneamento;Administração Pública Municipal;RN;MOSSORÓ;117804.94
10;2015;10SC - APOIO A IMPLANTACAO, AMPLIACAO OU MELHORIAS EM SISTEMAS DE ABASTECIMENTO DE AGUA EM MUNICIPIOS COM POPULACAO SUPERIOR A 50 MIL HABITANTES OU MUNICIPIOS INTEGRANTES DE REGIOES METROPOLITANAS OU DE REGIOES INTEGRADAS DE DESENVOLVIMENTO;SANEAMENTO BASICO;17 - Saneamento;Administração Pública Estadual ou do Distrito Federal;RN;NATAL;1119701.94
11;2015;1N08 - APOIO A IMPLANTACAO, AMPLIACAO OU MELHORIAS DE SISTEMAS DE ESGOTAMENTO SANITARIO EM MUNICIPIOS COM POPULACAO SUPERIOR A 50 MIL HABITANTES OU MUNICIPIOS INTEGRANTES DE REGIOES METROPOLITANAS OU DE REGIOES INTEGRADAS DE DESENVOLVIMENTO;SANEAMENTO BASICO;17 - Saneamento;Administração Pública Estadual ou do Distrito Federal;RN;NATAL;1112578.24
11;2015;10SC - APOIO A IMPLANTACAO, AMPLIACAO OU MELHORIAS EM SISTEMAS DE ABASTECIMENTO DE AGUA EM MUNICIPIOS COM POPULACAO SUPERIOR A 50 MIL HABITANTES OU MUNICIPIOS INTEGRANTES DE REGIOES METROPOLITANAS OU DE REGIOES INTEGRADAS DE DESENVOLVIMENTO;SANEAMENTO BASICO;17 - Saneamento;Administração Pública Municipal;RN;SÃO GONÇALO DO AMARANTE;489925.13
11;2015;10S5 - APOIO A EMPREENDIMENTOS DE SANEAMENTO INTEGRADO EM MUNICIPIOS COM POPULACAO SUPERIOR A 50 MIL HABITANTES OU MUNICIPIOS INTEGRANTES DE REGIOES METROPOLITANAS OU DE REGIOES INTEGRADAS DE DESENVOLVIMENTO;SERVIÇOS URBANOS DE ÁGUA E ESGOTO;17 - Saneamento;Administração Pública Municipal;RN;MOSSORÓ;245761.53
11;2015;1N08 - APOIO A IMPLANTACAO, AMPLIACAO OU MELHORIAS DE SISTEMAS DE ESGOTAMENTO SANITARIO EM MUNICIPIOS COM POPULACAO SUPERIOR A 50 MIL HABITANTES OU MUNICIPIOS INTEGRANTES DE REGIOES METROPOLITANAS OU DE REGIOES INTEGRADAS DE DESENVOLVIMENTO;SERVIÇOS URBANOS DE ÁGUA E ESGOTO;17 - Saneamento;Administração Pública Municipal;RN;MOSSORÓ;41549.75
12;2015;10SC - APOIO A IMPLANTACAO, AMPLIACAO OU MELHORIAS EM SISTEMAS DE ABASTECIMENTO DE AGUA EM MUNICIPIOS COM POPULACAO SUPERIOR A 50 MIL HABITANTES OU MUNICIPIOS INTEGRANTES DE REGIOES METROPOLITANAS OU DE REGIOES INTEGRADAS DE DESENVOLVIMENTO;SANEAMENTO BASICO;17 - Saneamento;Administração Pública Municipal;RN;CEARÁ-MIRIM;662427.00
1;2016;10S5 - APOIO A EMPREENDIMENTOS DE SANEAMENTO INTEGRADO EM MUNICIPIOS COM POPULACAO SUPERIOR A 50 MIL HABITANTES OU MUNICIPIOS INTEGRANTES DE REGIOES METROPOLITANAS OU DE REGIOES INTEGRADAS DE DESENVOLVIMENTO;SERVIÇOS URBANOS DE ÁGUA E ESGOTO;17 - Saneamento;Administração Pública Municipal;RN;MOSSORÓ;100684.92
1;2016;1N08 - APOIO A IMPLANTACAO, AMPLIACAO OU MELHORIAS DE SISTEMAS DE ESGOTAMENTO SANITARIO EM MUNICIPIOS COM POPULACAO SUPERIOR A 50 MIL HABITANTES OU MUNICIPIOS INTEGRANTES DE REGIOES METROPOLITANAS OU DE REGIOES INTEGRADAS DE DESENVOLVIMENTO;SANEAMENTO BASICO;17 - Saneamento;Administração Pública Estadual ou do Distrito Federal;RN;NATAL;1838509.86
1;2016;1N08 - APOIO A IMPLANTACAO, AMPLIACAO OU MELHORIAS DE SISTEMAS DE ESGOTAMENTO SANITARIO EM MUNICIPIOS COM POPULACAO SUPERIOR A 50 MIL HABITANTES OU MUNICIPIOS INTEGRANTES DE REGIOES METROPOLITANAS OU DE REGIOES INTEGRADAS DE DESENVOLVIMENTO;SERVIÇOS URBANOS DE ÁGUA E ESGOTO;17 - Saneamento;Administração Pública Municipal;RN;MOSSORÓ;376485.84
1;2016;10SC - APOIO A IMPLANTACAO, AMPLIACAO OU MELHORIAS EM SISTEMAS DE ABASTECIMENTO DE AGUA EM MUNICIPIOS COM POPULACAO SUPERIOR A 50 MIL HABITANTES OU MUNICIPIOS INTEGRANTES DE REGIOES METROPOLITANAS OU DE REGIOES INTEGRADAS DE DESENVOLVIMENTO;SANEAMENTO BASICO;17 - Saneamento;Administração Pública Municipal;RN;SÃO GONÇALO DO AMARANTE;2763508.44
1;2016;10S5 - APOIO A EMPREENDIMENTOS DE SANEAMENTO INTEGRADO EM MUNICIPIOS COM POPULACAO SUPERIOR A 50 MIL HABITANTES OU MUNICIPIOS INTEGRANTES DE REGIOES METROPOLITANAS OU DE REGIOES INTEGRADAS DE DESENVOLVIMENTO;SANEAMENTO BASICO;17 - Saneamento;Administração Pública Municipal;RN;MOSSORÓ;83075.63
1;2016;10SC - APOIO A IMPLANTACAO, AMPLIACAO OU MELHORIAS EM SISTEMAS DE ABASTECIMENTO DE AGUA EM MUNICIPIOS COM POPULACAO SUPERIOR A 50 MIL HABITANTES OU MUNICIPIOS INTEGRANTES DE REGIOES METROPOLITANAS OU DE REGIOES INTEGRADAS DE DESENVOLVIMENTO;SANEAMENTO BASICO;17 - Saneamento;Administração Pública Municipal;RN;CEARÁ-MIRIM;340092.99
2;2016;10S5 - APOIO A EMPREENDIMENTOS DE SANEAMENTO INTEGRADO EM MUNICIPIOS COM POPULACAO SUPERIOR A 50 MIL HABITANTES OU MUNICIPIOS INTEGRANTES DE REGIOES METROPOLITANAS OU DE REGIOES INTEGRADAS DE DESENVOLVIMENTO;SANEAMENTO BASICO;17 - Saneamento;Administração Pública Municipal;RN;MOSSORÓ;244244.61
2;2016;10SC - APOIO A IMPLANTACAO, AMPLIACAO OU MELHORIAS EM SISTEMAS DE ABASTECIMENTO DE AGUA EM MUNICIPIOS COM POPULACAO SUPERIOR A 50 MIL HABITANTES OU MUNICIPIOS INTEGRANTES DE REGIOES METROPOLITANAS OU DE REGIOES INTEGRADAS DE DESENVOLVIMENTO;SANEAMENTO BASICO;17 - Saneamento;Administração Pública Estadual ou do Distrito Federal;RN;NATAL;437043.14
2;2016;1N08 - APOIO A IMPLANTACAO, AMPLIACAO OU MELHORIAS DE SISTEMAS DE ESGOTAMENTO SANITARIO EM MUNICIPIOS COM POPULACAO SUPERIOR A 50 MIL HABITANTES OU MUNICIPIOS INTEGRANTES DE REGIOES METROPOLITANAS OU DE REGIOES INTEGRADAS DE DESENVOLVIMENTO;SERVIÇOS URBANOS DE ÁGUA E ESGOTO;17 - Saneamento;Administração Pública Municipal;RN;MOSSORÓ;279155.21
2;2016;1N08 - APOIO A IMPLANTACAO, AMPLIACAO OU MELHORIAS DE SISTEMAS DE ESGOTAMENTO SANITARIO EM MUNICIPIOS COM POPULACAO SUPERIOR A 50 MIL HABITANTES OU MUNICIPIOS INTEGRANTES DE REGIOES METROPOLITANAS OU DE REGIOES INTEGRADAS DE DESENVOLVIMENTO;SANEAMENTO BASICO;17 - Saneamento;Administração Pública Estadual ou do Distrito Federal;RN;NATAL;320756.90
2;2016;10SC - APOIO A IMPLANTACAO, AMPLIACAO OU MELHORIAS EM SISTEMAS DE ABASTECIMENTO DE AGUA EM MUNICIPIOS COM POPULACAO SUPERIOR A 50 MIL HABITANTES OU MUNICIPIOS INTEGRANTES DE REGIOES METROPOLITANAS OU DE REGIOES INTEGRADAS DE DESENVOLVIMENTO;SANEAMENTO BASICO;17 - Saneamento;Administração Pública Municipal;RN;SÃO GONÇALO DO AMARANTE;4365322.00
3;2016;10SC - APOIO A IMPLANTACAO, AMPLIACAO OU MELHORIAS EM SISTEMAS DE ABASTECIMENTO DE AGUA EM MUNICIPIOS COM POPULACAO SUPERIOR A 50 MIL HABITANTES OU MUNICIPIOS INTEGRANTES DE REGIOES METROPOLITANAS OU DE REGIOES INTEGRADAS DE DESENVOLVIMENTO;SANEAMENTO BASICO;17 - Saneamento;Administração Pública Municipal;RN;CEARÁ-MIRIM;150770.68
3;2016;10S5 - APOIO A EMPREENDIMENTOS DE SANEAMENTO INTEGRADO EM MUNICIPIOS COM POPULACAO SUPERIOR A 50 MIL HABITANTES OU MUNICIPIOS INTEGRANTES DE REGIOES METROPOLITANAS OU DE REGIOES INTEGRADAS DE DESENVOLVIMENTO;SANEAMENTO BASICO;17 - Saneamento;Administração Pública Municipal;RN;MOSSORÓ;122771.65
3;2016;10SC - APOIO A IMPLANTACAO, AMPLIACAO OU MELHORIAS EM SISTEMAS DE ABASTECIMENTO DE AGUA EM MUNICIPIOS COM POPULACAO SUPERIOR A 50 MIL HABITANTES OU MUNICIPIOS INTEGRANTES DE REGIOES METROPOLITANAS OU DE REGIOES INTEGRADAS DE DESENVOLVIMENTO;SANEAMENTO BASICO;17 - Saneamento;Administração Pública Municipal;RN;SÃO GONÇALO DO AMARANTE;4000000.00
3;2016;10S5 - APOIO A EMPREENDIMENTOS DE SANEAMENTO INTEGRADO EM MUNICIPIOS COM POPULACAO SUPERIOR A 50 MIL HABITANTES OU MUNICIPIOS INTEGRANTES DE REGIOES METROPOLITANAS OU DE REGIOES INTEGRADAS DE DESENVOLVIMENTO;SERVIÇOS URBANOS DE ÁGUA E ESGOTO;17 - Saneamento;Administração Pública Municipal;RN;MOSSORÓ;197804.91
3;2016;1N08 - APOIO A IMPLANTACAO, AMPLIACAO OU MELHORIAS DE SISTEMAS DE ESGOTAMENTO SANITARIO EM MUNICIPIOS COM POPULACAO SUPERIOR A 50 MIL HABITANTES OU MUNICIPIOS INTEGRANTES DE REGIOES METROPOLITANAS OU DE REGIOES INTEGRADAS DE DESENVOLVIMENTO;SERVIÇOS URBANOS DE ÁGUA E ESGOTO;17 - Saneamento;Administração Pública Municipal;RN;MOSSORÓ;38994.69
3;2016;1N08 - APOIO A IMPLANTACAO, AMPLIACAO OU MELHORIAS DE SISTEMAS DE ESGOTAMENTO SANITARIO EM MUNICIPIOS COM POPULACAO SUPERIOR A 50 MIL HABITANTES OU MUNICIPIOS INTEGRANTES DE REGIOES METROPOLITANAS OU DE REGIOES INTEGRADAS DE DESENVOLVIMENTO;SANEAMENTO BASICO;17 - Saneamento;Administração Pública Estadual ou do Distrito Federal;RN;NATAL;21789506.38
4;2016;1N08 - APOIO A IMPLANTACAO, AMPLIACAO OU MELHORIAS DE SISTEMAS DE ESGOTAMENTO SANITARIO EM MUNICIPIOS COM POPULACAO SUPERIOR A 50 MIL HABITANTES OU MUNICIPIOS INTEGRANTES DE REGIOES METROPOLITANAS OU DE REGIOES INTEGRADAS DE DESENVOLVIMENTO;SANEAMENTO BASICO;17 - Saneamento;Administração Pública Estadual ou do Distrito Federal;RN;NATAL;1171347.12
4;2016;10SC - APOIO A IMPLANTACAO, AMPLIACAO OU MELHORIAS EM SISTEMAS DE ABASTECIMENTO DE AGUA EM MUNICIPIOS COM POPULACAO SUPERIOR A 50 MIL HABITANTES OU MUNICIPIOS INTEGRANTES DE REGIOES METROPOLITANAS OU DE REGIOES INTEGRADAS DE DESENVOLVIMENTO;SANEAMENTO BASICO;17 - Saneamento;Administração Pública Municipal;RN;CEARÁ-MIRIM;152634.53
4;2016;1N08 - APOIO A IMPLANTACAO, AMPLIACAO OU MELHORIAS DE SISTEMAS DE ESGOTAMENTO SANITARIO EM MUNICIPIOS COM POPULACAO SUPERIOR A 50 MIL HABITANTES OU MUNICIPIOS INTEGRANTES DE REGIOES METROPOLITANAS OU DE REGIOES INTEGRADAS DE DESENVOLVIMENTO;SERVIÇOS URBANOS DE ÁGUA E ESGOTO;17 - Saneamento;Administração Pública Municipal;RN;MOSSORÓ;37188.22
4;2016;10SC - APOIO A IMPLANTACAO, AMPLIACAO OU MELHORIAS EM SISTEMAS DE ABASTECIMENTO DE AGUA EM MUNICIPIOS COM POPULACAO SUPERIOR A 50 MIL HABITANTES OU MUNICIPIOS INTEGRANTES DE REGIOES METROPOLITANAS OU DE REGIOES INTEGRADAS DE DESENVOLVIMENTO;SERVIÇOS URBANOS DE ÁGUA E ESGOTO;17 - Saneamento;Administração Pública Estadual ou do Distrito Federal;RN;NATAL;83818.85
4;2016;10SC - APOIO A IMPLANTACAO, AMPLIACAO OU MELHORIAS EM SISTEMAS DE ABASTECIMENTO DE AGUA EM MUNICIPIOS COM POPULACAO SUPERIOR A 50 MIL HABITANTES OU MUNICIPIOS INTEGRANTES DE REGIOES METROPOLITANAS OU DE REGIOES INTEGRADAS DE DESENVOLVIMENTO;SANEAMENTO BASICO;17 - Saneamento;Administração Pública Estadual ou do Distrito Federal;RN;NATAL;3281108.04
4;2016;10S5 - APOIO A EMPREENDIMENTOS DE SANEAMENTO INTEGRADO EM MUNICIPIOS COM POPULACAO SUPERIOR A 50 MIL HABITANTES OU MUNICIPIOS INTEGRANTES DE REGIOES METROPOLITANAS OU DE REGIOES INTEGRADAS DE DESENVOLVIMENTO;SANEAMENTO BASICO;17 - Saneamento;Administração Pública Municipal;RN;MOSSORÓ;2067837.10
5;2016;1P95 - APOIO A ELABORACAO DE PLANOS E PROJETOS DE SANEAMENTO EM MUNICIPIOS COM POPULACAO SUPERIOR A 50 MIL HABITANTES OU INTEGRANTES DE REGIOES METROPOLITANAS OU DE REGIOES INTEGRADAS DE DESENVOLVIMENTO;FORTALECIMENTO DA GESTÃO URBANA;17 - Saneamento;Administração Pública Municipal;RN;PARNAMIRIM;23132.56
5;2016;1N08 - APOIO A IMPLANTACAO, AMPLIACAO OU MELHORIAS DE SISTEMAS DE ESGOTAMENTO SANITARIO EM MUNICIPIOS COM POPULACAO SUPERIOR A 50 MIL HABITANTES OU MUNICIPIOS INTEGRANTES DE REGIOES METROPOLITANAS OU DE REGIOES INTEGRADAS DE DESENVOLVIMENTO;SERVIÇOS URBANOS DE ÁGUA E ESGOTO;17 - Saneamento;Administração Pública Municipal;RN;MOSSORÓ;23500.99
5;2016;1P95 - APOIO A ELABORACAO DE PLANOS E PROJETOS DE SANEAMENTO EM MUNICIPIOS COM POPULACAO SUPERIOR A 50 MIL HABITANTES OU INTEGRANTES DE REGIOES METROPOLITANAS OU DE REGIOES INTEGRADAS DE DESENVOLVIMENTO;SANEAMENTO BASICO;17 - Saneamento;Administração Pública Municipal;RN;PARNAMIRIM;186380.23
5;2016;1N08 - APOIO A IMPLANTACAO, AMPLIACAO OU MELHORIAS DE SISTEMAS DE ESGOTAMENTO SANITARIO EM MUNICIPIOS COM POPULACAO SUPERIOR A 50 MIL HABITANTES OU MUNICIPIOS INTEGRANTES DE REGIOES METROPOLITANAS OU DE REGIOES INTEGRADAS DE DESENVOLVIMENTO;SANEAMENTO BASICO;17 - Saneamento;Administração Pública Estadual ou do Distrito Federal;RN;NATAL;8242275.29
5;2016;10SC - APOIO A IMPLANTACAO, AMPLIACAO OU MELHORIAS EM SISTEMAS DE ABASTECIMENTO DE AGUA EM MUNICIPIOS COM POPULACAO SUPERIOR A 50 MIL HABITANTES OU MUNICIPIOS INTEGRANTES DE REGIOES METROPOLITANAS OU DE REGIOES INTEGRADAS DE DESENVOLVIMENTO;SANEAMENTO BASICO;17 - Saneamento;Administração Pública Municipal;RN;SÃO GONÇALO DO AMARANTE;79874.36
5;2016;10SC - APOIO A IMPLANTACAO, AMPLIACAO OU MELHORIAS EM SISTEMAS DE ABASTECIMENTO DE AGUA EM MUNICIPIOS COM POPULACAO SUPERIOR A 50 MIL HABITANTES OU MUNICIPIOS INTEGRANTES DE REGIOES METROPOLITANAS OU DE REGIOES INTEGRADAS DE DESENVOLVIMENTO;SANEAMENTO BASICO;17 - Saneamento;Administração Pública Municipal;RN;CEARÁ-MIRIM;243481.13
7;2016;10SC - APOIO A IMPLANTACAO, AMPLIACAO OU MELHORIAS EM SISTEMAS DE ABASTECIMENTO DE AGUA EM MUNICIPIOS COM POPULACAO SUPERIOR A 50 MIL HABITANTES OU MUNICIPIOS INTEGRANTES DE REGIOES METROPOLITANAS OU DE REGIOES INTEGRADAS DE DESENVOLVIMENTO;SANEAMENTO BASICO;17 - Saneamento;Administração Pública Municipal;RN;SÃO GONÇALO DO AMARANTE;1928939.17
7;2016;10SC - APOIO A IMPLANTACAO, AMPLIACAO OU MELHORIAS EM SISTEMAS DE ABASTECIMENTO DE AGUA EM MUNICIPIOS COM POPULACAO SUPERIOR A 50 MIL HABITANTES OU MUNICIPIOS INTEGRANTES DE REGIOES METROPOLITANAS OU DE REGIOES INTEGRADAS DE DESENVOLVIMENTO;SANEAMENTO BASICO;17 - Saneamento;Administração Pública Municipal;RN;CEARÁ-MIRIM;418987.17
7;2016;10S5 - APOIO A EMPREENDIMENTOS DE SANEAMENTO INTEGRADO EM MUNICIPIOS COM POPULACAO SUPERIOR A 50 MIL HABITANTES OU MUNICIPIOS INTEGRANTES DE REGIOES METROPOLITANAS OU DE REGIOES INTEGRADAS DE DESENVOLVIMENTO;SANEAMENTO BASICO;17 - Saneamento;Administração Pública Municipal;RN;NATAL;1369428.95
7;2016;10SC - APOIO A IMPLANTACAO, AMPLIACAO OU MELHORIAS EM SISTEMAS DE ABASTECIMENTO DE AGUA EM MUNICIPIOS COM POPULACAO SUPERIOR A 50 MIL HABITANTES OU MUNICIPIOS INTEGRANTES DE REGIOES METROPOLITANAS OU DE REGIOES INTEGRADAS DE DESENVOLVIMENTO;SERVIÇOS URBANOS DE ÁGUA E ESGOTO;17 - Saneamento;Administração Pública Estadual ou do Distrito Federal;RN;NATAL;239505.16
7;2016;1N08 - APOIO A IMPLANTACAO, AMPLIACAO OU MELHORIAS DE SISTEMAS DE ESGOTAMENTO SANITARIO EM MUNICIPIOS COM POPULACAO SUPERIOR A 50 MIL HABITANTES OU MUNICIPIOS INTEGRANTES DE REGIOES METROPOLITANAS OU DE REGIOES INTEGRADAS DE DESENVOLVIMENTO;SANEAMENTO BASICO;17 - Saneamento;Administração Pública Estadual ou do Distrito Federal;RN;NATAL;13842218.73
7;2016;1P95 - APOIO A ELABORACAO DE PLANOS E PROJETOS DE SANEAMENTO EM MUNICIPIOS COM POPULACAO SUPERIOR A 50 MIL HABITANTES OU INTEGRANTES DE REGIOES METROPOLITANAS OU DE REGIOES INTEGRADAS DE DESENVOLVIMENTO;FORTALECIMENTO DA GESTÃO URBANA;17 - Saneamento;Administração Pública Municipal;RN;CEARÁ-MIRIM;13312.39
7;2016;1N08 - APOIO A IMPLANTACAO, AMPLIACAO OU MELHORIAS DE SISTEMAS DE ESGOTAMENTO SANITARIO EM MUNICIPIOS COM POPULACAO SUPERIOR A 50 MIL HABITANTES OU MUNICIPIOS INTEGRANTES DE REGIOES METROPOLITANAS OU DE REGIOES INTEGRADAS DE DESENVOLVIMENTO;SERVIÇOS URBANOS DE ÁGUA E ESGOTO;17 - Saneamento;Administração Pública Municipal;RN;MOSSORÓ;459323.68
7;2016;10SC - APOIO A IMPLANTACAO, AMPLIACAO OU MELHORIAS EM SISTEMAS DE ABASTECIMENTO DE AGUA EM MUNICIPIOS COM POPULACAO SUPERIOR A 50 MIL HABITANTES OU MUNICIPIOS INTEGRANTES DE REGIOES METROPOLITANAS OU DE REGIOES INTEGRADAS DE DESENVOLVIMENTO;SANEAMENTO BASICO;17 - Saneamento;Administração Pública Estadual ou do Distrito Federal;RN;NATAL;5945953.60
7;2016;10S5 - APOIO A EMPREENDIMENTOS DE SANEAMENTO INTEGRADO EM MUNICIPIOS COM POPULACAO SUPERIOR A 50 MIL HABITANTES OU MUNICIPIOS INTEGRANTES DE REGIOES METROPOLITANAS OU DE REGIOES INTEGRADAS DE DESENVOLVIMENTO;SERVIÇOS URBANOS DE ÁGUA E ESGOTO;17 - Saneamento;Administração Pública Municipal;RN;MOSSORÓ;320963.19
7;2016;1P95 - APOIO A ELABORACAO DE PLANOS E PROJETOS DE SANEAMENTO EM MUNICIPIOS COM POPULACAO SUPERIOR A 50 MIL HABITANTES OU INTEGRANTES DE REGIOES METROPOLITANAS OU DE REGIOES INTEGRADAS DE DESENVOLVIMENTO;SANEAMENTO BASICO;17 - Saneamento;Administração Pública Municipal;RN;CEARÁ-MIRIM;57317.33
9;2016;1P95 - APOIO A ELABORACAO DE PLANOS E PROJETOS DE SANEAMENTO EM MUNICIPIOS COM POPULACAO SUPERIOR A 50 MIL HABITANTES OU INTEGRANTES DE REGIOES METROPOLITANAS OU DE REGIOES INTEGRADAS DE DESENVOLVIMENTO;SANEAMENTO BASICO;17 - Saneamento;Administração Pública Municipal;RN;CEARÁ-MIRIM;35.28
9;2016;10SC - APOIO A IMPLANTACAO, AMPLIACAO OU MELHORIAS EM SISTEMAS DE ABASTECIMENTO DE AGUA EM MUNICIPIOS COM POPULACAO SUPERIOR A 50 MIL HABITANTES OU MUNICIPIOS INTEGRANTES DE REGIOES METROPOLITANAS OU DE REGIOES INTEGRADAS DE DESENVOLVIMENTO;SANEAMENTO BASICO;17 - Saneamento;Administração Pública Municipal;RN;CEARÁ-MIRIM;282420.75
9;2016;1N08 - APOIO A IMPLANTACAO, AMPLIACAO OU MELHORIAS DE SISTEMAS DE ESGOTAMENTO SANITARIO EM MUNICIPIOS COM POPULACAO SUPERIOR A 50 MIL HABITANTES OU MUNICIPIOS INTEGRANTES DE REGIOES METROPOLITANAS OU DE REGIOES INTEGRADAS DE DESENVOLVIMENTO;SANEAMENTO BASICO;17 - Saneamento;Administração Pública Estadual ou do Distrito Federal;RN;NATAL;7527579.93
9;2016;10SC - APOIO A IMPLANTACAO, AMPLIACAO OU MELHORIAS EM SISTEMAS DE ABASTECIMENTO DE AGUA EM MUNICIPIOS COM POPULACAO SUPERIOR A 50 MIL HABITANTES OU MUNICIPIOS INTEGRANTES DE REGIOES METROPOLITANAS OU DE REGIOES INTEGRADAS DE DESENVOLVIMENTO;SANEAMENTO BASICO;17 - Saneamento;Administração Pública Municipal;RN;SÃO GONÇALO DO AMARANTE;478439.29
9;2016;10SC - APOIO A IMPLANTACAO, AMPLIACAO OU MELHORIAS EM SISTEMAS DE ABASTECIMENTO DE AGUA EM MUNICIPIOS COM POPULACAO SUPERIOR A 50 MIL HABITANTES OU MUNICIPIOS INTEGRANTES DE REGIOES METROPOLITANAS OU DE REGIOES INTEGRADAS DE DESENVOLVIMENTO;SERVIÇOS URBANOS DE ÁGUA E ESGOTO;17 - Saneamento;Administração Pública Estadual ou do Distrito Federal;RN;NATAL;237740.62
10;2016;10SC - APOIO A IMPLANTACAO, AMPLIACAO OU MELHORIAS EM SISTEMAS DE ABASTECIMENTO DE AGUA EM MUNICIPIOS COM POPULACAO SUPERIOR A 50 MIL HABITANTES OU MUNICIPIOS INTEGRANTES DE REGIOES METROPOLITANAS OU DE REGIOES INTEGRADAS DE DESENVOLVIMENTO;SANEAMENTO BASICO;17 - Saneamento;Administração Pública Municipal;RN;SÃO GONÇALO DO AMARANTE;485700.95
10;2016;1N08 - APOIO A IMPLANTACAO, AMPLIACAO OU MELHORIAS DE SISTEMAS DE ESGOTAMENTO SANITARIO EM MUNICIPIOS COM POPULACAO SUPERIOR A 50 MIL HABITANTES OU MUNICIPIOS INTEGRANTES DE REGIOES METROPOLITANAS OU DE REGIOES INTEGRADAS DE DESENVOLVIMENTO;SANEAMENTO BASICO;17 - Saneamento;Administração Pública Estadual ou do Distrito Federal;RN;NATAL;2545539.09
11;2016;1N08 - APOIO A IMPLANTACAO, AMPLIACAO OU MELHORIAS DE SISTEMAS DE ESGOTAMENTO SANITARIO EM MUNICIPIOS COM POPULACAO SUPERIOR A 50 MIL HABITANTES OU MUNICIPIOS INTEGRANTES DE REGIOES METROPOLITANAS OU DE REGIOES INTEGRADAS DE DESENVOLVIMENTO;SERVIÇOS URBANOS DE ÁGUA E ESGOTO;17 - Saneamento;Administração Pública Estadual ou do Distrito Federal;RN;NATAL;28909.34
11;2016;10SC - APOIO A IMPLANTACAO, AMPLIACAO OU MELHORIAS EM SISTEMAS DE ABASTECIMENTO DE AGUA EM MUNICIPIOS COM POPULACAO SUPERIOR A 50 MIL HABITANTES OU MUNICIPIOS INTEGRANTES DE REGIOES METROPOLITANAS OU DE REGIOES INTEGRADAS DE DESENVOLVIMENTO;SERVIÇOS URBANOS DE ÁGUA E ESGOTO;17 - Saneamento;Administração Pública Estadual ou do Distrito Federal;RN;NATAL;450587.24
11;2016;1N08 - APOIO A IMPLANTACAO, AMPLIACAO OU MELHORIAS DE SISTEMAS DE ESGOTAMENTO SANITARIO EM MUNICIPIOS COM POPULACAO SUPERIOR A 50 MIL HABITANTES OU MUNICIPIOS INTEGRANTES DE REGIOES METROPOLITANAS OU DE REGIOES INTEGRADAS DE DESENVOLVIMENTO;SERVIÇOS URBANOS DE ÁGUA E ESGOTO;17 - Saneamento;Administração Pública Municipal;RN;MOSSORÓ;917247.00
11;2016;10SC - APOIO A IMPLANTACAO, AMPLIACAO OU MELHORIAS EM SISTEMAS DE ABASTECIMENTO DE AGUA EM MUNICIPIOS COM POPULACAO SUPERIOR A 50 MIL HABITANTES OU MUNICIPIOS INTEGRANTES DE REGIOES METROPOLITANAS OU DE REGIOES INTEGRADAS DE DESENVOLVIMENTO;SANEAMENTO BASICO;17 - Saneamento;Administração Pública Municipal;RN;SÃO GONÇALO DO AMARANTE;223047.33
11;2016;10S5 - APOIO A EMPREENDIMENTOS DE SANEAMENTO INTEGRADO EM MUNICIPIOS COM POPULACAO SUPERIOR A 50 MIL HABITANTES OU MUNICIPIOS INTEGRANTES DE REGIOES METROPOLITANAS OU DE REGIOES INTEGRADAS DE DESENVOLVIMENTO;SERVIÇOS URBANOS DE ÁGUA E ESGOTO;17 - Saneamento;Administração Pública Municipal;RN;MOSSORÓ;32227.08
11;2016;1N08 - APOIO A IMPLANTACAO, AMPLIACAO OU MELHORIAS DE SISTEMAS DE ESGOTAMENTO SANITARIO EM MUNICIPIOS COM POPULACAO SUPERIOR A 50 MIL HABITANTES OU MUNICIPIOS INTEGRANTES DE REGIOES METROPOLITANAS OU DE REGIOES INTEGRADAS DE DESENVOLVIMENTO;SANEAMENTO BASICO;17 - Saneamento;Administração Pública Estadual ou do Distrito Federal;RN;NATAL;1811293.94
11;2016;10S5 - APOIO A EMPREENDIMENTOS DE SANEAMENTO INTEGRADO EM MUNICIPIOS COM POPULACAO SUPERIOR A 50 MIL HABITANTES OU MUNICIPIOS INTEGRANTES DE REGIOES METROPOLITANAS OU DE REGIOES INTEGRADAS DE DESENVOLVIMENTO;SANEAMENTO BASICO;17 - Saneamento;Administração Pública Municipal;RN;MOSSORÓ;965999.91
12;2016;10S5 - APOIO A EMPREENDIMENTOS DE SANEAMENTO INTEGRADO EM MUNICIPIOS COM POPULACAO SUPERIOR A 50 MIL HABITANTES OU MUNICIPIOS INTEGRANTES DE REGIOES METROPOLITANAS OU DE REGIOES INTEGRADAS DE DESENVOLVIMENTO;SANEAMENTO BASICO;17 - Saneamento;Administração Pública Municipal;RN;NATAL;61139.84
12;2016;1N08 - APOIO A IMPLANTACAO, AMPLIACAO OU MELHORIAS DE SISTEMAS DE ESGOTAMENTO SANITARIO EM MUNICIPIOS COM POPULACAO SUPERIOR A 50 MIL HABITANTES OU MUNICIPIOS INTEGRANTES DE REGIOES METROPOLITANAS OU DE REGIOES INTEGRADAS DE DESENVOLVIMENTO;SANEAMENTO BASICO;17 - Saneamento;Administração Pública Estadual ou do Distrito Federal;RN;NATAL;14484485.91
12;2016;10SC - APOIO A IMPLANTACAO, AMPLIACAO OU MELHORIAS EM SISTEMAS DE ABASTECIMENTO DE AGUA EM MUNICIPIOS COM POPULACAO SUPERIOR A 50 MIL HABITANTES OU MUNICIPIOS INTEGRANTES DE REGIOES METROPOLITANAS OU DE REGIOES INTEGRADAS DE DESENVOLVIMENTO;SANEAMENTO BASICO;17 - Saneamento;Administração Pública Municipal;RN;SÃO GONÇALO DO AMARANTE;815108.29
1;2017;1N08 - APOIO A IMPLANTACAO, AMPLIACAO OU MELHORIAS DE SISTEMAS DE ESGOTAMENTO SANITARIO EM MUNICIPIOS COM POPULACAO SUPERIOR A 50 MIL HABITANTES OU MUNICIPIOS INTEGRANTES DE REGIOES METROPOLITANAS OU DE REGIOES INTEGRADAS DE DESENVOLVIMENTO;SANEAMENTO BASICO;17 - Saneamento;Administração Pública Estadual ou do Distrito Federal;RN;NATAL;732261.92
2;2017;1N08 - APOIO A IMPLANTACAO, AMPLIACAO OU MELHORIAS DE SISTEMAS DE ESGOTAMENTO SANITARIO EM MUNICIPIOS COM POPULACAO SUPERIOR A 50 MIL HABITANTES OU MUNICIPIOS INTEGRANTES DE REGIOES METROPOLITANAS OU DE REGIOES INTEGRADAS DE DESENVOLVIMENTO;SANEAMENTO BASICO;17 - Saneamento;Administração Pública Estadual ou do Distrito Federal;RN;NATAL;4212333.33
2;2017;10SC - APOIO A IMPLANTACAO, AMPLIACAO OU MELHORIAS EM SISTEMAS DE ABASTECIMENTO DE AGUA EM MUNICIPIOS COM POPULACAO SUPERIOR A 50 MIL HABITANTES OU MUNICIPIOS INTEGRANTES DE REGIOES METROPOLITANAS OU DE REGIOES INTEGRADAS DE DESENVOLVIMENTO;SANEAMENTO BASICO;17 - Saneamento;Administração Pública Estadual ou do Distrito Federal;RN;NATAL;1406729.40
2;2017;1P95 - APOIO A ELABORACAO DE PLANOS E PROJETOS DE SANEAMENTO EM MUNICIPIOS COM POPULACAO SUPERIOR A 50 MIL HABITANTES OU INTEGRANTES DE REGIOES METROPOLITANAS OU DE REGIOES INTEGRADAS DE DESENVOLVIMENTO;SANEAMENTO BASICO;17 - Saneamento;Administração Pública Municipal;RN;PARNAMIRIM;316561.60
2;2017;10SC - APOIO A IMPLANTACAO, AMPLIACAO OU MELHORIAS EM SISTEMAS DE ABASTECIMENTO DE AGUA EM MUNICIPIOS COM POPULACAO SUPERIOR A 50 MIL HABITANTES OU MUNICIPIOS INTEGRANTES DE REGIOES METROPOLITANAS OU DE REGIOES INTEGRADAS DE DESENVOLVIMENTO;SANEAMENTO BASICO;17 - Saneamento;Administração Pública Municipal;RN;SÃO GONÇALO DO AMARANTE;355392.27
2;2017;1N08 - APOIO A IMPLANTACAO, AMPLIACAO OU MELHORIAS DE SISTEMAS DE ESGOTAMENTO SANITARIO EM MUNICIPIOS COM POPULACAO SUPERIOR A 50 MIL HABITANTES OU MUNICIPIOS INTEGRANTES DE REGIOES METROPOLITANAS OU DE REGIOES INTEGRADAS DE DESENVOLVIMENTO;SERVIÇOS URBANOS DE ÁGUA E ESGOTO;17 - Saneamento;Administração Pública Estadual ou do Distrito Federal;RN;NATAL;61352.35
3;2017;1N08 - APOIO A IMPLANTACAO, AMPLIACAO OU MELHORIAS DE SISTEMAS DE ESGOTAMENTO SANITARIO EM MUNICIPIOS COM POPULACAO SUPERIOR A 50 MIL HABITANTES OU MUNICIPIOS INTEGRANTES DE REGIOES METROPOLITANAS OU DE REGIOES INTEGRADAS DE DESENVOLVIMENTO;SANEAMENTO BASICO;17 - Saneamento;Administração Pública Estadual ou do Distrito Federal;RN;NATAL;7199242.47
4;2017;1N08 - APOIO A IMPLANTACAO, AMPLIACAO OU MELHORIAS DE SISTEMAS DE ESGOTAMENTO SANITARIO EM MUNICIPIOS COM POPULACAO SUPERIOR A 50 MIL HABITANTES OU MUNICIPIOS INTEGRANTES DE REGIOES METROPOLITANAS OU DE REGIOES INTEGRADAS DE DESENVOLVIMENTO;SANEAMENTO BASICO;17 - Saneamento;Administração Pública Estadual ou do Distrito Federal;RN;NATAL;10370105.19
4;2017;1N08 - APOIO A IMPLANTACAO, AMPLIACAO OU MELHORIAS DE SISTEMAS DE ESGOTAMENTO SANITARIO EM MUNICIPIOS COM POPULACAO SUPERIOR A 50 MIL HABITANTES OU MUNICIPIOS INTEGRANTES DE REGIOES METROPOLITANAS OU DE REGIOES INTEGRADAS DE DESENVOLVIMENTO;SERVIÇOS URBANOS DE ÁGUA E ESGOTO;17 - Saneamento;Administração Pública Estadual ou do Distrito Federal;RN;NATAL;130094.74
4;2017;10SC - APOIO A IMPLANTACAO, AMPLIACAO OU MELHORIAS EM SISTEMAS DE ABASTECIMENTO DE AGUA EM MUNICIPIOS COM POPULACAO SUPERIOR A 50 MIL HABITANTES OU MUNICIPIOS INTEGRANTES DE REGIOES METROPOLITANAS OU DE REGIOES INTEGRADAS DE DESENVOLVIMENTO;SANEAMENTO BASICO;17 - Saneamento;Administração Pública Estadual ou do Distrito Federal;RN;NATAL;7500000.00
5;2017;1N08 - APOIO A IMPLANTACAO, AMPLIACAO OU MELHORIAS DE SISTEMAS DE ESGOTAMENTO SANITARIO EM MUNICIPIOS COM POPULACAO SUPERIOR A 50 MIL HABITANTES OU MUNICIPIOS INTEGRANTES DE REGIOES METROPOLITANAS OU DE REGIOES INTEGRADAS DE DESENVOLVIMENTO;SANEAMENTO BASICO;17 - Saneamento;Administração Pública Estadual ou do Distrito Federal;RN;NATAL;690442.94
6;2017;10S5 - APOIO A EMPREENDIMENTOS DE SANEAMENTO INTEGRADO EM MUNICIPIOS COM POPULACAO SUPERIOR A 50 MIL HABITANTES OU MUNICIPIOS INTEGRANTES DE REGIOES METROPOLITANAS OU DE REGIOES INTEGRADAS DE DESENVOLVIMENTO;SANEAMENTO BASICO;17 - Saneamento;Administração Pública Municipal;RN;NATAL;2137578.97
6;2017;1N08 - APOIO A IMPLANTACAO, AMPLIACAO OU MELHORIAS DE SISTEMAS DE ESGOTAMENTO SANITARIO EM MUNICIPIOS COM POPULACAO SUPERIOR A 50 MIL HABITANTES OU MUNICIPIOS INTEGRANTES DE REGIOES METROPOLITANAS OU DE REGIOES INTEGRADAS DE DESENVOLVIMENTO;SANEAMENTO BASICO;17 - Saneamento;Administração Pública Estadual ou do Distrito Federal;RN;NATAL;231989.34
7;2017;1N08 - APOIO A IMPLANTACAO, AMPLIACAO OU MELHORIAS DE SISTEMAS DE ESGOTAMENTO SANITARIO EM MUNICIPIOS COM POPULACAO SUPERIOR A 50 MIL HABITANTES OU MUNICIPIOS INTEGRANTES DE REGIOES METROPOLITANAS OU DE REGIOES INTEGRADAS DE DESENVOLVIMENTO;SANEAMENTO BASICO;17 - Saneamento;Administração Pública Estadual ou do Distrito Federal;RN;NATAL;4871372.99
8;2017;1N08 - APOIO A IMPLANTACAO, AMPLIACAO OU MELHORIAS DE SISTEMAS DE ESGOTAMENTO SANITARIO EM MUNICIPIOS COM POPULACAO SUPERIOR A 50 MIL HABITANTES OU MUNICIPIOS INTEGRANTES DE REGIOES METROPOLITANAS OU DE REGIOES INTEGRADAS DE DESENVOLVIMENTO;SANEAMENTO BASICO;17 - Saneamento;Administração Pública Estadual ou do Distrito Federal;RN;NATAL;8164574.05
9;2017;1N08 - APOIO A IMPLANTACAO, AMPLIACAO OU MELHORIAS DE SISTEMAS DE ESGOTAMENTO SANITARIO EM MUNICIPIOS COM POPULACAO SUPERIOR A 50 MIL HABITANTES OU MUNICIPIOS INTEGRANTES DE REGIOES METROPOLITANAS OU DE REGIOES INTEGRADAS DE DESENVOLVIMENTO;SANEAMENTO BASICO;17 - Saneamento;Administração Pública Estadual ou do Distrito Federal;RN;NATAL;8109640.71
9;2017;10S5 - APOIO A EMPREENDIMENTOS DE SANEAMENTO INTEGRADO EM MUNICIPIOS COM POPULACAO SUPERIOR A 50 MIL HABITANTES OU MUNICIPIOS INTEGRANTES DE REGIOES METROPOLITANAS OU DE REGIOES INTEGRADAS DE DESENVOLVIMENTO;SANEAMENTO BASICO;17 - Saneamento;Administração Pública Municipal;RN;NATAL;567632.22
10;2017;10S5 - APOIO A EMPREENDIMENTOS DE SANEAMENTO INTEGRADO EM MUNICIPIOS COM POPULACAO SUPERIOR A 50 MIL HABITANTES OU MUNICIPIOS INTEGRANTES DE REGIOES METROPOLITANAS OU DE REGIOES INTEGRADAS DE DESENVOLVIMENTO;SANEAMENTO BASICO;17 - Saneamento;Administração Pública Municipal;RN;NATAL;1220539.01
10;2017;1N08 - APOIO A IMPLANTACAO, AMPLIACAO OU MELHORIAS DE SISTEMAS DE ESGOTAMENTO SANITARIO EM MUNICIPIOS COM POPULACAO SUPERIOR A 50 MIL HABITANTES OU MUNICIPIOS INTEGRANTES DE REGIOES METROPOLITANAS OU DE REGIOES INTEGRADAS DE DESENVOLVIMENTO;SANEAMENTO BASICO;17 - Saneamento;Administração Pública Estadual ou do Distrito Federal;RN;NATAL;3904001.03
10;2017;1N08 - APOIO A IMPLANTACAO, AMPLIACAO OU MELHORIAS DE SISTEMAS DE ESGOTAMENTO SANITARIO EM MUNICIPIOS COM POPULACAO SUPERIOR A 50 MIL HABITANTES OU MUNICIPIOS INTEGRANTES DE REGIOES METROPOLITANAS OU DE REGIOES INTEGRADAS DE DESENVOLVIMENTO;SERVIÇOS URBANOS DE ÁGUA E ESGOTO;17 - Saneamento;Administração Pública Estadual ou do Distrito Federal;RN;NATAL;356525.71
11;2017;10S5 - APOIO A EMPREENDIMENTOS DE SANEAMENTO INTEGRADO EM MUNICIPIOS COM POPULACAO SUPERIOR A 50 MIL HABITANTES OU MUNICIPIOS INTEGRANTES DE REGIOES METROPOLITANAS OU DE REGIOES INTEGRADAS DE DESENVOLVIMENTO;SANEAMENTO BASICO;17 - Saneamento;Administração Pública Municipal;RN;NATAL;2154172.69
12;2017;1N08 - APOIO A IMPLANTACAO, AMPLIACAO OU MELHORIAS DE SISTEMAS DE ESGOTAMENTO SANITARIO EM MUNICIPIOS COM POPULACAO SUPERIOR A 50 MIL HABITANTES OU MUNICIPIOS INTEGRANTES DE REGIOES METROPOLITANAS OU DE REGIOES INTEGRADAS DE DESENVOLVIMENTO;SERVIÇOS URBANOS DE ÁGUA E ESGOTO;17 - Saneamento;Administração Pública Estadual ou do Distrito Federal;RN;NATAL;509366.18
12;2017;1N08 - APOIO A IMPLANTACAO, AMPLIACAO OU MELHORIAS DE SISTEMAS DE ESGOTAMENTO SANITARIO EM MUNICIPIOS COM POPULACAO SUPERIOR A 50 MIL HABITANTES OU MUNICIPIOS INTEGRANTES DE REGIOES METROPOLITANAS OU DE REGIOES INTEGRADAS DE DESENVOLVIMENTO;SANEAMENTO BASICO;17 - Saneamento;Administração Pública Estadual ou do Distrito Federal;RN;NATAL;33071376.47
12;2017;10S5 - APOIO A EMPREENDIMENTOS DE SANEAMENTO INTEGRADO EM MUNICIPIOS COM POPULACAO SUPERIOR A 50 MIL HABITANTES OU MUNICIPIOS INTEGRANTES DE REGIOES METROPOLITANAS OU DE REGIOES INTEGRADAS DE DESENVOLVIMENTO;SANEAMENTO BASICO;17 - Saneamento;Administração Pública Municipal;RN;NATAL;14658549.32
4;2018;10SC - APOIO A IMPLANTACAO, AMPLIACAO OU MELHORIAS EM SISTEMAS DE ABASTECIMENTO DE AGUA EM MUNICIPIOS COM POPULACAO SUPERIOR A 50 MIL HABITANTES OU MUNICIPIOS INTEGRANTES DE REGIOES METROPOLITANAS OU DE REGIOES INTEGRADAS DE DESENVOLVIMENTO;SANEAMENTO BASICO;17 - Saneamento;Administração Pública Estadual ou do Distrito Federal;RN;NATAL;3826576.45
5;2018;10SC - APOIO A IMPLANTACAO, AMPLIACAO OU MELHORIAS EM SISTEMAS DE ABASTECIMENTO DE AGUA EM MUNICIPIOS COM POPULACAO SUPERIOR A 50 MIL HABITANTES OU MUNICIPIOS INTEGRANTES DE REGIOES METROPOLITANAS OU DE REGIOES INTEGRADAS DE DESENVOLVIMENTO;SANEAMENTO BASICO;17 - Saneamento;Administração Pública Estadual ou do Distrito Federal;RN;NATAL;8931131.41
5;2018;1N08 - APOIO A IMPLANTACAO, AMPLIACAO OU MELHORIAS DE SISTEMAS DE ESGOTAMENTO SANITARIO EM MUNICIPIOS COM POPULACAO SUPERIOR A 50 MIL HABITANTES OU MUNICIPIOS INTEGRANTES DE REGIOES METROPOLITANAS OU DE REGIOES INTEGRADAS DE DESENVOLVIMENTO;SANEAMENTO BASICO;17 - Saneamento;Administração Pública Estadual ou do Distrito Federal;RN;NATAL;1410497.87
6;2018;1N08 - APOIO A IMPLANTACAO, AMPLIACAO OU MELHORIAS DE SISTEMAS DE ESGOTAMENTO SANITARIO EM MUNICIPIOS COM POPULACAO SUPERIOR A 50 MIL HABITANTES OU MUNICIPIOS INTEGRANTES DE REGIOES METROPOLITANAS OU DE REGIOES INTEGRADAS DE DESENVOLVIMENTO;SANEAMENTO BASICO;17 - Saneamento;Administração Pública Estadual ou do Distrito Federal;RN;NATAL;4576973.29
7;2018;1N08 - APOIO A IMPLANTACAO, AMPLIACAO OU MELHORIAS DE SISTEMAS DE ESGOTAMENTO SANITARIO EM MUNICIPIOS COM POPULACAO SUPERIOR A 50 MIL HABITANTES OU MUNICIPIOS INTEGRANTES DE REGIOES METROPOLITANAS OU DE REGIOES INTEGRADAS DE DESENVOLVIMENTO;SERVIÇOS URBANOS DE ÁGUA E ESGOTO;17 - Saneamento;Administração Pública Estadual ou do Distrito Federal;RN;NATAL;55141.67
7;2018;1N08 - APOIO A IMPLANTACAO, AMPLIACAO OU MELHORIAS DE SISTEMAS DE ESGOTAMENTO SANITARIO EM MUNICIPIOS COM POPULACAO SUPERIOR A 50 MIL HABITANTES OU MUNICIPIOS INTEGRANTES DE REGIOES METROPOLITANAS OU DE REGIOES INTEGRADAS DE DESENVOLVIMENTO;SANEAMENTO BASICO;17 - Saneamento;Administração Pública Estadual ou do Distrito Federal;RN;NATAL;1896905.67
8;2018;1N08 - APOIO A IMPLANTACAO, AMPLIACAO OU MELHORIAS DE SISTEMAS DE ESGOTAMENTO SANITARIO EM MUNICIPIOS COM POPULACAO SUPERIOR A 50 MIL HABITANTES OU MUNICIPIOS INTEGRANTES DE REGIOES METROPOLITANAS OU DE REGIOES INTEGRADAS DE DESENVOLVIMENTO;SANEAMENTO BASICO;17 - Saneamento;Administração Pública Estadual ou do Distrito Federal;RN;NATAL;1867626.94
8;2018;1N08 - APOIO A IMPLANTACAO, AMPLIACAO OU MELHORIAS DE SISTEMAS DE ESGOTAMENTO SANITARIO EM MUNICIPIOS COM POPULACAO SUPERIOR A 50 MIL HABITANTES OU MUNICIPIOS INTEGRANTES DE REGIOES METROPOLITANAS OU DE REGIOES INTEGRADAS DE DESENVOLVIMENTO;SERVIÇOS URBANOS DE ÁGUA E ESGOTO;17 - Saneamento;Administração Pública Estadual ou do Distrito Federal;RN;NATAL;323668.37
9;2018;10S5 - APOIO A EMPREENDIMENTOS DE SANEAMENTO INTEGRADO EM MUNICIPIOS COM POPULACAO SUPERIOR A 50 MIL HABITANTES OU MUNICIPIOS INTEGRANTES DE REGIOES METROPOLITANAS OU DE REGIOES INTEGRADAS DE DESENVOLVIMENTO;SANEAMENTO BASICO;17 - Saneamento;Administração Pública Municipal;RN;NATAL;2660428.18
9;2018;1N08 - APOIO A IMPLANTACAO, AMPLIACAO OU MELHORIAS DE SISTEMAS DE ESGOTAMENTO SANITARIO EM MUNICIPIOS COM POPULACAO SUPERIOR A 50 MIL HABITANTES OU MUNICIPIOS INTEGRANTES DE REGIOES METROPOLITANAS OU DE REGIOES INTEGRADAS DE DESENVOLVIMENTO;SANEAMENTO BASICO;17 - Saneamento;Administração Pública Estadual ou do Distrito Federal;RN;NATAL;1102243.39
9;2018;1N08 - APOIO A IMPLANTACAO, AMPLIACAO OU MELHORIAS DE SISTEMAS DE ESGOTAMENTO SANITARIO EM MUNICIPIOS COM POPULACAO SUPERIOR A 50 MIL HABITANTES OU MUNICIPIOS INTEGRANTES DE REGIOES METROPOLITANAS OU DE REGIOES INTEGRADAS DE DESENVOLVIMENTO;SANEAMENTO BASICO;17 - Saneamento;Administração Pública Municipal;RN;PARNAMIRIM;4609626.70
10;2018;1N08 - APOIO A IMPLANTACAO, AMPLIACAO OU MELHORIAS DE SISTEMAS DE ESGOTAMENTO SANITARIO EM MUNICIPIOS COM POPULACAO SUPERIOR A 50 MIL HABITANTES OU MUNICIPIOS INTEGRANTES DE REGIOES METROPOLITANAS OU DE REGIOES INTEGRADAS DE DESENVOLVIMENTO;SERVIÇOS URBANOS DE ÁGUA E ESGOTO;17 - Saneamento;Administração Pública Municipal;RN;MOSSORÓ;1668760.18
10;2018;10S5 - APOIO A EMPREENDIMENTOS DE SANEAMENTO INTEGRADO EM MUNICIPIOS COM POPULACAO SUPERIOR A 50 MIL HABITANTES OU MUNICIPIOS INTEGRANTES DE REGIOES METROPOLITANAS OU DE REGIOES INTEGRADAS DE DESENVOLVIMENTO;SANEAMENTO BASICO;17 - Saneamento;Administração Pública Municipal;RN;MOSSORÓ;2232234.49
10;2018;1N08 - APOIO A IMPLANTACAO, AMPLIACAO OU MELHORIAS DE SISTEMAS DE ESGOTAMENTO SANITARIO EM MUNICIPIOS COM POPULACAO SUPERIOR A 50 MIL HABITANTES OU MUNICIPIOS INTEGRANTES DE REGIOES METROPOLITANAS OU DE REGIOES INTEGRADAS DE DESENVOLVIMENTO;SANEAMENTO BASICO;17 - Saneamento;Administração Pública Estadual ou do Distrito Federal;RN;NATAL;500000.00
11;2018;1N08 - APOIO A IMPLANTACAO, AMPLIACAO OU MELHORIAS DE SISTEMAS DE ESGOTAMENTO SANITARIO EM MUNICIPIOS COM POPULACAO SUPERIOR A 50 MIL HABITANTES OU MUNICIPIOS INTEGRANTES DE REGIOES METROPOLITANAS OU DE REGIOES INTEGRADAS DE DESENVOLVIMENTO;SANEAMENTO BASICO;17 - Saneamento;Administração Pública Municipal;RN;PARNAMIRIM;4957984.02
11;2018;1N08 - APOIO A IMPLANTACAO, AMPLIACAO OU MELHORIAS DE SISTEMAS DE ESGOTAMENTO SANITARIO EM MUNICIPIOS COM POPULACAO SUPERIOR A 50 MIL HABITANTES OU MUNICIPIOS INTEGRANTES DE REGIOES METROPOLITANAS OU DE REGIOES INTEGRADAS DE DESENVOLVIMENTO;SANEAMENTO BASICO;17 - Saneamento;Administração Pública Estadual ou do Distrito Federal;RN;NATAL;6975731.56
12;2018;10S5 - APOIO A EMPREENDIMENTOS DE SANEAMENTO INTEGRADO EM MUNICIPIOS COM POPULACAO SUPERIOR A 50 MIL HABITANTES OU MUNICIPIOS INTEGRANTES DE REGIOES METROPOLITANAS OU DE REGIOES INTEGRADAS DE DESENVOLVIMENTO;SANEAMENTO BASICO;17 - Saneamento;Administração Pública Municipal;RN;NATAL;7008425.23
12;2018;1N08 - APOIO A IMPLANTACAO, AMPLIACAO OU MELHORIAS DE SISTEMAS DE ESGOTAMENTO SANITARIO EM MUNICIPIOS COM POPULACAO SUPERIOR A 50 MIL HABITANTES OU MUNICIPIOS INTEGRANTES DE REGIOES METROPOLITANAS OU DE REGIOES INTEGRADAS DE DESENVOLVIMENTO;SANEAMENTO BASICO;17 - Saneamento;Administração Pública Estadual ou do Distrito Federal;RN;NATAL;6939070.16
12;2018;1N08 - APOIO A IMPLANTACAO, AMPLIACAO OU MELHORIAS DE SISTEMAS DE ESGOTAMENTO SANITARIO EM MUNICIPIOS COM POPULACAO SUPERIOR A 50 MIL HABITANTES OU MUNICIPIOS INTEGRANTES DE REGIOES METROPOLITANAS OU DE REGIOES INTEGRADAS DE DESENVOLVIMENTO;SANEAMENTO BASICO;17 - Saneamento;Administração Pública Municipal;RN;PARNAMIRIM;4030553.94
12;2018;10S5 - APOIO A EMPREENDIMENTOS DE SANEAMENTO INTEGRADO EM MUNICIPIOS COM POPULACAO SUPERIOR A 50 MIL HABITANTES OU MUNICIPIOS INTEGRANTES DE REGIOES METROPOLITANAS OU DE REGIOES INTEGRADAS DE DESENVOLVIMENTO;SANEAMENTO BASICO;17 - Saneamento;Administração Pública Municipal;RN;MOSSORÓ;2203198.72
