6;2017;1N08 - APOIO A IMPLANTACAO, AMPLIACAO OU MELHORIAS DE SISTEMAS DE ESGOTAMENTO SANITARIO EM MUNICIPIOS COM POPULACAO SUPERIOR A 50 MIL HABITANTES OU MUNICIPIOS INTEGRANTES DE REGIOES METROPOLITANAS OU DE REGIOES INTEGRADAS DE DESENVOLVIMENTO;SANEAMENTO BASICO;17 - Saneamento;Administração Pública Estadual ou do Distrito Federal;MS;CAMPO GRANDE;1478979.53
3;2014;1N08 - APOIO A IMPLANTACAO, AMPLIACAO OU MELHORIAS DE SISTEMAS DE ESGOTAMENTO SANITARIO EM MUNICIPIOS COM POPULACAO SUPERIOR A 50 MIL HABITANTES OU MUNICIPIOS INTEGRANTES DE REGIOES METROPOLITANAS OU DE REGIOES INTEGRADAS DE DESENVOLVIMENTO;SANEAMENTO BASICO;17 - Saneamento;Administração Pública Estadual ou do Distrito Federal;MS;CAMPO GRANDE;2715552.12
8;2014;1N08 - APOIO A IMPLANTACAO, AMPLIACAO OU MELHORIAS DE SISTEMAS DE ESGOTAMENTO SANITARIO EM MUNICIPIOS COM POPULACAO SUPERIOR A 50 MIL HABITANTES OU MUNICIPIOS INTEGRANTES DE REGIOES METROPOLITANAS OU DE REGIOES INTEGRADAS DE DESENVOLVIMENTO;SERVIÇOS URBANOS DE ÁGUA E ESGOTO;17 - Saneamento;Administração Pública Estadual ou do Distrito Federal;MS;CAMPO GRANDE;2060246.28
1;2014;1N08 - APOIO A IMPLANTACAO, AMPLIACAO OU MELHORIAS DE SISTEMAS DE ESGOTAMENTO SANITARIO EM MUNICIPIOS COM POPULACAO SUPERIOR A 50 MIL HABITANTES OU MUNICIPIOS INTEGRANTES DE REGIOES METROPOLITANAS OU DE REGIOES INTEGRADAS DE DESENVOLVIMENTO;SANEAMENTO BASICO;17 - Saneamento;Administração Pública Estadual ou do Distrito Federal;MS;CAMPO GRANDE;1094705.87
12;2014;10S5 - APOIO A EMPREENDIMENTOS DE SANEAMENTO INTEGRADO EM MUNICIPIOS COM POPULACAO SUPERIOR A 50 MIL HABITANTES OU MUNICIPIOS INTEGRANTES DE REGIOES METROPOLITANAS OU DE REGIOES INTEGRADAS DE DESENVOLVIMENTO;SANEAMENTO BASICO;17 - Saneamento;Administração Pública Municipal;MS;CORUMBÁ;20.79
10;2015;10S5 - APOIO A EMPREENDIMENTOS DE SANEAMENTO INTEGRADO EM MUNICIPIOS COM POPULACAO SUPERIOR A 50 MIL HABITANTES OU MUNICIPIOS INTEGRANTES DE REGIOES METROPOLITANAS OU DE REGIOES INTEGRADAS DE DESENVOLVIMENTO;SANEAMENTO BASICO;17 - Saneamento;Administração Pública Municipal;MS;CORUMBÁ;0.19
2;2014;1N08 - APOIO A IMPLANTACAO, AMPLIACAO OU MELHORIAS DE SISTEMAS DE ESGOTAMENTO SANITARIO EM MUNICIPIOS COM POPULACAO SUPERIOR A 50 MIL HABITANTES OU MUNICIPIOS INTEGRANTES DE REGIOES METROPOLITANAS OU DE REGIOES INTEGRADAS DE DESENVOLVIMENTO;SANEAMENTO BASICO;17 - Saneamento;Administração Pública Estadual ou do Distrito Federal;MS;CAMPO GRANDE;742648.58
9;2017;1N08 - APOIO A IMPLANTACAO, AMPLIACAO OU MELHORIAS DE SISTEMAS DE ESGOTAMENTO SANITARIO EM MUNICIPIOS COM POPULACAO SUPERIOR A 50 MIL HABITANTES OU MUNICIPIOS INTEGRANTES DE REGIOES METROPOLITANAS OU DE REGIOES INTEGRADAS DE DESENVOLVIMENTO;SANEAMENTO BASICO;17 - Saneamento;Administração Pública Estadual ou do Distrito Federal;MS;CAMPO GRANDE;535810.97
8;2017;1N08 - APOIO A IMPLANTACAO, AMPLIACAO OU MELHORIAS DE SISTEMAS DE ESGOTAMENTO SANITARIO EM MUNICIPIOS COM POPULACAO SUPERIOR A 50 MIL HABITANTES OU MUNICIPIOS INTEGRANTES DE REGIOES METROPOLITANAS OU DE REGIOES INTEGRADAS DE DESENVOLVIMENTO;SANEAMENTO BASICO;17 - Saneamento;Administração Pública Estadual ou do Distrito Federal;MS;CAMPO GRANDE;1289706.80
10;2018;10SG - APOIO A SISTEMAS DE DRENAGEM URBANA SUSTENTAVEL E DE MANEJO DE AGUAS PLUVIAIS EM MUNICIPIOS CRITICOS SUJEITOS A EVENTOS RECORRENTES DE INUNDACOES, ENXURRADAS E ALAGAMENTOS;GESTAO DE RISCOS E DE DESASTRES;17 - Saneamento;Administração Pública Municipal;MS;CAMPO GRANDE;7000284.79
7;2015;1N08 - APOIO A IMPLANTACAO, AMPLIACAO OU MELHORIAS DE SISTEMAS DE ESGOTAMENTO SANITARIO EM MUNICIPIOS COM POPULACAO SUPERIOR A 50 MIL HABITANTES OU MUNICIPIOS INTEGRANTES DE REGIOES METROPOLITANAS OU DE REGIOES INTEGRADAS DE DESENVOLVIMENTO;SANEAMENTO BASICO;17 - Saneamento;Administração Pública Estadual ou do Distrito Federal;MS;CAMPO GRANDE;1386162.12
3;2016;1N08 - APOIO A IMPLANTACAO, AMPLIACAO OU MELHORIAS DE SISTEMAS DE ESGOTAMENTO SANITARIO EM MUNICIPIOS COM POPULACAO SUPERIOR A 50 MIL HABITANTES OU MUNICIPIOS INTEGRANTES DE REGIOES METROPOLITANAS OU DE REGIOES INTEGRADAS DE DESENVOLVIMENTO;SANEAMENTO BASICO;17 - Saneamento;Administração Pública Estadual ou do Distrito Federal;MS;CAMPO GRANDE;81294.12
11;2016;1N08 - APOIO A IMPLANTACAO, AMPLIACAO OU MELHORIAS DE SISTEMAS DE ESGOTAMENTO SANITARIO EM MUNICIPIOS COM POPULACAO SUPERIOR A 50 MIL HABITANTES OU MUNICIPIOS INTEGRANTES DE REGIOES METROPOLITANAS OU DE REGIOES INTEGRADAS DE DESENVOLVIMENTO;SANEAMENTO BASICO;17 - Saneamento;Administração Pública Estadual ou do Distrito Federal;MS;CAMPO GRANDE;2015586.68
1;2017;1N08 - APOIO A IMPLANTACAO, AMPLIACAO OU MELHORIAS DE SISTEMAS DE ESGOTAMENTO SANITARIO EM MUNICIPIOS COM POPULACAO SUPERIOR A 50 MIL HABITANTES OU MUNICIPIOS INTEGRANTES DE REGIOES METROPOLITANAS OU DE REGIOES INTEGRADAS DE DESENVOLVIMENTO;SANEAMENTO BASICO;17 - Saneamento;Administração Pública Estadual ou do Distrito Federal;MS;CAMPO GRANDE;252528.56
9;2018;10SG - APOIO A SISTEMAS DE DRENAGEM URBANA SUSTENTAVEL E DE MANEJO DE AGUAS PLUVIAIS EM MUNICIPIOS CRITICOS SUJEITOS A EVENTOS RECORRENTES DE INUNDACOES, ENXURRADAS E ALAGAMENTOS;GESTAO DE RISCOS E DE DESASTRES;17 - Saneamento;Administração Pública Municipal;MS;CAMPO GRANDE;2387509.72
6;2014;1N08 - APOIO A IMPLANTACAO, AMPLIACAO OU MELHORIAS DE SISTEMAS DE ESGOTAMENTO SANITARIO EM MUNICIPIOS COM POPULACAO SUPERIOR A 50 MIL HABITANTES OU MUNICIPIOS INTEGRANTES DE REGIOES METROPOLITANAS OU DE REGIOES INTEGRADAS DE DESENVOLVIMENTO;SANEAMENTO BASICO;17 - Saneamento;Administração Pública Estadual ou do Distrito Federal;MS;CAMPO GRANDE;1778907.86
7;2014;1N08 - APOIO A IMPLANTACAO, AMPLIACAO OU MELHORIAS DE SISTEMAS DE ESGOTAMENTO SANITARIO EM MUNICIPIOS COM POPULACAO SUPERIOR A 50 MIL HABITANTES OU MUNICIPIOS INTEGRANTES DE REGIOES METROPOLITANAS OU DE REGIOES INTEGRADAS DE DESENVOLVIMENTO;SERVIÇOS URBANOS DE ÁGUA E ESGOTO;17 - Saneamento;Administração Pública Estadual ou do Distrito Federal;MS;CAMPO GRANDE;193529.86
5;2015;1N08 - APOIO A IMPLANTACAO, AMPLIACAO OU MELHORIAS DE SISTEMAS DE ESGOTAMENTO SANITARIO EM MUNICIPIOS COM POPULACAO SUPERIOR A 50 MIL HABITANTES OU MUNICIPIOS INTEGRANTES DE REGIOES METROPOLITANAS OU DE REGIOES INTEGRADAS DE DESENVOLVIMENTO;SANEAMENTO BASICO;17 - Saneamento;Administração Pública Estadual ou do Distrito Federal;MS;CAMPO GRANDE;49481.93
4;2016;1N08 - APOIO A IMPLANTACAO, AMPLIACAO OU MELHORIAS DE SISTEMAS DE ESGOTAMENTO SANITARIO EM MUNICIPIOS COM POPULACAO SUPERIOR A 50 MIL HABITANTES OU MUNICIPIOS INTEGRANTES DE REGIOES METROPOLITANAS OU DE REGIOES INTEGRADAS DE DESENVOLVIMENTO;SANEAMENTO BASICO;17 - Saneamento;Administração Pública Estadual ou do Distrito Federal;MS;CAMPO GRANDE;2600242.62
1;2015;1N08 - APOIO A IMPLANTACAO, AMPLIACAO OU MELHORIAS DE SISTEMAS DE ESGOTAMENTO SANITARIO EM MUNICIPIOS COM POPULACAO SUPERIOR A 50 MIL HABITANTES OU MUNICIPIOS INTEGRANTES DE REGIOES METROPOLITANAS OU DE REGIOES INTEGRADAS DE DESENVOLVIMENTO;SERVIÇOS URBANOS DE ÁGUA E ESGOTO;17 - Saneamento;Administração Pública Estadual ou do Distrito Federal;MS;CAMPO GRANDE;1650165.32
1;2015;10SC - APOIO A IMPLANTACAO, AMPLIACAO OU MELHORIAS EM SISTEMAS DE ABASTECIMENTO DE AGUA EM MUNICIPIOS COM POPULACAO SUPERIOR A 50 MIL HABITANTES OU MUNICIPIOS INTEGRANTES DE REGIOES METROPOLITANAS OU DE REGIOES INTEGRADAS DE DESENVOLVIMENTO;SANEAMENTO BASICO;17 - Saneamento;Administração Pública Estadual ou do Distrito Federal;MS;CAMPO GRANDE;1081550.29
2;2016;1N08 - APOIO A IMPLANTACAO, AMPLIACAO OU MELHORIAS DE SISTEMAS DE ESGOTAMENTO SANITARIO EM MUNICIPIOS COM POPULACAO SUPERIOR A 50 MIL HABITANTES OU MUNICIPIOS INTEGRANTES DE REGIOES METROPOLITANAS OU DE REGIOES INTEGRADAS DE DESENVOLVIMENTO;SANEAMENTO BASICO;17 - Saneamento;Administração Pública Estadual ou do Distrito Federal;MS;CAMPO GRANDE;1010366.72
11;2018;10SG - APOIO A SISTEMAS DE DRENAGEM URBANA SUSTENTAVEL E DE MANEJO DE AGUAS PLUVIAIS EM MUNICIPIOS CRITICOS SUJEITOS A EVENTOS RECORRENTES DE INUNDACOES, ENXURRADAS E ALAGAMENTOS;GESTAO DE RISCOS E DE DESASTRES;17 - Saneamento;Administração Pública Municipal;MS;CAMPO GRANDE;2842959.11
8;2014;1N08 - APOIO A IMPLANTACAO, AMPLIACAO OU MELHORIAS DE SISTEMAS DE ESGOTAMENTO SANITARIO EM MUNICIPIOS COM POPULACAO SUPERIOR A 50 MIL HABITANTES OU MUNICIPIOS INTEGRANTES DE REGIOES METROPOLITANAS OU DE REGIOES INTEGRADAS DE DESENVOLVIMENTO;SANEAMENTO BASICO;17 - Saneamento;Administração Pública Estadual ou do Distrito Federal;MS;CAMPO GRANDE;1393379.18
10;2017;10SC - APOIO A IMPLANTACAO, AMPLIACAO OU MELHORIAS EM SISTEMAS DE ABASTECIMENTO DE AGUA EM MUNICIPIOS COM POPULACAO SUPERIOR A 50 MIL HABITANTES OU MUNICIPIOS INTEGRANTES DE REGIOES METROPOLITANAS OU DE REGIOES INTEGRADAS DE DESENVOLVIMENTO;SANEAMENTO BASICO;17 - Saneamento;Administração Pública Estadual ou do Distrito Federal;MS;CAMPO GRANDE;744494.78
3;2014;10SC - APOIO A IMPLANTACAO, AMPLIACAO OU MELHORIAS EM SISTEMAS DE ABASTECIMENTO DE AGUA EM MUNICIPIOS COM POPULACAO SUPERIOR A 50 MIL HABITANTES OU MUNICIPIOS INTEGRANTES DE REGIOES METROPOLITANAS OU DE REGIOES INTEGRADAS DE DESENVOLVIMENTO;SANEAMENTO BASICO;17 - Saneamento;Administração Pública Estadual ou do Distrito Federal;MS;CAMPO GRANDE;572209.50
5;2016;1N08 - APOIO A IMPLANTACAO, AMPLIACAO OU MELHORIAS DE SISTEMAS DE ESGOTAMENTO SANITARIO EM MUNICIPIOS COM POPULACAO SUPERIOR A 50 MIL HABITANTES OU MUNICIPIOS INTEGRANTES DE REGIOES METROPOLITANAS OU DE REGIOES INTEGRADAS DE DESENVOLVIMENTO;SANEAMENTO BASICO;17 - Saneamento;Administração Pública Estadual ou do Distrito Federal;MS;CAMPO GRANDE;4906579.36
8;2014;10SC - APOIO A IMPLANTACAO, AMPLIACAO OU MELHORIAS EM SISTEMAS DE ABASTECIMENTO DE AGUA EM MUNICIPIOS COM POPULACAO SUPERIOR A 50 MIL HABITANTES OU MUNICIPIOS INTEGRANTES DE REGIOES METROPOLITANAS OU DE REGIOES INTEGRADAS DE DESENVOLVIMENTO;SANEAMENTO BASICO;17 - Saneamento;Administração Pública Estadual ou do Distrito Federal;MS;CAMPO GRANDE;672449.06
1;2014;10SC - APOIO A IMPLANTACAO, AMPLIACAO OU MELHORIAS EM SISTEMAS DE ABASTECIMENTO DE AGUA EM MUNICIPIOS COM POPULACAO SUPERIOR A 50 MIL HABITANTES OU MUNICIPIOS INTEGRANTES DE REGIOES METROPOLITANAS OU DE REGIOES INTEGRADAS DE DESENVOLVIMENTO;SANEAMENTO BASICO;17 - Saneamento;Administração Pública Estadual ou do Distrito Federal;MS;CAMPO GRANDE;208985.70
2;2017;1N08 - APOIO A IMPLANTACAO, AMPLIACAO OU MELHORIAS DE SISTEMAS DE ESGOTAMENTO SANITARIO EM MUNICIPIOS COM POPULACAO SUPERIOR A 50 MIL HABITANTES OU MUNICIPIOS INTEGRANTES DE REGIOES METROPOLITANAS OU DE REGIOES INTEGRADAS DE DESENVOLVIMENTO;SANEAMENTO BASICO;17 - Saneamento;Administração Pública Estadual ou do Distrito Federal;MS;CAMPO GRANDE;562354.81
10;2014;1N08 - APOIO A IMPLANTACAO, AMPLIACAO OU MELHORIAS DE SISTEMAS DE ESGOTAMENTO SANITARIO EM MUNICIPIOS COM POPULACAO SUPERIOR A 50 MIL HABITANTES OU MUNICIPIOS INTEGRANTES DE REGIOES METROPOLITANAS OU DE REGIOES INTEGRADAS DE DESENVOLVIMENTO;SERVIÇOS URBANOS DE ÁGUA E ESGOTO;17 - Saneamento;Administração Pública Estadual ou do Distrito Federal;MS;CAMPO GRANDE;168667.00
12;2017;10SC - APOIO A IMPLANTACAO, AMPLIACAO OU MELHORIAS EM SISTEMAS DE ABASTECIMENTO DE AGUA EM MUNICIPIOS COM POPULACAO SUPERIOR A 50 MIL HABITANTES OU MUNICIPIOS INTEGRANTES DE REGIOES METROPOLITANAS OU DE REGIOES INTEGRADAS DE DESENVOLVIMENTO;SANEAMENTO BASICO;17 - Saneamento;Administração Pública Estadual ou do Distrito Federal;MS;CAMPO GRANDE;3433417.66
2;2014;1N08 - APOIO A IMPLANTACAO, AMPLIACAO OU MELHORIAS DE SISTEMAS DE ESGOTAMENTO SANITARIO EM MUNICIPIOS COM POPULACAO SUPERIOR A 50 MIL HABITANTES OU MUNICIPIOS INTEGRANTES DE REGIOES METROPOLITANAS OU DE REGIOES INTEGRADAS DE DESENVOLVIMENTO;SERVIÇOS URBANOS DE ÁGUA E ESGOTO;17 - Saneamento;Administração Pública Estadual ou do Distrito Federal;MS;CAMPO GRANDE;745002.48
12;2018;10SC - APOIO A IMPLANTACAO, AMPLIACAO OU MELHORIAS EM SISTEMAS DE ABASTECIMENTO DE AGUA EM MUNICIPIOS COM POPULACAO SUPERIOR A 50 MIL HABITANTES OU MUNICIPIOS INTEGRANTES DE REGIOES METROPOLITANAS OU DE REGIOES INTEGRADAS DE DESENVOLVIMENTO;SANEAMENTO BASICO;17 - Saneamento;Administração Pública Estadual ou do Distrito Federal;MS;CAMPO GRANDE;1333416.55
8;2014;10SG - APOIO A SISTEMAS DE DRENAGEM URBANA SUSTENTAVEL E DE MANEJO DE AGUAS PLUVIAIS EM MUNICIPIOS CRITICOS SUJEITOS A EVENTOS RECORRENTES DE INUNDACOES, ENXURRADAS E ALAGAMENTOS;GESTAO DE RISCOS E DE DESASTRES;17 - Saneamento;Administração Pública Municipal;MS;CAMPO GRANDE;4837265.82
12;2018;10SG - APOIO A SISTEMAS DE DRENAGEM URBANA SUSTENTAVEL E DE MANEJO DE AGUAS PLUVIAIS EM MUNICIPIOS CRITICOS SUJEITOS A EVENTOS RECORRENTES DE INUNDACOES, ENXURRADAS E ALAGAMENTOS;GESTAO DE RISCOS E DE DESASTRES;17 - Saneamento;Administração Pública Municipal;MS;CAMPO GRANDE;4990355.20
10;2014;1N08 - APOIO A IMPLANTACAO, AMPLIACAO OU MELHORIAS DE SISTEMAS DE ESGOTAMENTO SANITARIO EM MUNICIPIOS COM POPULACAO SUPERIOR A 50 MIL HABITANTES OU MUNICIPIOS INTEGRANTES DE REGIOES METROPOLITANAS OU DE REGIOES INTEGRADAS DE DESENVOLVIMENTO;SANEAMENTO BASICO;17 - Saneamento;Administração Pública Estadual ou do Distrito Federal;MS;CAMPO GRANDE;2343362.44
9;2015;10S5 - APOIO A EMPREENDIMENTOS DE SANEAMENTO INTEGRADO EM MUNICIPIOS COM POPULACAO SUPERIOR A 50 MIL HABITANTES OU MUNICIPIOS INTEGRANTES DE REGIOES METROPOLITANAS OU DE REGIOES INTEGRADAS DE DESENVOLVIMENTO;SERVIÇOS URBANOS DE ÁGUA E ESGOTO;17 - Saneamento;Administração Pública Municipal;MS;CORUMBÁ;106983.24
12;2014;1N08 - APOIO A IMPLANTACAO, AMPLIACAO OU MELHORIAS DE SISTEMAS DE ESGOTAMENTO SANITARIO EM MUNICIPIOS COM POPULACAO SUPERIOR A 50 MIL HABITANTES OU MUNICIPIOS INTEGRANTES DE REGIOES METROPOLITANAS OU DE REGIOES INTEGRADAS DE DESENVOLVIMENTO;SANEAMENTO BASICO;17 - Saneamento;Administração Pública Estadual ou do Distrito Federal;MS;CAMPO GRANDE;25411.85
8;2015;1N08 - APOIO A IMPLANTACAO, AMPLIACAO OU MELHORIAS DE SISTEMAS DE ESGOTAMENTO SANITARIO EM MUNICIPIOS COM POPULACAO SUPERIOR A 50 MIL HABITANTES OU MUNICIPIOS INTEGRANTES DE REGIOES METROPOLITANAS OU DE REGIOES INTEGRADAS DE DESENVOLVIMENTO;SANEAMENTO BASICO;17 - Saneamento;Administração Pública Estadual ou do Distrito Federal;MS;CAMPO GRANDE;1418154.05
12;2017;1N08 - APOIO A IMPLANTACAO, AMPLIACAO OU MELHORIAS DE SISTEMAS DE ESGOTAMENTO SANITARIO EM MUNICIPIOS COM POPULACAO SUPERIOR A 50 MIL HABITANTES OU MUNICIPIOS INTEGRANTES DE REGIOES METROPOLITANAS OU DE REGIOES INTEGRADAS DE DESENVOLVIMENTO;SANEAMENTO BASICO;17 - Saneamento;Administração Pública Estadual ou do Distrito Federal;MS;CAMPO GRANDE;12348101.64
2;2014;10SC - APOIO A IMPLANTACAO, AMPLIACAO OU MELHORIAS EM SISTEMAS DE ABASTECIMENTO DE AGUA EM MUNICIPIOS COM POPULACAO SUPERIOR A 50 MIL HABITANTES OU MUNICIPIOS INTEGRANTES DE REGIOES METROPOLITANAS OU DE REGIOES INTEGRADAS DE DESENVOLVIMENTO;SANEAMENTO BASICO;17 - Saneamento;Administração Pública Estadual ou do Distrito Federal;MS;CAMPO GRANDE;530238.00
5;2014;10SC - APOIO A IMPLANTACAO, AMPLIACAO OU MELHORIAS EM SISTEMAS DE ABASTECIMENTO DE AGUA EM MUNICIPIOS COM POPULACAO SUPERIOR A 50 MIL HABITANTES OU MUNICIPIOS INTEGRANTES DE REGIOES METROPOLITANAS OU DE REGIOES INTEGRADAS DE DESENVOLVIMENTO;SANEAMENTO BASICO;17 - Saneamento;Administração Pública Estadual ou do Distrito Federal;MS;CAMPO GRANDE;303287.68
7;2016;1N08 - APOIO A IMPLANTACAO, AMPLIACAO OU MELHORIAS DE SISTEMAS DE ESGOTAMENTO SANITARIO EM MUNICIPIOS COM POPULACAO SUPERIOR A 50 MIL HABITANTES OU MUNICIPIOS INTEGRANTES DE REGIOES METROPOLITANAS OU DE REGIOES INTEGRADAS DE DESENVOLVIMENTO;SANEAMENTO BASICO;17 - Saneamento;Administração Pública Estadual ou do Distrito Federal;MS;CAMPO GRANDE;1288245.70
3;2015;1N08 - APOIO A IMPLANTACAO, AMPLIACAO OU MELHORIAS DE SISTEMAS DE ESGOTAMENTO SANITARIO EM MUNICIPIOS COM POPULACAO SUPERIOR A 50 MIL HABITANTES OU MUNICIPIOS INTEGRANTES DE REGIOES METROPOLITANAS OU DE REGIOES INTEGRADAS DE DESENVOLVIMENTO;SANEAMENTO BASICO;17 - Saneamento;Administração Pública Estadual ou do Distrito Federal;MS;CAMPO GRANDE;1163458.68
6;2014;10SC - APOIO A IMPLANTACAO, AMPLIACAO OU MELHORIAS EM SISTEMAS DE ABASTECIMENTO DE AGUA EM MUNICIPIOS COM POPULACAO SUPERIOR A 50 MIL HABITANTES OU MUNICIPIOS INTEGRANTES DE REGIOES METROPOLITANAS OU DE REGIOES INTEGRADAS DE DESENVOLVIMENTO;SANEAMENTO BASICO;17 - Saneamento;Administração Pública Estadual ou do Distrito Federal;MS;CAMPO GRANDE;922873.31
5;2015;10SC - APOIO A IMPLANTACAO, AMPLIACAO OU MELHORIAS EM SISTEMAS DE ABASTECIMENTO DE AGUA EM MUNICIPIOS COM POPULACAO SUPERIOR A 50 MIL HABITANTES OU MUNICIPIOS INTEGRANTES DE REGIOES METROPOLITANAS OU DE REGIOES INTEGRADAS DE DESENVOLVIMENTO;SANEAMENTO BASICO;17 - Saneamento;Administração Pública Estadual ou do Distrito Federal;MS;CAMPO GRANDE;2210788.69
10;2017;1N08 - APOIO A IMPLANTACAO, AMPLIACAO OU MELHORIAS DE SISTEMAS DE ESGOTAMENTO SANITARIO EM MUNICIPIOS COM POPULACAO SUPERIOR A 50 MIL HABITANTES OU MUNICIPIOS INTEGRANTES DE REGIOES METROPOLITANAS OU DE REGIOES INTEGRADAS DE DESENVOLVIMENTO;SANEAMENTO BASICO;17 - Saneamento;Administração Pública Estadual ou do Distrito Federal;MS;CAMPO GRANDE;777680.74
10;2018;1N08 - APOIO A IMPLANTACAO, AMPLIACAO OU MELHORIAS DE SISTEMAS DE ESGOTAMENTO SANITARIO EM MUNICIPIOS COM POPULACAO SUPERIOR A 50 MIL HABITANTES OU MUNICIPIOS INTEGRANTES DE REGIOES METROPOLITANAS OU DE REGIOES INTEGRADAS DE DESENVOLVIMENTO;SANEAMENTO BASICO;17 - Saneamento;Administração Pública Estadual ou do Distrito Federal;MS;CAMPO GRANDE;5101024.26
1;2016;1N08 - APOIO A IMPLANTACAO, AMPLIACAO OU MELHORIAS DE SISTEMAS DE ESGOTAMENTO SANITARIO EM MUNICIPIOS COM POPULACAO SUPERIOR A 50 MIL HABITANTES OU MUNICIPIOS INTEGRANTES DE REGIOES METROPOLITANAS OU DE REGIOES INTEGRADAS DE DESENVOLVIMENTO;SANEAMENTO BASICO;17 - Saneamento;Administração Pública Estadual ou do Distrito Federal;MS;CAMPO GRANDE;2938152.10
9;2014;1N08 - APOIO A IMPLANTACAO, AMPLIACAO OU MELHORIAS DE SISTEMAS DE ESGOTAMENTO SANITARIO EM MUNICIPIOS COM POPULACAO SUPERIOR A 50 MIL HABITANTES OU MUNICIPIOS INTEGRANTES DE REGIOES METROPOLITANAS OU DE REGIOES INTEGRADAS DE DESENVOLVIMENTO;SANEAMENTO BASICO;17 - Saneamento;Administração Pública Estadual ou do Distrito Federal;MS;CAMPO GRANDE;347019.73
7;2016;10SC - APOIO A IMPLANTACAO, AMPLIACAO OU MELHORIAS EM SISTEMAS DE ABASTECIMENTO DE AGUA EM MUNICIPIOS COM POPULACAO SUPERIOR A 50 MIL HABITANTES OU MUNICIPIOS INTEGRANTES DE REGIOES METROPOLITANAS OU DE REGIOES INTEGRADAS DE DESENVOLVIMENTO;SANEAMENTO BASICO;17 - Saneamento;Administração Pública Estadual ou do Distrito Federal;MS;CAMPO GRANDE;1122954.85
11;2017;1N08 - APOIO A IMPLANTACAO, AMPLIACAO OU MELHORIAS DE SISTEMAS DE ESGOTAMENTO SANITARIO EM MUNICIPIOS COM POPULACAO SUPERIOR A 50 MIL HABITANTES OU MUNICIPIOS INTEGRANTES DE REGIOES METROPOLITANAS OU DE REGIOES INTEGRADAS DE DESENVOLVIMENTO;SANEAMENTO BASICO;17 - Saneamento;Administração Pública Estadual ou do Distrito Federal;MS;CAMPO GRANDE;1227537.21
12;2016;10SC - APOIO A IMPLANTACAO, AMPLIACAO OU MELHORIAS EM SISTEMAS DE ABASTECIMENTO DE AGUA EM MUNICIPIOS COM POPULACAO SUPERIOR A 50 MIL HABITANTES OU MUNICIPIOS INTEGRANTES DE REGIOES METROPOLITANAS OU DE REGIOES INTEGRADAS DE DESENVOLVIMENTO;SANEAMENTO BASICO;17 - Saneamento;Administração Pública Estadual ou do Distrito Federal;MS;CAMPO GRANDE;448776.93
12;2014;10S5 - APOIO A EMPREENDIMENTOS DE SANEAMENTO INTEGRADO EM MUNICIPIOS COM POPULACAO SUPERIOR A 50 MIL HABITANTES OU MUNICIPIOS INTEGRANTES DE REGIOES METROPOLITANAS OU DE REGIOES INTEGRADAS DE DESENVOLVIMENTO;SERVIÇOS URBANOS DE ÁGUA E ESGOTO;17 - Saneamento;Administração Pública Municipal;MS;CORUMBÁ;18135.95
4;2015;1N08 - APOIO A IMPLANTACAO, AMPLIACAO OU MELHORIAS DE SISTEMAS DE ESGOTAMENTO SANITARIO EM MUNICIPIOS COM POPULACAO SUPERIOR A 50 MIL HABITANTES OU MUNICIPIOS INTEGRANTES DE REGIOES METROPOLITANAS OU DE REGIOES INTEGRADAS DE DESENVOLVIMENTO;SANEAMENTO BASICO;17 - Saneamento;Administração Pública Estadual ou do Distrito Federal;MS;CAMPO GRANDE;845299.31
3;2016;10SC - APOIO A IMPLANTACAO, AMPLIACAO OU MELHORIAS EM SISTEMAS DE ABASTECIMENTO DE AGUA EM MUNICIPIOS COM POPULACAO SUPERIOR A 50 MIL HABITANTES OU MUNICIPIOS INTEGRANTES DE REGIOES METROPOLITANAS OU DE REGIOES INTEGRADAS DE DESENVOLVIMENTO;SANEAMENTO BASICO;17 - Saneamento;Administração Pública Estadual ou do Distrito Federal;MS;CAMPO GRANDE;155383.42
4;2014;1N08 - APOIO A IMPLANTACAO, AMPLIACAO OU MELHORIAS DE SISTEMAS DE ESGOTAMENTO SANITARIO EM MUNICIPIOS COM POPULACAO SUPERIOR A 50 MIL HABITANTES OU MUNICIPIOS INTEGRANTES DE REGIOES METROPOLITANAS OU DE REGIOES INTEGRADAS DE DESENVOLVIMENTO;SANEAMENTO BASICO;17 - Saneamento;Administração Pública Estadual ou do Distrito Federal;MS;CAMPO GRANDE;2059488.95
9;2016;1N08 - APOIO A IMPLANTACAO, AMPLIACAO OU MELHORIAS DE SISTEMAS DE ESGOTAMENTO SANITARIO EM MUNICIPIOS COM POPULACAO SUPERIOR A 50 MIL HABITANTES OU MUNICIPIOS INTEGRANTES DE REGIOES METROPOLITANAS OU DE REGIOES INTEGRADAS DE DESENVOLVIMENTO;SANEAMENTO BASICO;17 - Saneamento;Administração Pública Estadual ou do Distrito Federal;MS;CAMPO GRANDE;336434.23
7;2015;1N08 - APOIO A IMPLANTACAO, AMPLIACAO OU MELHORIAS DE SISTEMAS DE ESGOTAMENTO SANITARIO EM MUNICIPIOS COM POPULACAO SUPERIOR A 50 MIL HABITANTES OU MUNICIPIOS INTEGRANTES DE REGIOES METROPOLITANAS OU DE REGIOES INTEGRADAS DE DESENVOLVIMENTO;SERVIÇOS URBANOS DE ÁGUA E ESGOTO;17 - Saneamento;Administração Pública Estadual ou do Distrito Federal;MS;CAMPO GRANDE;287696.11
11;2018;1N08 - APOIO A IMPLANTACAO, AMPLIACAO OU MELHORIAS DE SISTEMAS DE ESGOTAMENTO SANITARIO EM MUNICIPIOS COM POPULACAO SUPERIOR A 50 MIL HABITANTES OU MUNICIPIOS INTEGRANTES DE REGIOES METROPOLITANAS OU DE REGIOES INTEGRADAS DE DESENVOLVIMENTO;SANEAMENTO BASICO;17 - Saneamento;Administração Pública Estadual ou do Distrito Federal;MS;CAMPO GRANDE;770445.50
9;2014;10SC - APOIO A IMPLANTACAO, AMPLIACAO OU MELHORIAS EM SISTEMAS DE ABASTECIMENTO DE AGUA EM MUNICIPIOS COM POPULACAO SUPERIOR A 50 MIL HABITANTES OU MUNICIPIOS INTEGRANTES DE REGIOES METROPOLITANAS OU DE REGIOES INTEGRADAS DE DESENVOLVIMENTO;SANEAMENTO BASICO;17 - Saneamento;Administração Pública Estadual ou do Distrito Federal;MS;CAMPO GRANDE;246462.60
7;2014;1N08 - APOIO A IMPLANTACAO, AMPLIACAO OU MELHORIAS DE SISTEMAS DE ESGOTAMENTO SANITARIO EM MUNICIPIOS COM POPULACAO SUPERIOR A 50 MIL HABITANTES OU MUNICIPIOS INTEGRANTES DE REGIOES METROPOLITANAS OU DE REGIOES INTEGRADAS DE DESENVOLVIMENTO;SANEAMENTO BASICO;17 - Saneamento;Administração Pública Estadual ou do Distrito Federal;MS;CAMPO GRANDE;1557615.55
12;2018;1N08 - APOIO A IMPLANTACAO, AMPLIACAO OU MELHORIAS DE SISTEMAS DE ESGOTAMENTO SANITARIO EM MUNICIPIOS COM POPULACAO SUPERIOR A 50 MIL HABITANTES OU MUNICIPIOS INTEGRANTES DE REGIOES METROPOLITANAS OU DE REGIOES INTEGRADAS DE DESENVOLVIMENTO;SANEAMENTO BASICO;17 - Saneamento;Administração Pública Estadual ou do Distrito Federal;MS;CAMPO GRANDE;4232283.92
7;2014;10SG - APOIO A SISTEMAS DE DRENAGEM URBANA SUSTENTAVEL E DE MANEJO DE AGUAS PLUVIAIS EM MUNICIPIOS CRITICOS SUJEITOS A EVENTOS RECORRENTES DE INUNDACOES, ENXURRADAS E ALAGAMENTOS;GESTAO DE RISCOS E DE DESASTRES;17 - Saneamento;Administração Pública Municipal;MS;CAMPO GRANDE;531213.10
10;2014;10SC - APOIO A IMPLANTACAO, AMPLIACAO OU MELHORIAS EM SISTEMAS DE ABASTECIMENTO DE AGUA EM MUNICIPIOS COM POPULACAO SUPERIOR A 50 MIL HABITANTES OU MUNICIPIOS INTEGRANTES DE REGIOES METROPOLITANAS OU DE REGIOES INTEGRADAS DE DESENVOLVIMENTO;SANEAMENTO BASICO;17 - Saneamento;Administração Pública Estadual ou do Distrito Federal;MS;CAMPO GRANDE;724071.47
10;2015;1N08 - APOIO A IMPLANTACAO, AMPLIACAO OU MELHORIAS DE SISTEMAS DE ESGOTAMENTO SANITARIO EM MUNICIPIOS COM POPULACAO SUPERIOR A 50 MIL HABITANTES OU MUNICIPIOS INTEGRANTES DE REGIOES METROPOLITANAS OU DE REGIOES INTEGRADAS DE DESENVOLVIMENTO;SANEAMENTO BASICO;17 - Saneamento;Administração Pública Estadual ou do Distrito Federal;MS;CAMPO GRANDE;3712227.10
11;2017;10SC - APOIO A IMPLANTACAO, AMPLIACAO OU MELHORIAS EM SISTEMAS DE ABASTECIMENTO DE AGUA EM MUNICIPIOS COM POPULACAO SUPERIOR A 50 MIL HABITANTES OU MUNICIPIOS INTEGRANTES DE REGIOES METROPOLITANAS OU DE REGIOES INTEGRADAS DE DESENVOLVIMENTO;SANEAMENTO BASICO;17 - Saneamento;Administração Pública Estadual ou do Distrito Federal;MS;CAMPO GRANDE;232218.37
2;2015;1N08 - APOIO A IMPLANTACAO, AMPLIACAO OU MELHORIAS DE SISTEMAS DE ESGOTAMENTO SANITARIO EM MUNICIPIOS COM POPULACAO SUPERIOR A 50 MIL HABITANTES OU MUNICIPIOS INTEGRANTES DE REGIOES METROPOLITANAS OU DE REGIOES INTEGRADAS DE DESENVOLVIMENTO;SERVIÇOS URBANOS DE ÁGUA E ESGOTO;17 - Saneamento;Administração Pública Estadual ou do Distrito Federal;MS;CAMPO GRANDE;60504.45
3;2015;10SC - APOIO A IMPLANTACAO, AMPLIACAO OU MELHORIAS EM SISTEMAS DE ABASTECIMENTO DE AGUA EM MUNICIPIOS COM POPULACAO SUPERIOR A 50 MIL HABITANTES OU MUNICIPIOS INTEGRANTES DE REGIOES METROPOLITANAS OU DE REGIOES INTEGRADAS DE DESENVOLVIMENTO;SANEAMENTO BASICO;17 - Saneamento;Administração Pública Estadual ou do Distrito Federal;MS;CAMPO GRANDE;293699.21
9;2018;1N08 - APOIO A IMPLANTACAO, AMPLIACAO OU MELHORIAS DE SISTEMAS DE ESGOTAMENTO SANITARIO EM MUNICIPIOS COM POPULACAO SUPERIOR A 50 MIL HABITANTES OU MUNICIPIOS INTEGRANTES DE REGIOES METROPOLITANAS OU DE REGIOES INTEGRADAS DE DESENVOLVIMENTO;SANEAMENTO BASICO;17 - Saneamento;Administração Pública Estadual ou do Distrito Federal;MS;CAMPO GRANDE;240805.20
1;2015;1N08 - APOIO A IMPLANTACAO, AMPLIACAO OU MELHORIAS DE SISTEMAS DE ESGOTAMENTO SANITARIO EM MUNICIPIOS COM POPULACAO SUPERIOR A 50 MIL HABITANTES OU MUNICIPIOS INTEGRANTES DE REGIOES METROPOLITANAS OU DE REGIOES INTEGRADAS DE DESENVOLVIMENTO;SANEAMENTO BASICO;17 - Saneamento;Administração Pública Estadual ou do Distrito Federal;MS;CAMPO GRANDE;2033349.34
9;2017;10SC - APOIO A IMPLANTACAO, AMPLIACAO OU MELHORIAS EM SISTEMAS DE ABASTECIMENTO DE AGUA EM MUNICIPIOS COM POPULACAO SUPERIOR A 50 MIL HABITANTES OU MUNICIPIOS INTEGRANTES DE REGIOES METROPOLITANAS OU DE REGIOES INTEGRADAS DE DESENVOLVIMENTO;SANEAMENTO BASICO;17 - Saneamento;Administração Pública Estadual ou do Distrito Federal;MS;CAMPO GRANDE;1098084.59
4;2017;1N08 - APOIO A IMPLANTACAO, AMPLIACAO OU MELHORIAS DE SISTEMAS DE ESGOTAMENTO SANITARIO EM MUNICIPIOS COM POPULACAO SUPERIOR A 50 MIL HABITANTES OU MUNICIPIOS INTEGRANTES DE REGIOES METROPOLITANAS OU DE REGIOES INTEGRADAS DE DESENVOLVIMENTO;SANEAMENTO BASICO;17 - Saneamento;Administração Pública Estadual ou do Distrito Federal;MS;CAMPO GRANDE;689562.96
5;2016;10SC - APOIO A IMPLANTACAO, AMPLIACAO OU MELHORIAS EM SISTEMAS DE ABASTECIMENTO DE AGUA EM MUNICIPIOS COM POPULACAO SUPERIOR A 50 MIL HABITANTES OU MUNICIPIOS INTEGRANTES DE REGIOES METROPOLITANAS OU DE REGIOES INTEGRADAS DE DESENVOLVIMENTO;SANEAMENTO BASICO;17 - Saneamento;Administração Pública Estadual ou do Distrito Federal;MS;CAMPO GRANDE;717705.60
7;2014;10SC - APOIO A IMPLANTACAO, AMPLIACAO OU MELHORIAS EM SISTEMAS DE ABASTECIMENTO DE AGUA EM MUNICIPIOS COM POPULACAO SUPERIOR A 50 MIL HABITANTES OU MUNICIPIOS INTEGRANTES DE REGIOES METROPOLITANAS OU DE REGIOES INTEGRADAS DE DESENVOLVIMENTO;SANEAMENTO BASICO;17 - Saneamento;Administração Pública Estadual ou do Distrito Federal;MS;CAMPO GRANDE;352015.54
6;2015;1N08 - APOIO A IMPLANTACAO, AMPLIACAO OU MELHORIAS DE SISTEMAS DE ESGOTAMENTO SANITARIO EM MUNICIPIOS COM POPULACAO SUPERIOR A 50 MIL HABITANTES OU MUNICIPIOS INTEGRANTES DE REGIOES METROPOLITANAS OU DE REGIOES INTEGRADAS DE DESENVOLVIMENTO;SANEAMENTO BASICO;17 - Saneamento;Administração Pública Estadual ou do Distrito Federal;MS;CAMPO GRANDE;309216.90
5;2014;1N08 - APOIO A IMPLANTACAO, AMPLIACAO OU MELHORIAS DE SISTEMAS DE ESGOTAMENTO SANITARIO EM MUNICIPIOS COM POPULACAO SUPERIOR A 50 MIL HABITANTES OU MUNICIPIOS INTEGRANTES DE REGIOES METROPOLITANAS OU DE REGIOES INTEGRADAS DE DESENVOLVIMENTO;SANEAMENTO BASICO;17 - Saneamento;Administração Pública Estadual ou do Distrito Federal;MS;CAMPO GRANDE;4345038.78
2;2015;1N08 - APOIO A IMPLANTACAO, AMPLIACAO OU MELHORIAS DE SISTEMAS DE ESGOTAMENTO SANITARIO EM MUNICIPIOS COM POPULACAO SUPERIOR A 50 MIL HABITANTES OU MUNICIPIOS INTEGRANTES DE REGIOES METROPOLITANAS OU DE REGIOES INTEGRADAS DE DESENVOLVIMENTO;SANEAMENTO BASICO;17 - Saneamento;Administração Pública Estadual ou do Distrito Federal;MS;CAMPO GRANDE;1987807.12
8;2018;1N08 - APOIO A IMPLANTACAO, AMPLIACAO OU MELHORIAS DE SISTEMAS DE ESGOTAMENTO SANITARIO EM MUNICIPIOS COM POPULACAO SUPERIOR A 50 MIL HABITANTES OU MUNICIPIOS INTEGRANTES DE REGIOES METROPOLITANAS OU DE REGIOES INTEGRADAS DE DESENVOLVIMENTO;SANEAMENTO BASICO;17 - Saneamento;Administração Pública Estadual ou do Distrito Federal;MS;CAMPO GRANDE;1157923.51
11;2016;10SC - APOIO A IMPLANTACAO, AMPLIACAO OU MELHORIAS EM SISTEMAS DE ABASTECIMENTO DE AGUA EM MUNICIPIOS COM POPULACAO SUPERIOR A 50 MIL HABITANTES OU MUNICIPIOS INTEGRANTES DE REGIOES METROPOLITANAS OU DE REGIOES INTEGRADAS DE DESENVOLVIMENTO;SANEAMENTO BASICO;17 - Saneamento;Administração Pública Estadual ou do Distrito Federal;MS;CAMPO GRANDE;1472589.87
12;2016;1N08 - APOIO A IMPLANTACAO, AMPLIACAO OU MELHORIAS DE SISTEMAS DE ESGOTAMENTO SANITARIO EM MUNICIPIOS COM POPULACAO SUPERIOR A 50 MIL HABITANTES OU MUNICIPIOS INTEGRANTES DE REGIOES METROPOLITANAS OU DE REGIOES INTEGRADAS DE DESENVOLVIMENTO;SANEAMENTO BASICO;17 - Saneamento;Administração Pública Estadual ou do Distrito Federal;MS;CAMPO GRANDE;941885.39
4;2014;10SC - APOIO A IMPLANTACAO, AMPLIACAO OU MELHORIAS EM SISTEMAS DE ABASTECIMENTO DE AGUA EM MUNICIPIOS COM POPULACAO SUPERIOR A 50 MIL HABITANTES OU MUNICIPIOS INTEGRANTES DE REGIOES METROPOLITANAS OU DE REGIOES INTEGRADAS DE DESENVOLVIMENTO;SANEAMENTO BASICO;17 - Saneamento;Administração Pública Estadual ou do Distrito Federal;MS;CAMPO GRANDE;314863.39
5;2014;10SG - APOIO A SISTEMAS DE DRENAGEM URBANA SUSTENTAVEL E DE MANEJO DE AGUAS PLUVIAIS EM MUNICIPIOS CRITICOS SUJEITOS A EVENTOS RECORRENTES DE INUNDACOES, ENXURRADAS E ALAGAMENTOS;GESTAO DE RISCOS E DE DESASTRES;17 - Saneamento;Administração Pública Municipal;MS;CAMPO GRANDE;1081223.90
