9;2016;1N08 - APOIO A IMPLANTACAO, AMPLIACAO OU MELHORIAS DE SISTEMAS DE ESGOTAMENTO SANITARIO EM MUNICIPIOS COM POPULACAO SUPERIOR A 50 MIL HABITANTES OU MUNICIPIOS INTEGRANTES DE REGIOES METROPOLITANAS OU DE REGIOES INTEGRADAS DE DESENVOLVIMENTO;SERVIÇOS URBANOS DE ÁGUA E ESGOTO;17 - Saneamento;Administração Pública Municipal;RJ;NILÓPOLIS;1200770.18
6;2015;10SG - APOIO A SISTEMAS DE DRENAGEM URBANA SUSTENTAVEL E DE MANEJO DE AGUAS PLUVIAIS EM MUNICIPIOS CRITICOS SUJEITOS A EVENTOS RECORRENTES DE INUNDACOES, ENXURRADAS E ALAGAMENTOS;GESTAO DE RISCOS E DE DESASTRES;17 - Saneamento;Administração Pública Estadual ou do Distrito Federal;RJ;RIO DE JANEIRO;22958253.33
5;2014;1P95 - APOIO A ELABORACAO DE PLANOS E PROJETOS DE SANEAMENTO EM MUNICIPIOS COM POPULACAO SUPERIOR A 50 MIL HABITANTES OU INTEGRANTES DE REGIOES METROPOLITANAS OU DE REGIOES INTEGRADAS DE DESENVOLVIMENTO;SANEAMENTO BASICO;17 - Saneamento;Administração Pública Estadual ou do Distrito Federal;RJ;RIO DE JANEIRO;232494.98
10;2015;10SG - APOIO A SISTEMAS DE DRENAGEM URBANA SUSTENTAVEL E DE MANEJO DE AGUAS PLUVIAIS EM MUNICIPIOS CRITICOS SUJEITOS A EVENTOS RECORRENTES DE INUNDACOES, ENXURRADAS E ALAGAMENTOS;GESTAO DE RISCOS E DE DESASTRES;17 - Saneamento;Administração Pública Estadual ou do Distrito Federal;RJ;RIO DE JANEIRO;30582713.13
5;2014;1P95 - APOIO A ELABORACAO DE PLANOS E PROJETOS DE SANEAMENTO EM MUNICIPIOS COM POPULACAO SUPERIOR A 50 MIL HABITANTES OU INTEGRANTES DE REGIOES METROPOLITANAS OU DE REGIOES INTEGRADAS DE DESENVOLVIMENTO;FORTALECIMENTO DA GESTÃO URBANA;17 - Saneamento;Administração Pública Municipal;RJ;SÃO JOÃO DE MERITI;11189.71
2;2014;10SC - APOIO A IMPLANTACAO, AMPLIACAO OU MELHORIAS EM SISTEMAS DE ABASTECIMENTO DE AGUA EM MUNICIPIOS COM POPULACAO SUPERIOR A 50 MIL HABITANTES OU MUNICIPIOS INTEGRANTES DE REGIOES METROPOLITANAS OU DE REGIOES INTEGRADAS DE DESENVOLVIMENTO;SERVIÇOS URBANOS DE ÁGUA E ESGOTO;17 - Saneamento;Administração Pública Estadual ou do Distrito Federal;RJ;RIO DE JANEIRO;2324086.98
7;2014;10SC - APOIO A IMPLANTACAO, AMPLIACAO OU MELHORIAS EM SISTEMAS DE ABASTECIMENTO DE AGUA EM MUNICIPIOS COM POPULACAO SUPERIOR A 50 MIL HABITANTES OU MUNICIPIOS INTEGRANTES DE REGIOES METROPOLITANAS OU DE REGIOES INTEGRADAS DE DESENVOLVIMENTO;SANEAMENTO BASICO;17 - Saneamento;Administração Pública Estadual ou do Distrito Federal;RJ;RIO DE JANEIRO;301822.97
10;2017;1N08 - APOIO A IMPLANTACAO, AMPLIACAO OU MELHORIAS DE SISTEMAS DE ESGOTAMENTO SANITARIO EM MUNICIPIOS COM POPULACAO SUPERIOR A 50 MIL HABITANTES OU MUNICIPIOS INTEGRANTES DE REGIOES METROPOLITANAS OU DE REGIOES INTEGRADAS DE DESENVOLVIMENTO;SERVIÇOS URBANOS DE ÁGUA E ESGOTO;17 - Saneamento;Administração Pública Municipal;RJ;NILÓPOLIS;874801.01
11;2015;10SC - APOIO A IMPLANTACAO, AMPLIACAO OU MELHORIAS EM SISTEMAS DE ABASTECIMENTO DE AGUA EM MUNICIPIOS COM POPULACAO SUPERIOR A 50 MIL HABITANTES OU MUNICIPIOS INTEGRANTES DE REGIOES METROPOLITANAS OU DE REGIOES INTEGRADAS DE DESENVOLVIMENTO;SANEAMENTO BASICO;17 - Saneamento;Administração Pública Estadual ou do Distrito Federal;RJ;RIO DE JANEIRO;738024.24
10;2014;1P95 - APOIO A ELABORACAO DE PLANOS E PROJETOS DE SANEAMENTO EM MUNICIPIOS COM POPULACAO SUPERIOR A 50 MIL HABITANTES OU INTEGRANTES DE REGIOES METROPOLITANAS OU DE REGIOES INTEGRADAS DE DESENVOLVIMENTO;FORTALECIMENTO DA GESTÃO URBANA;17 - Saneamento;Administração Pública Estadual ou do Distrito Federal;RJ;RIO DE JANEIRO;6194.74
7;2015;10SC - APOIO A IMPLANTACAO, AMPLIACAO OU MELHORIAS EM SISTEMAS DE ABASTECIMENTO DE AGUA EM MUNICIPIOS COM POPULACAO SUPERIOR A 50 MIL HABITANTES OU MUNICIPIOS INTEGRANTES DE REGIOES METROPOLITANAS OU DE REGIOES INTEGRADAS DE DESENVOLVIMENTO;SERVIÇOS URBANOS DE ÁGUA E ESGOTO;17 - Saneamento;Administração Pública Estadual ou do Distrito Federal;RJ;RIO DE JANEIRO;752.40
1;2015;1P95 - APOIO A ELABORACAO DE PLANOS E PROJETOS DE SANEAMENTO EM MUNICIPIOS COM POPULACAO SUPERIOR A 50 MIL HABITANTES OU INTEGRANTES DE REGIOES METROPOLITANAS OU DE REGIOES INTEGRADAS DE DESENVOLVIMENTO;SANEAMENTO BASICO;17 - Saneamento;Administração Pública Estadual ou do Distrito Federal;RJ;RIO DE JANEIRO;607002.73
1;2014;1P95 - APOIO A ELABORACAO DE PLANOS E PROJETOS DE SANEAMENTO EM MUNICIPIOS COM POPULACAO SUPERIOR A 50 MIL HABITANTES OU INTEGRANTES DE REGIOES METROPOLITANAS OU DE REGIOES INTEGRADAS DE DESENVOLVIMENTO;SANEAMENTO BASICO;17 - Saneamento;Administração Pública Municipal;RJ;NOVA FRIBURGO;6356.35
4;2016;1P95 - APOIO A ELABORACAO DE PLANOS E PROJETOS DE SANEAMENTO EM MUNICIPIOS COM POPULACAO SUPERIOR A 50 MIL HABITANTES OU INTEGRANTES DE REGIOES METROPOLITANAS OU DE REGIOES INTEGRADAS DE DESENVOLVIMENTO;FORTALECIMENTO DA GESTÃO URBANA;17 - Saneamento;Administração Pública Estadual ou do Distrito Federal;RJ;RIO DE JANEIRO;803176.50
5;2014;1P95 - APOIO A ELABORACAO DE PLANOS E PROJETOS DE SANEAMENTO EM MUNICIPIOS COM POPULACAO SUPERIOR A 50 MIL HABITANTES OU INTEGRANTES DE REGIOES METROPOLITANAS OU DE REGIOES INTEGRADAS DE DESENVOLVIMENTO;SANEAMENTO BASICO;17 - Saneamento;Administração Pública Municipal;RJ;BARRA MANSA;165000.00
3;2015;10SC - APOIO A IMPLANTACAO, AMPLIACAO OU MELHORIAS EM SISTEMAS DE ABASTECIMENTO DE AGUA EM MUNICIPIOS COM POPULACAO SUPERIOR A 50 MIL HABITANTES OU MUNICIPIOS INTEGRANTES DE REGIOES METROPOLITANAS OU DE REGIOES INTEGRADAS DE DESENVOLVIMENTO;SANEAMENTO BASICO;17 - Saneamento;Administração Pública Estadual ou do Distrito Federal;RJ;RIO DE JANEIRO;5932454.36
12;2018;10SC - APOIO A IMPLANTACAO, AMPLIACAO OU MELHORIAS EM SISTEMAS DE ABASTECIMENTO DE AGUA EM MUNICIPIOS COM POPULACAO SUPERIOR A 50 MIL HABITANTES OU MUNICIPIOS INTEGRANTES DE REGIOES METROPOLITANAS OU DE REGIOES INTEGRADAS DE DESENVOLVIMENTO;SANEAMENTO BASICO;17 - Saneamento;Administração Pública Municipal;RJ;VOLTA REDONDA;35341.97
7;2016;1P95 - APOIO A ELABORACAO DE PLANOS E PROJETOS DE SANEAMENTO EM MUNICIPIOS COM POPULACAO SUPERIOR A 50 MIL HABITANTES OU INTEGRANTES DE REGIOES METROPOLITANAS OU DE REGIOES INTEGRADAS DE DESENVOLVIMENTO;SANEAMENTO BASICO;17 - Saneamento;Administração Pública Municipal;RJ;NOVA FRIBURGO;69298.74
11;2016;10SC - APOIO A IMPLANTACAO, AMPLIACAO OU MELHORIAS EM SISTEMAS DE ABASTECIMENTO DE AGUA EM MUNICIPIOS COM POPULACAO SUPERIOR A 50 MIL HABITANTES OU MUNICIPIOS INTEGRANTES DE REGIOES METROPOLITANAS OU DE REGIOES INTEGRADAS DE DESENVOLVIMENTO;SERVIÇOS URBANOS DE ÁGUA E ESGOTO;17 - Saneamento;Administração Pública Estadual ou do Distrito Federal;RJ;RIO DE JANEIRO;237039.89
10;2015;10S5 - APOIO A EMPREENDIMENTOS DE SANEAMENTO INTEGRADO EM MUNICIPIOS COM POPULACAO SUPERIOR A 50 MIL HABITANTES OU MUNICIPIOS INTEGRANTES DE REGIOES METROPOLITANAS OU DE REGIOES INTEGRADAS DE DESENVOLVIMENTO;SANEAMENTO BASICO;17 - Saneamento;Administração Pública Municipal;RJ;BELFORD ROXO;42995.43
7;2015;10SC - APOIO A IMPLANTACAO, AMPLIACAO OU MELHORIAS EM SISTEMAS DE ABASTECIMENTO DE AGUA EM MUNICIPIOS COM POPULACAO SUPERIOR A 50 MIL HABITANTES OU MUNICIPIOS INTEGRANTES DE REGIOES METROPOLITANAS OU DE REGIOES INTEGRADAS DE DESENVOLVIMENTO;SANEAMENTO BASICO;17 - Saneamento;Administração Pública Estadual ou do Distrito Federal;RJ;RIO DE JANEIRO;286126.38
5;2014;1N08 - APOIO A IMPLANTACAO, AMPLIACAO OU MELHORIAS DE SISTEMAS DE ESGOTAMENTO SANITARIO EM MUNICIPIOS COM POPULACAO SUPERIOR A 50 MIL HABITANTES OU MUNICIPIOS INTEGRANTES DE REGIOES METROPOLITANAS OU DE REGIOES INTEGRADAS DE DESENVOLVIMENTO;SERVIÇOS URBANOS DE ÁGUA E ESGOTO;17 - Saneamento;Administração Pública Municipal;RJ;RIO DE JANEIRO;619627.17
9;2015;1P95 - APOIO A ELABORACAO DE PLANOS E PROJETOS DE SANEAMENTO EM MUNICIPIOS COM POPULACAO SUPERIOR A 50 MIL HABITANTES OU INTEGRANTES DE REGIOES METROPOLITANAS OU DE REGIOES INTEGRADAS DE DESENVOLVIMENTO;SANEAMENTO BASICO;17 - Saneamento;Administração Pública Estadual ou do Distrito Federal;RJ;RIO DE JANEIRO;153350.20
3;2014;10SG - APOIO A SISTEMAS DE DRENAGEM URBANA SUSTENTAVEL E DE MANEJO DE AGUAS PLUVIAIS EM MUNICIPIOS CRITICOS SUJEITOS A EVENTOS RECORRENTES DE INUNDACOES, ENXURRADAS E ALAGAMENTOS;GESTAO DE RISCOS E DE DESASTRES;17 - Saneamento;Administração Pública Estadual ou do Distrito Federal;RJ;RIO DE JANEIRO;8563266.25
9;2014;1P95 - APOIO A ELABORACAO DE PLANOS E PROJETOS DE SANEAMENTO EM MUNICIPIOS COM POPULACAO SUPERIOR A 50 MIL HABITANTES OU INTEGRANTES DE REGIOES METROPOLITANAS OU DE REGIOES INTEGRADAS DE DESENVOLVIMENTO;FORTALECIMENTO DA GESTÃO URBANA;17 - Saneamento;Administração Pública Estadual ou do Distrito Federal;RJ;RIO DE JANEIRO;15647.58
2;2015;1P95 - APOIO A ELABORACAO DE PLANOS E PROJETOS DE SANEAMENTO EM MUNICIPIOS COM POPULACAO SUPERIOR A 50 MIL HABITANTES OU INTEGRANTES DE REGIOES METROPOLITANAS OU DE REGIOES INTEGRADAS DE DESENVOLVIMENTO;FORTALECIMENTO DA GESTÃO URBANA;17 - Saneamento;Administração Pública Estadual ou do Distrito Federal;RJ;RIO DE JANEIRO;239973.39
2;2016;1P95 - APOIO A ELABORACAO DE PLANOS E PROJETOS DE SANEAMENTO EM MUNICIPIOS COM POPULACAO SUPERIOR A 50 MIL HABITANTES OU INTEGRANTES DE REGIOES METROPOLITANAS OU DE REGIOES INTEGRADAS DE DESENVOLVIMENTO;FORTALECIMENTO DA GESTÃO URBANA;17 - Saneamento;Administração Pública Estadual ou do Distrito Federal;RJ;RIO DE JANEIRO;403482.25
1;2014;10SG - APOIO A SISTEMAS DE DRENAGEM URBANA SUSTENTAVEL E DE MANEJO DE AGUAS PLUVIAIS EM MUNICIPIOS CRITICOS SUJEITOS A EVENTOS RECORRENTES DE INUNDACOES, ENXURRADAS E ALAGAMENTOS;DRENAGEM URBANA E CONTROLE DE EROSÃO MARÍTIMA E FLUVIAL;17 - Saneamento;Administração Pública Municipal;RJ;NOVA FRIBURGO;1982883.00
1;2016;10SC - APOIO A IMPLANTACAO, AMPLIACAO OU MELHORIAS EM SISTEMAS DE ABASTECIMENTO DE AGUA EM MUNICIPIOS COM POPULACAO SUPERIOR A 50 MIL HABITANTES OU MUNICIPIOS INTEGRANTES DE REGIOES METROPOLITANAS OU DE REGIOES INTEGRADAS DE DESENVOLVIMENTO;SANEAMENTO BASICO;17 - Saneamento;Administração Pública Estadual ou do Distrito Federal;RJ;RIO DE JANEIRO;640794.41
8;2014;1P95 - APOIO A ELABORACAO DE PLANOS E PROJETOS DE SANEAMENTO EM MUNICIPIOS COM POPULACAO SUPERIOR A 50 MIL HABITANTES OU INTEGRANTES DE REGIOES METROPOLITANAS OU DE REGIOES INTEGRADAS DE DESENVOLVIMENTO;SANEAMENTO BASICO;17 - Saneamento;Administração Pública Municipal;RJ;BARRA MANSA;55000.00
12;2017;10SC - APOIO A IMPLANTACAO, AMPLIACAO OU MELHORIAS EM SISTEMAS DE ABASTECIMENTO DE AGUA EM MUNICIPIOS COM POPULACAO SUPERIOR A 50 MIL HABITANTES OU MUNICIPIOS INTEGRANTES DE REGIOES METROPOLITANAS OU DE REGIOES INTEGRADAS DE DESENVOLVIMENTO;SANEAMENTO BASICO;17 - Saneamento;Administração Pública Municipal;RJ;VOLTA REDONDA;38436.41
5;2016;1N08 - APOIO A IMPLANTACAO, AMPLIACAO OU MELHORIAS DE SISTEMAS DE ESGOTAMENTO SANITARIO EM MUNICIPIOS COM POPULACAO SUPERIOR A 50 MIL HABITANTES OU MUNICIPIOS INTEGRANTES DE REGIOES METROPOLITANAS OU DE REGIOES INTEGRADAS DE DESENVOLVIMENTO;SERVIÇOS URBANOS DE ÁGUA E ESGOTO;17 - Saneamento;Administração Pública Municipal;RJ;NILÓPOLIS;288236.71
9;2016;10S5 - APOIO A EMPREENDIMENTOS DE SANEAMENTO INTEGRADO EM MUNICIPIOS COM POPULACAO SUPERIOR A 50 MIL HABITANTES OU MUNICIPIOS INTEGRANTES DE REGIOES METROPOLITANAS OU DE REGIOES INTEGRADAS DE DESENVOLVIMENTO;SANEAMENTO BASICO;17 - Saneamento;Administração Pública Municipal;RJ;BELFORD ROXO;726138.83
4;2015;10SC - APOIO A IMPLANTACAO, AMPLIACAO OU MELHORIAS EM SISTEMAS DE ABASTECIMENTO DE AGUA EM MUNICIPIOS COM POPULACAO SUPERIOR A 50 MIL HABITANTES OU MUNICIPIOS INTEGRANTES DE REGIOES METROPOLITANAS OU DE REGIOES INTEGRADAS DE DESENVOLVIMENTO;SANEAMENTO BASICO;17 - Saneamento;Administração Pública Estadual ou do Distrito Federal;RJ;RIO DE JANEIRO;2848219.57
8;2018;10S5 - APOIO A EMPREENDIMENTOS DE SANEAMENTO INTEGRADO EM MUNICIPIOS COM POPULACAO SUPERIOR A 50 MIL HABITANTES OU MUNICIPIOS INTEGRANTES DE REGIOES METROPOLITANAS OU DE REGIOES INTEGRADAS DE DESENVOLVIMENTO;SANEAMENTO BASICO;17 - Saneamento;Administração Pública Municipal;RJ;QUEIMADOS;105734.18
3;2014;1N08 - APOIO A IMPLANTACAO, AMPLIACAO OU MELHORIAS DE SISTEMAS DE ESGOTAMENTO SANITARIO EM MUNICIPIOS COM POPULACAO SUPERIOR A 50 MIL HABITANTES OU MUNICIPIOS INTEGRANTES DE REGIOES METROPOLITANAS OU DE REGIOES INTEGRADAS DE DESENVOLVIMENTO;SANEAMENTO BASICO;17 - Saneamento;Administração Pública Municipal;RJ;CACHOEIRAS DE MACACU;2906456.85
7;2014;1P95 - APOIO A ELABORACAO DE PLANOS E PROJETOS DE SANEAMENTO EM MUNICIPIOS COM POPULACAO SUPERIOR A 50 MIL HABITANTES OU INTEGRANTES DE REGIOES METROPOLITANAS OU DE REGIOES INTEGRADAS DE DESENVOLVIMENTO;SANEAMENTO BASICO;17 - Saneamento;Administração Pública Municipal;RJ;SÃO JOÃO DE MERITI;135376.66
4;2015;1P95 - APOIO A ELABORACAO DE PLANOS E PROJETOS DE SANEAMENTO EM MUNICIPIOS COM POPULACAO SUPERIOR A 50 MIL HABITANTES OU INTEGRANTES DE REGIOES METROPOLITANAS OU DE REGIOES INTEGRADAS DE DESENVOLVIMENTO;FORTALECIMENTO DA GESTÃO URBANA;17 - Saneamento;Administração Pública Municipal;RJ;ITAGUAÍ;28960.63
9;2015;1P95 - APOIO A ELABORACAO DE PLANOS E PROJETOS DE SANEAMENTO EM MUNICIPIOS COM POPULACAO SUPERIOR A 50 MIL HABITANTES OU INTEGRANTES DE REGIOES METROPOLITANAS OU DE REGIOES INTEGRADAS DE DESENVOLVIMENTO;FORTALECIMENTO DA GESTÃO URBANA;17 - Saneamento;Administração Pública Estadual ou do Distrito Federal;RJ;RIO DE JANEIRO;285990.10
9;2016;1P95 - APOIO A ELABORACAO DE PLANOS E PROJETOS DE SANEAMENTO EM MUNICIPIOS COM POPULACAO SUPERIOR A 50 MIL HABITANTES OU INTEGRANTES DE REGIOES METROPOLITANAS OU DE REGIOES INTEGRADAS DE DESENVOLVIMENTO;SANEAMENTO BASICO;17 - Saneamento;Administração Pública Estadual ou do Distrito Federal;RJ;RIO DE JANEIRO;1297413.83
9;2014;10SG - APOIO A SISTEMAS DE DRENAGEM URBANA SUSTENTAVEL E DE MANEJO DE AGUAS PLUVIAIS EM MUNICIPIOS CRITICOS SUJEITOS A EVENTOS RECORRENTES DE INUNDACOES, ENXURRADAS E ALAGAMENTOS;GESTAO DE RISCOS E DE DESASTRES;17 - Saneamento;Administração Pública Estadual ou do Distrito Federal;RJ;RIO DE JANEIRO;24597079.63
1;2015;1N08 - APOIO A IMPLANTACAO, AMPLIACAO OU MELHORIAS DE SISTEMAS DE ESGOTAMENTO SANITARIO EM MUNICIPIOS COM POPULACAO SUPERIOR A 50 MIL HABITANTES OU MUNICIPIOS INTEGRANTES DE REGIOES METROPOLITANAS OU DE REGIOES INTEGRADAS DE DESENVOLVIMENTO;SERVIÇOS URBANOS DE ÁGUA E ESGOTO;17 - Saneamento;Administração Pública Estadual ou do Distrito Federal;RJ;RIO DE JANEIRO;29894.89
10;2014;10SG - APOIO A SISTEMAS DE DRENAGEM URBANA SUSTENTAVEL E DE MANEJO DE AGUAS PLUVIAIS EM MUNICIPIOS CRITICOS SUJEITOS A EVENTOS RECORRENTES DE INUNDACOES, ENXURRADAS E ALAGAMENTOS;GESTAO DE RISCOS E DE DESASTRES;17 - Saneamento;Administração Pública Municipal;RJ;VOLTA REDONDA;22221.00
3;2018;1P95 - APOIO A ELABORACAO DE PLANOS E PROJETOS DE SANEAMENTO EM MUNICIPIOS COM POPULACAO SUPERIOR A 50 MIL HABITANTES OU INTEGRANTES DE REGIOES METROPOLITANAS OU DE REGIOES INTEGRADAS DE DESENVOLVIMENTO;SANEAMENTO BASICO;17 - Saneamento;Administração Pública Municipal;RJ;MESQUITA;24580.57
3;2016;1N08 - APOIO A IMPLANTACAO, AMPLIACAO OU MELHORIAS DE SISTEMAS DE ESGOTAMENTO SANITARIO EM MUNICIPIOS COM POPULACAO SUPERIOR A 50 MIL HABITANTES OU MUNICIPIOS INTEGRANTES DE REGIOES METROPOLITANAS OU DE REGIOES INTEGRADAS DE DESENVOLVIMENTO;SERVIÇOS URBANOS DE ÁGUA E ESGOTO;17 - Saneamento;Administração Pública Municipal;RJ;NILÓPOLIS;499837.64
5;2014;1N08 - APOIO A IMPLANTACAO, AMPLIACAO OU MELHORIAS DE SISTEMAS DE ESGOTAMENTO SANITARIO EM MUNICIPIOS COM POPULACAO SUPERIOR A 50 MIL HABITANTES OU MUNICIPIOS INTEGRANTES DE REGIOES METROPOLITANAS OU DE REGIOES INTEGRADAS DE DESENVOLVIMENTO;SANEAMENTO BASICO;17 - Saneamento;Administração Pública Municipal;RJ;ANGRA DOS REIS;1112994.79
10;2015;1P95 - APOIO A ELABORACAO DE PLANOS E PROJETOS DE SANEAMENTO EM MUNICIPIOS COM POPULACAO SUPERIOR A 50 MIL HABITANTES OU INTEGRANTES DE REGIOES METROPOLITANAS OU DE REGIOES INTEGRADAS DE DESENVOLVIMENTO;FORTALECIMENTO DA GESTÃO URBANA;17 - Saneamento;Administração Pública Estadual ou do Distrito Federal;RJ;RIO DE JANEIRO;188865.27
10;2015;10SC - APOIO A IMPLANTACAO, AMPLIACAO OU MELHORIAS EM SISTEMAS DE ABASTECIMENTO DE AGUA EM MUNICIPIOS COM POPULACAO SUPERIOR A 50 MIL HABITANTES OU MUNICIPIOS INTEGRANTES DE REGIOES METROPOLITANAS OU DE REGIOES INTEGRADAS DE DESENVOLVIMENTO;SERVIÇOS URBANOS DE ÁGUA E ESGOTO;17 - Saneamento;Administração Pública Estadual ou do Distrito Federal;RJ;RIO DE JANEIRO;250813.03
3;2016;10SG - APOIO A SISTEMAS DE DRENAGEM URBANA SUSTENTAVEL E DE MANEJO DE AGUAS PLUVIAIS EM MUNICIPIOS CRITICOS SUJEITOS A EVENTOS RECORRENTES DE INUNDACOES, ENXURRADAS E ALAGAMENTOS;GESTAO DE RISCOS E DE DESASTRES;17 - Saneamento;Administração Pública Estadual ou do Distrito Federal;RJ;RIO DE JANEIRO;55866562.26
2;2014;1N08 - APOIO A IMPLANTACAO, AMPLIACAO OU MELHORIAS DE SISTEMAS DE ESGOTAMENTO SANITARIO EM MUNICIPIOS COM POPULACAO SUPERIOR A 50 MIL HABITANTES OU MUNICIPIOS INTEGRANTES DE REGIOES METROPOLITANAS OU DE REGIOES INTEGRADAS DE DESENVOLVIMENTO;SERVIÇOS URBANOS DE ÁGUA E ESGOTO;17 - Saneamento;Administração Pública Municipal;RJ;CACHOEIRAS DE MACACU;115958.87
4;2015;1P95 - APOIO A ELABORACAO DE PLANOS E PROJETOS DE SANEAMENTO EM MUNICIPIOS COM POPULACAO SUPERIOR A 50 MIL HABITANTES OU INTEGRANTES DE REGIOES METROPOLITANAS OU DE REGIOES INTEGRADAS DE DESENVOLVIMENTO;SANEAMENTO BASICO;17 - Saneamento;Administração Pública Municipal;RJ;TRÊS RIOS;100118.80
8;2014;1P95 - APOIO A ELABORACAO DE PLANOS E PROJETOS DE SANEAMENTO EM MUNICIPIOS COM POPULACAO SUPERIOR A 50 MIL HABITANTES OU INTEGRANTES DE REGIOES METROPOLITANAS OU DE REGIOES INTEGRADAS DE DESENVOLVIMENTO;SANEAMENTO BASICO;17 - Saneamento;Administração Pública Estadual ou do Distrito Federal;RJ;RIO DE JANEIRO;640909.83
2;2014;10SG - APOIO A SISTEMAS DE DRENAGEM URBANA SUSTENTAVEL E DE MANEJO DE AGUAS PLUVIAIS EM MUNICIPIOS CRITICOS SUJEITOS A EVENTOS RECORRENTES DE INUNDACOES, ENXURRADAS E ALAGAMENTOS;GESTAO DE RISCOS E DE DESASTRES;17 - Saneamento;Administração Pública Estadual ou do Distrito Federal;RJ;RIO DE JANEIRO;395583.37
7;2018;1P95 - APOIO A ELABORACAO DE PLANOS E PROJETOS DE SANEAMENTO EM MUNICIPIOS COM POPULACAO SUPERIOR A 50 MIL HABITANTES OU INTEGRANTES DE REGIOES METROPOLITANAS OU DE REGIOES INTEGRADAS DE DESENVOLVIMENTO;SANEAMENTO BASICO;17 - Saneamento;Administração Pública Municipal;RJ;MESQUITA;43281.37
9;2016;1N08 - APOIO A IMPLANTACAO, AMPLIACAO OU MELHORIAS DE SISTEMAS DE ESGOTAMENTO SANITARIO EM MUNICIPIOS COM POPULACAO SUPERIOR A 50 MIL HABITANTES OU MUNICIPIOS INTEGRANTES DE REGIOES METROPOLITANAS OU DE REGIOES INTEGRADAS DE DESENVOLVIMENTO;SERVIÇOS URBANOS DE ÁGUA E ESGOTO;17 - Saneamento;Administração Pública Estadual ou do Distrito Federal;RJ;RIO DE JANEIRO;1434016.00
6;2015;1P95 - APOIO A ELABORACAO DE PLANOS E PROJETOS DE SANEAMENTO EM MUNICIPIOS COM POPULACAO SUPERIOR A 50 MIL HABITANTES OU INTEGRANTES DE REGIOES METROPOLITANAS OU DE REGIOES INTEGRADAS DE DESENVOLVIMENTO;SANEAMENTO BASICO;17 - Saneamento;Administração Pública Municipal;RJ;NOVA FRIBURGO;78184.38
10;2014;10SC - APOIO A IMPLANTACAO, AMPLIACAO OU MELHORIAS EM SISTEMAS DE ABASTECIMENTO DE AGUA EM MUNICIPIOS COM POPULACAO SUPERIOR A 50 MIL HABITANTES OU MUNICIPIOS INTEGRANTES DE REGIOES METROPOLITANAS OU DE REGIOES INTEGRADAS DE DESENVOLVIMENTO;SANEAMENTO BASICO;17 - Saneamento;Administração Pública Estadual ou do Distrito Federal;RJ;RIO DE JANEIRO;1379455.65
12;2018;10SG - APOIO A SISTEMAS DE DRENAGEM URBANA SUSTENTAVEL E DE MANEJO DE AGUAS PLUVIAIS EM MUNICIPIOS CRITICOS SUJEITOS A EVENTOS RECORRENTES DE INUNDACOES, ENXURRADAS E ALAGAMENTOS;GESTAO DE RISCOS E DE DESASTRES;17 - Saneamento;Administração Pública Municipal;RJ;SÃO JOÃO DE MERITI;1887136.67
5;2016;1P95 - APOIO A ELABORACAO DE PLANOS E PROJETOS DE SANEAMENTO EM MUNICIPIOS COM POPULACAO SUPERIOR A 50 MIL HABITANTES OU INTEGRANTES DE REGIOES METROPOLITANAS OU DE REGIOES INTEGRADAS DE DESENVOLVIMENTO;SANEAMENTO BASICO;17 - Saneamento;Administração Pública Municipal;RJ;BELFORD ROXO;76435.16
2;2016;1P95 - APOIO A ELABORACAO DE PLANOS E PROJETOS DE SANEAMENTO EM MUNICIPIOS COM POPULACAO SUPERIOR A 50 MIL HABITANTES OU INTEGRANTES DE REGIOES METROPOLITANAS OU DE REGIOES INTEGRADAS DE DESENVOLVIMENTO;SANEAMENTO BASICO;17 - Saneamento;Administração Pública Estadual ou do Distrito Federal;RJ;RIO DE JANEIRO;231538.76
3;2014;10SG - APOIO A SISTEMAS DE DRENAGEM URBANA SUSTENTAVEL E DE MANEJO DE AGUAS PLUVIAIS EM MUNICIPIOS CRITICOS SUJEITOS A EVENTOS RECORRENTES DE INUNDACOES, ENXURRADAS E ALAGAMENTOS;GESTAO DE RISCOS E DE DESASTRES;17 - Saneamento;Administração Pública Municipal;RJ;RIO DE JANEIRO;4702242.75
9;2014;10SC - APOIO A IMPLANTACAO, AMPLIACAO OU MELHORIAS EM SISTEMAS DE ABASTECIMENTO DE AGUA EM MUNICIPIOS COM POPULACAO SUPERIOR A 50 MIL HABITANTES OU MUNICIPIOS INTEGRANTES DE REGIOES METROPOLITANAS OU DE REGIOES INTEGRADAS DE DESENVOLVIMENTO;SERVIÇOS URBANOS DE ÁGUA E ESGOTO;17 - Saneamento;Administração Pública Estadual ou do Distrito Federal;RJ;RIO DE JANEIRO;80686.34
8;2014;1P95 - APOIO A ELABORACAO DE PLANOS E PROJETOS DE SANEAMENTO EM MUNICIPIOS COM POPULACAO SUPERIOR A 50 MIL HABITANTES OU INTEGRANTES DE REGIOES METROPOLITANAS OU DE REGIOES INTEGRADAS DE DESENVOLVIMENTO;SANEAMENTO BASICO;17 - Saneamento;Administração Pública Municipal;RJ;TRÊS RIOS;70258.80
5;2014;10SC - APOIO A IMPLANTACAO, AMPLIACAO OU MELHORIAS EM SISTEMAS DE ABASTECIMENTO DE AGUA EM MUNICIPIOS COM POPULACAO SUPERIOR A 50 MIL HABITANTES OU MUNICIPIOS INTEGRANTES DE REGIOES METROPOLITANAS OU DE REGIOES INTEGRADAS DE DESENVOLVIMENTO;SERVIÇOS URBANOS DE ÁGUA E ESGOTO;17 - Saneamento;Administração Pública Estadual ou do Distrito Federal;RJ;RIO DE JANEIRO;4912362.41
10;2014;10SG - APOIO A SISTEMAS DE DRENAGEM URBANA SUSTENTAVEL E DE MANEJO DE AGUAS PLUVIAIS EM MUNICIPIOS CRITICOS SUJEITOS A EVENTOS RECORRENTES DE INUNDACOES, ENXURRADAS E ALAGAMENTOS;GESTAO DE RISCOS E DE DESASTRES;17 - Saneamento;Administração Pública Estadual ou do Distrito Federal;RJ;RIO DE JANEIRO;8295829.59
6;2015;10SC - APOIO A IMPLANTACAO, AMPLIACAO OU MELHORIAS EM SISTEMAS DE ABASTECIMENTO DE AGUA EM MUNICIPIOS COM POPULACAO SUPERIOR A 50 MIL HABITANTES OU MUNICIPIOS INTEGRANTES DE REGIOES METROPOLITANAS OU DE REGIOES INTEGRADAS DE DESENVOLVIMENTO;SANEAMENTO BASICO;17 - Saneamento;Administração Pública Estadual ou do Distrito Federal;RJ;RIO DE JANEIRO;4429497.82
7;2016;10SC - APOIO A IMPLANTACAO, AMPLIACAO OU MELHORIAS EM SISTEMAS DE ABASTECIMENTO DE AGUA EM MUNICIPIOS COM POPULACAO SUPERIOR A 50 MIL HABITANTES OU MUNICIPIOS INTEGRANTES DE REGIOES METROPOLITANAS OU DE REGIOES INTEGRADAS DE DESENVOLVIMENTO;SANEAMENTO BASICO;17 - Saneamento;Administração Pública Estadual ou do Distrito Federal;RJ;RIO DE JANEIRO;2807424.29
7;2014;1P95 - APOIO A ELABORACAO DE PLANOS E PROJETOS DE SANEAMENTO EM MUNICIPIOS COM POPULACAO SUPERIOR A 50 MIL HABITANTES OU INTEGRANTES DE REGIOES METROPOLITANAS OU DE REGIOES INTEGRADAS DE DESENVOLVIMENTO;SANEAMENTO BASICO;17 - Saneamento;Administração Pública Estadual ou do Distrito Federal;RJ;RIO DE JANEIRO;249544.31
2;2017;1P95 - APOIO A ELABORACAO DE PLANOS E PROJETOS DE SANEAMENTO EM MUNICIPIOS COM POPULACAO SUPERIOR A 50 MIL HABITANTES OU INTEGRANTES DE REGIOES METROPOLITANAS OU DE REGIOES INTEGRADAS DE DESENVOLVIMENTO;SANEAMENTO BASICO;17 - Saneamento;Administração Pública Municipal;RJ;BARRA DO PIRAÍ;84724.94
3;2014;1N08 - APOIO A IMPLANTACAO, AMPLIACAO OU MELHORIAS DE SISTEMAS DE ESGOTAMENTO SANITARIO EM MUNICIPIOS COM POPULACAO SUPERIOR A 50 MIL HABITANTES OU MUNICIPIOS INTEGRANTES DE REGIOES METROPOLITANAS OU DE REGIOES INTEGRADAS DE DESENVOLVIMENTO;SERVIÇOS URBANOS DE ÁGUA E ESGOTO;17 - Saneamento;Administração Pública Municipal;RJ;CACHOEIRAS DE MACACU;598871.88
7;2015;1P95 - APOIO A ELABORACAO DE PLANOS E PROJETOS DE SANEAMENTO EM MUNICIPIOS COM POPULACAO SUPERIOR A 50 MIL HABITANTES OU INTEGRANTES DE REGIOES METROPOLITANAS OU DE REGIOES INTEGRADAS DE DESENVOLVIMENTO;SANEAMENTO BASICO;17 - Saneamento;Administração Pública Municipal;RJ;NOVA FRIBURGO;37227.26
1;2017;1P95 - APOIO A ELABORACAO DE PLANOS E PROJETOS DE SANEAMENTO EM MUNICIPIOS COM POPULACAO SUPERIOR A 50 MIL HABITANTES OU INTEGRANTES DE REGIOES METROPOLITANAS OU DE REGIOES INTEGRADAS DE DESENVOLVIMENTO;SANEAMENTO BASICO;17 - Saneamento;Administração Pública Municipal;RJ;BELFORD ROXO;41294.00
1;2016;1P95 - APOIO A ELABORACAO DE PLANOS E PROJETOS DE SANEAMENTO EM MUNICIPIOS COM POPULACAO SUPERIOR A 50 MIL HABITANTES OU INTEGRANTES DE REGIOES METROPOLITANAS OU DE REGIOES INTEGRADAS DE DESENVOLVIMENTO;SANEAMENTO BASICO;17 - Saneamento;Administração Pública Estadual ou do Distrito Federal;RJ;RIO DE JANEIRO;168032.08
3;2016;1N08 - APOIO A IMPLANTACAO, AMPLIACAO OU MELHORIAS DE SISTEMAS DE ESGOTAMENTO SANITARIO EM MUNICIPIOS COM POPULACAO SUPERIOR A 50 MIL HABITANTES OU MUNICIPIOS INTEGRANTES DE REGIOES METROPOLITANAS OU DE REGIOES INTEGRADAS DE DESENVOLVIMENTO;SERVIÇOS URBANOS DE ÁGUA E ESGOTO;17 - Saneamento;Administração Pública Estadual ou do Distrito Federal;RJ;RIO DE JANEIRO;311893.80
4;2015;1P95 - APOIO A ELABORACAO DE PLANOS E PROJETOS DE SANEAMENTO EM MUNICIPIOS COM POPULACAO SUPERIOR A 50 MIL HABITANTES OU INTEGRANTES DE REGIOES METROPOLITANAS OU DE REGIOES INTEGRADAS DE DESENVOLVIMENTO;SANEAMENTO BASICO;17 - Saneamento;Administração Pública Estadual ou do Distrito Federal;RJ;RIO DE JANEIRO;263869.44
4;2018;1N08 - APOIO A IMPLANTACAO, AMPLIACAO OU MELHORIAS DE SISTEMAS DE ESGOTAMENTO SANITARIO EM MUNICIPIOS COM POPULACAO SUPERIOR A 50 MIL HABITANTES OU MUNICIPIOS INTEGRANTES DE REGIOES METROPOLITANAS OU DE REGIOES INTEGRADAS DE DESENVOLVIMENTO;SERVIÇOS URBANOS DE ÁGUA E ESGOTO;17 - Saneamento;Administração Pública Municipal;RJ;NILÓPOLIS;16658.65
1;2016;10S5 - APOIO A EMPREENDIMENTOS DE SANEAMENTO INTEGRADO EM MUNICIPIOS COM POPULACAO SUPERIOR A 50 MIL HABITANTES OU MUNICIPIOS INTEGRANTES DE REGIOES METROPOLITANAS OU DE REGIOES INTEGRADAS DE DESENVOLVIMENTO;SERVIÇOS URBANOS DE ÁGUA E ESGOTO;17 - Saneamento;Administração Pública Municipal;RJ;MESQUITA;293265.99
3;2015;1P95 - APOIO A ELABORACAO DE PLANOS E PROJETOS DE SANEAMENTO EM MUNICIPIOS COM POPULACAO SUPERIOR A 50 MIL HABITANTES OU INTEGRANTES DE REGIOES METROPOLITANAS OU DE REGIOES INTEGRADAS DE DESENVOLVIMENTO;SANEAMENTO BASICO;17 - Saneamento;Administração Pública Municipal;RJ;NOVA FRIBURGO;29448.12
6;2015;1P95 - APOIO A ELABORACAO DE PLANOS E PROJETOS DE SANEAMENTO EM MUNICIPIOS COM POPULACAO SUPERIOR A 50 MIL HABITANTES OU INTEGRANTES DE REGIOES METROPOLITANAS OU DE REGIOES INTEGRADAS DE DESENVOLVIMENTO;FORTALECIMENTO DA GESTÃO URBANA;17 - Saneamento;Administração Pública Municipal;RJ;TRÊS RIOS;78361.33
6;2015;1P95 - APOIO A ELABORACAO DE PLANOS E PROJETOS DE SANEAMENTO EM MUNICIPIOS COM POPULACAO SUPERIOR A 50 MIL HABITANTES OU INTEGRANTES DE REGIOES METROPOLITANAS OU DE REGIOES INTEGRADAS DE DESENVOLVIMENTO;SANEAMENTO BASICO;17 - Saneamento;Administração Pública Municipal;RJ;TRÊS RIOS;14941.78
12;2018;10S5 - APOIO A EMPREENDIMENTOS DE SANEAMENTO INTEGRADO EM MUNICIPIOS COM POPULACAO SUPERIOR A 50 MIL HABITANTES OU MUNICIPIOS INTEGRANTES DE REGIOES METROPOLITANAS OU DE REGIOES INTEGRADAS DE DESENVOLVIMENTO;SANEAMENTO BASICO;17 - Saneamento;Administração Pública Municipal;RJ;QUEIMADOS;327555.55
2;2017;1P95 - APOIO A ELABORACAO DE PLANOS E PROJETOS DE SANEAMENTO EM MUNICIPIOS COM POPULACAO SUPERIOR A 50 MIL HABITANTES OU INTEGRANTES DE REGIOES METROPOLITANAS OU DE REGIOES INTEGRADAS DE DESENVOLVIMENTO;SANEAMENTO BASICO;17 - Saneamento;Administração Pública Estadual ou do Distrito Federal;RJ;RIO DE JANEIRO;32801.66
9;2014;1P95 - APOIO A ELABORACAO DE PLANOS E PROJETOS DE SANEAMENTO EM MUNICIPIOS COM POPULACAO SUPERIOR A 50 MIL HABITANTES OU INTEGRANTES DE REGIOES METROPOLITANAS OU DE REGIOES INTEGRADAS DE DESENVOLVIMENTO;SANEAMENTO BASICO;17 - Saneamento;Administração Pública Estadual ou do Distrito Federal;RJ;RIO DE JANEIRO;1530234.63
3;2014;1P95 - APOIO A ELABORACAO DE PLANOS E PROJETOS DE SANEAMENTO EM MUNICIPIOS COM POPULACAO SUPERIOR A 50 MIL HABITANTES OU INTEGRANTES DE REGIOES METROPOLITANAS OU DE REGIOES INTEGRADAS DE DESENVOLVIMENTO;SANEAMENTO BASICO;17 - Saneamento;Administração Pública Municipal;RJ;SÃO GONÇALO;158291.02
1;2015;1P95 - APOIO A ELABORACAO DE PLANOS E PROJETOS DE SANEAMENTO EM MUNICIPIOS COM POPULACAO SUPERIOR A 50 MIL HABITANTES OU INTEGRANTES DE REGIOES METROPOLITANAS OU DE REGIOES INTEGRADAS DE DESENVOLVIMENTO;SANEAMENTO BASICO;17 - Saneamento;Administração Pública Municipal;RJ;BARRA MANSA;55000.00
9;2018;10S5 - APOIO A EMPREENDIMENTOS DE SANEAMENTO INTEGRADO EM MUNICIPIOS COM POPULACAO SUPERIOR A 50 MIL HABITANTES OU MUNICIPIOS INTEGRANTES DE REGIOES METROPOLITANAS OU DE REGIOES INTEGRADAS DE DESENVOLVIMENTO;SERVIÇOS URBANOS DE ÁGUA E ESGOTO;17 - Saneamento;Administração Pública Municipal;RJ;BELFORD ROXO;523042.18
10;2017;1P95 - APOIO A ELABORACAO DE PLANOS E PROJETOS DE SANEAMENTO EM MUNICIPIOS COM POPULACAO SUPERIOR A 50 MIL HABITANTES OU INTEGRANTES DE REGIOES METROPOLITANAS OU DE REGIOES INTEGRADAS DE DESENVOLVIMENTO;SANEAMENTO BASICO;17 - Saneamento;Administração Pública Municipal;RJ;MESQUITA;5271.14
2;2016;1P95 - APOIO A ELABORACAO DE PLANOS E PROJETOS DE SANEAMENTO EM MUNICIPIOS COM POPULACAO SUPERIOR A 50 MIL HABITANTES OU INTEGRANTES DE REGIOES METROPOLITANAS OU DE REGIOES INTEGRADAS DE DESENVOLVIMENTO;SANEAMENTO BASICO;17 - Saneamento;Administração Pública Municipal;RJ;ITAGUAÍ;348839.10
3;2014;1P95 - APOIO A ELABORACAO DE PLANOS E PROJETOS DE SANEAMENTO EM MUNICIPIOS COM POPULACAO SUPERIOR A 50 MIL HABITANTES OU INTEGRANTES DE REGIOES METROPOLITANAS OU DE REGIOES INTEGRADAS DE DESENVOLVIMENTO;FORTALECIMENTO DA GESTÃO URBANA;17 - Saneamento;Administração Pública Estadual ou do Distrito Federal;RJ;RIO DE JANEIRO;10402.68
1;2016;1P95 - APOIO A ELABORACAO DE PLANOS E PROJETOS DE SANEAMENTO EM MUNICIPIOS COM POPULACAO SUPERIOR A 50 MIL HABITANTES OU INTEGRANTES DE REGIOES METROPOLITANAS OU DE REGIOES INTEGRADAS DE DESENVOLVIMENTO;SANEAMENTO BASICO;17 - Saneamento;Administração Pública Municipal;RJ;BELFORD ROXO;21416.54
8;2014;1P95 - APOIO A ELABORACAO DE PLANOS E PROJETOS DE SANEAMENTO EM MUNICIPIOS COM POPULACAO SUPERIOR A 50 MIL HABITANTES OU INTEGRANTES DE REGIOES METROPOLITANAS OU DE REGIOES INTEGRADAS DE DESENVOLVIMENTO;SANEAMENTO BASICO;17 - Saneamento;Administração Pública Municipal;RJ;MESQUITA;24500.00
3;2014;10SC - APOIO A IMPLANTACAO, AMPLIACAO OU MELHORIAS EM SISTEMAS DE ABASTECIMENTO DE AGUA EM MUNICIPIOS COM POPULACAO SUPERIOR A 50 MIL HABITANTES OU MUNICIPIOS INTEGRANTES DE REGIOES METROPOLITANAS OU DE REGIOES INTEGRADAS DE DESENVOLVIMENTO;SERVIÇOS URBANOS DE ÁGUA E ESGOTO;17 - Saneamento;Administração Pública Estadual ou do Distrito Federal;RJ;RIO DE JANEIRO;21856.12
8;2014;1N08 - APOIO A IMPLANTACAO, AMPLIACAO OU MELHORIAS DE SISTEMAS DE ESGOTAMENTO SANITARIO EM MUNICIPIOS COM POPULACAO SUPERIOR A 50 MIL HABITANTES OU MUNICIPIOS INTEGRANTES DE REGIOES METROPOLITANAS OU DE REGIOES INTEGRADAS DE DESENVOLVIMENTO;SANEAMENTO BASICO;17 - Saneamento;Administração Pública Municipal;RJ;ANGRA DOS REIS;4992.00
11;2015;1P95 - APOIO A ELABORACAO DE PLANOS E PROJETOS DE SANEAMENTO EM MUNICIPIOS COM POPULACAO SUPERIOR A 50 MIL HABITANTES OU INTEGRANTES DE REGIOES METROPOLITANAS OU DE REGIOES INTEGRADAS DE DESENVOLVIMENTO;SANEAMENTO BASICO;17 - Saneamento;Administração Pública Municipal;RJ;BELFORD ROXO;6419.32
2;2015;1P95 - APOIO A ELABORACAO DE PLANOS E PROJETOS DE SANEAMENTO EM MUNICIPIOS COM POPULACAO SUPERIOR A 50 MIL HABITANTES OU INTEGRANTES DE REGIOES METROPOLITANAS OU DE REGIOES INTEGRADAS DE DESENVOLVIMENTO;SANEAMENTO BASICO;17 - Saneamento;Administração Pública Estadual ou do Distrito Federal;RJ;RIO DE JANEIRO;151949.31
1;2014;1P95 - APOIO A ELABORACAO DE PLANOS E PROJETOS DE SANEAMENTO EM MUNICIPIOS COM POPULACAO SUPERIOR A 50 MIL HABITANTES OU INTEGRANTES DE REGIOES METROPOLITANAS OU DE REGIOES INTEGRADAS DE DESENVOLVIMENTO;SANEAMENTO BASICO;17 - Saneamento;Administração Pública Municipal;RJ;SÃO JOÃO DE MERITI;417004.85
4;2018;1P95 - APOIO A ELABORACAO DE PLANOS E PROJETOS DE SANEAMENTO EM MUNICIPIOS COM POPULACAO SUPERIOR A 50 MIL HABITANTES OU INTEGRANTES DE REGIOES METROPOLITANAS OU DE REGIOES INTEGRADAS DE DESENVOLVIMENTO;SANEAMENTO BASICO;17 - Saneamento;Administração Pública Municipal;RJ;MESQUITA;54476.92
4;2014;1P95 - APOIO A ELABORACAO DE PLANOS E PROJETOS DE SANEAMENTO EM MUNICIPIOS COM POPULACAO SUPERIOR A 50 MIL HABITANTES OU INTEGRANTES DE REGIOES METROPOLITANAS OU DE REGIOES INTEGRADAS DE DESENVOLVIMENTO;SANEAMENTO BASICO;17 - Saneamento;Administração Pública Estadual ou do Distrito Federal;RJ;RIO DE JANEIRO;219036.15
11;2015;1P95 - APOIO A ELABORACAO DE PLANOS E PROJETOS DE SANEAMENTO EM MUNICIPIOS COM POPULACAO SUPERIOR A 50 MIL HABITANTES OU INTEGRANTES DE REGIOES METROPOLITANAS OU DE REGIOES INTEGRADAS DE DESENVOLVIMENTO;FORTALECIMENTO DA GESTÃO URBANA;17 - Saneamento;Administração Pública Municipal;RJ;BELFORD ROXO;12302.80
7;2016;1P95 - APOIO A ELABORACAO DE PLANOS E PROJETOS DE SANEAMENTO EM MUNICIPIOS COM POPULACAO SUPERIOR A 50 MIL HABITANTES OU INTEGRANTES DE REGIOES METROPOLITANAS OU DE REGIOES INTEGRADAS DE DESENVOLVIMENTO;SANEAMENTO BASICO;17 - Saneamento;Administração Pública Municipal;RJ;BARRA DO PIRAÍ;98858.80
3;2014;10SC - APOIO A IMPLANTACAO, AMPLIACAO OU MELHORIAS EM SISTEMAS DE ABASTECIMENTO DE AGUA EM MUNICIPIOS COM POPULACAO SUPERIOR A 50 MIL HABITANTES OU MUNICIPIOS INTEGRANTES DE REGIOES METROPOLITANAS OU DE REGIOES INTEGRADAS DE DESENVOLVIMENTO;SANEAMENTO BASICO;17 - Saneamento;Administração Pública Estadual ou do Distrito Federal;RJ;RIO DE JANEIRO;8900629.45
3;2014;1P95 - APOIO A ELABORACAO DE PLANOS E PROJETOS DE SANEAMENTO EM MUNICIPIOS COM POPULACAO SUPERIOR A 50 MIL HABITANTES OU INTEGRANTES DE REGIOES METROPOLITANAS OU DE REGIOES INTEGRADAS DE DESENVOLVIMENTO;SANEAMENTO BASICO;17 - Saneamento;Administração Pública Municipal;RJ;BELFORD ROXO;92206.24
10;2014;1P95 - APOIO A ELABORACAO DE PLANOS E PROJETOS DE SANEAMENTO EM MUNICIPIOS COM POPULACAO SUPERIOR A 50 MIL HABITANTES OU INTEGRANTES DE REGIOES METROPOLITANAS OU DE REGIOES INTEGRADAS DE DESENVOLVIMENTO;SANEAMENTO BASICO;17 - Saneamento;Administração Pública Municipal;RJ;NOVA FRIBURGO;186690.00
8;2014;1P95 - APOIO A ELABORACAO DE PLANOS E PROJETOS DE SANEAMENTO EM MUNICIPIOS COM POPULACAO SUPERIOR A 50 MIL HABITANTES OU INTEGRANTES DE REGIOES METROPOLITANAS OU DE REGIOES INTEGRADAS DE DESENVOLVIMENTO;SANEAMENTO BASICO;17 - Saneamento;Administração Pública Municipal;RJ;NOVA FRIBURGO;77073.13
8;2014;1P95 - APOIO A ELABORACAO DE PLANOS E PROJETOS DE SANEAMENTO EM MUNICIPIOS COM POPULACAO SUPERIOR A 50 MIL HABITANTES OU INTEGRANTES DE REGIOES METROPOLITANAS OU DE REGIOES INTEGRADAS DE DESENVOLVIMENTO;SANEAMENTO BASICO;17 - Saneamento;Administração Pública Municipal;RJ;SÃO JOÃO DE MERITI;35338.02
7;2015;10SG - APOIO A SISTEMAS DE DRENAGEM URBANA SUSTENTAVEL E DE MANEJO DE AGUAS PLUVIAIS EM MUNICIPIOS CRITICOS SUJEITOS A EVENTOS RECORRENTES DE INUNDACOES, ENXURRADAS E ALAGAMENTOS;GESTAO DE RISCOS E DE DESASTRES;17 - Saneamento;Administração Pública Estadual ou do Distrito Federal;RJ;RIO DE JANEIRO;3488927.49
6;2014;10SC - APOIO A IMPLANTACAO, AMPLIACAO OU MELHORIAS EM SISTEMAS DE ABASTECIMENTO DE AGUA EM MUNICIPIOS COM POPULACAO SUPERIOR A 50 MIL HABITANTES OU MUNICIPIOS INTEGRANTES DE REGIOES METROPOLITANAS OU DE REGIOES INTEGRADAS DE DESENVOLVIMENTO;SANEAMENTO BASICO;17 - Saneamento;Administração Pública Estadual ou do Distrito Federal;RJ;RIO DE JANEIRO;824094.77
7;2016;10S5 - APOIO A EMPREENDIMENTOS DE SANEAMENTO INTEGRADO EM MUNICIPIOS COM POPULACAO SUPERIOR A 50 MIL HABITANTES OU MUNICIPIOS INTEGRANTES DE REGIOES METROPOLITANAS OU DE REGIOES INTEGRADAS DE DESENVOLVIMENTO;SERVIÇOS URBANOS DE ÁGUA E ESGOTO;17 - Saneamento;Administração Pública Municipal;RJ;MESQUITA;1230710.30
1;2018;1N08 - APOIO A IMPLANTACAO, AMPLIACAO OU MELHORIAS DE SISTEMAS DE ESGOTAMENTO SANITARIO EM MUNICIPIOS COM POPULACAO SUPERIOR A 50 MIL HABITANTES OU MUNICIPIOS INTEGRANTES DE REGIOES METROPOLITANAS OU DE REGIOES INTEGRADAS DE DESENVOLVIMENTO;SERVIÇOS URBANOS DE ÁGUA E ESGOTO;17 - Saneamento;Administração Pública Municipal;RJ;ANGRA DOS REIS;51072.46
11;2018;1P95 - APOIO A ELABORACAO DE PLANOS E PROJETOS DE SANEAMENTO EM MUNICIPIOS COM POPULACAO SUPERIOR A 50 MIL HABITANTES OU INTEGRANTES DE REGIOES METROPOLITANAS OU DE REGIOES INTEGRADAS DE DESENVOLVIMENTO;SANEAMENTO BASICO;17 - Saneamento;Administração Pública Municipal;RJ;MESQUITA;12250.00
9;2015;1N08 - APOIO A IMPLANTACAO, AMPLIACAO OU MELHORIAS DE SISTEMAS DE ESGOTAMENTO SANITARIO EM MUNICIPIOS COM POPULACAO SUPERIOR A 50 MIL HABITANTES OU MUNICIPIOS INTEGRANTES DE REGIOES METROPOLITANAS OU DE REGIOES INTEGRADAS DE DESENVOLVIMENTO;SERVIÇOS URBANOS DE ÁGUA E ESGOTO;17 - Saneamento;Administração Pública Estadual ou do Distrito Federal;RJ;RIO DE JANEIRO;251217.17
11;2018;10S5 - APOIO A EMPREENDIMENTOS DE SANEAMENTO INTEGRADO EM MUNICIPIOS COM POPULACAO SUPERIOR A 50 MIL HABITANTES OU MUNICIPIOS INTEGRANTES DE REGIOES METROPOLITANAS OU DE REGIOES INTEGRADAS DE DESENVOLVIMENTO;SANEAMENTO BASICO;17 - Saneamento;Administração Pública Municipal;RJ;BELFORD ROXO;1481688.99
10;2014;1P95 - APOIO A ELABORACAO DE PLANOS E PROJETOS DE SANEAMENTO EM MUNICIPIOS COM POPULACAO SUPERIOR A 50 MIL HABITANTES OU INTEGRANTES DE REGIOES METROPOLITANAS OU DE REGIOES INTEGRADAS DE DESENVOLVIMENTO;SANEAMENTO BASICO;17 - Saneamento;Administração Pública Municipal;RJ;BELFORD ROXO;51485.72
4;2016;10SC - APOIO A IMPLANTACAO, AMPLIACAO OU MELHORIAS EM SISTEMAS DE ABASTECIMENTO DE AGUA EM MUNICIPIOS COM POPULACAO SUPERIOR A 50 MIL HABITANTES OU MUNICIPIOS INTEGRANTES DE REGIOES METROPOLITANAS OU DE REGIOES INTEGRADAS DE DESENVOLVIMENTO;SERVIÇOS URBANOS DE ÁGUA E ESGOTO;17 - Saneamento;Administração Pública Estadual ou do Distrito Federal;RJ;RIO DE JANEIRO;6564.91
12;2017;10SG - APOIO A SISTEMAS DE DRENAGEM URBANA SUSTENTAVEL E DE MANEJO DE AGUAS PLUVIAIS EM MUNICIPIOS CRITICOS SUJEITOS A EVENTOS RECORRENTES DE INUNDACOES, ENXURRADAS E ALAGAMENTOS;GESTAO DE RISCOS E DE DESASTRES;17 - Saneamento;Administração Pública Estadual ou do Distrito Federal;RJ;RIO DE JANEIRO;2431120.00
11;2015;10SG - APOIO A SISTEMAS DE DRENAGEM URBANA SUSTENTAVEL E DE MANEJO DE AGUAS PLUVIAIS EM MUNICIPIOS CRITICOS SUJEITOS A EVENTOS RECORRENTES DE INUNDACOES, ENXURRADAS E ALAGAMENTOS;GESTAO DE RISCOS E DE DESASTRES;17 - Saneamento;Administração Pública Estadual ou do Distrito Federal;RJ;RIO DE JANEIRO;7259079.09
3;2016;1P95 - APOIO A ELABORACAO DE PLANOS E PROJETOS DE SANEAMENTO EM MUNICIPIOS COM POPULACAO SUPERIOR A 50 MIL HABITANTES OU INTEGRANTES DE REGIOES METROPOLITANAS OU DE REGIOES INTEGRADAS DE DESENVOLVIMENTO;SANEAMENTO BASICO;17 - Saneamento;Administração Pública Municipal;RJ;ITAGUAÍ;227476.20
12;2017;1N08 - APOIO A IMPLANTACAO, AMPLIACAO OU MELHORIAS DE SISTEMAS DE ESGOTAMENTO SANITARIO EM MUNICIPIOS COM POPULACAO SUPERIOR A 50 MIL HABITANTES OU MUNICIPIOS INTEGRANTES DE REGIOES METROPOLITANAS OU DE REGIOES INTEGRADAS DE DESENVOLVIMENTO;SERVIÇOS URBANOS DE ÁGUA E ESGOTO;17 - Saneamento;Administração Pública Municipal;RJ;ANGRA DOS REIS;332319.41
8;2014;10SG - APOIO A SISTEMAS DE DRENAGEM URBANA SUSTENTAVEL E DE MANEJO DE AGUAS PLUVIAIS EM MUNICIPIOS CRITICOS SUJEITOS A EVENTOS RECORRENTES DE INUNDACOES, ENXURRADAS E ALAGAMENTOS;DRENAGEM URBANA E CONTROLE DE EROSÃO MARÍTIMA E FLUVIAL;17 - Saneamento;Administração Pública Municipal;RJ;NOVA FRIBURGO;1202448.00
7;2018;1N08 - APOIO A IMPLANTACAO, AMPLIACAO OU MELHORIAS DE SISTEMAS DE ESGOTAMENTO SANITARIO EM MUNICIPIOS COM POPULACAO SUPERIOR A 50 MIL HABITANTES OU MUNICIPIOS INTEGRANTES DE REGIOES METROPOLITANAS OU DE REGIOES INTEGRADAS DE DESENVOLVIMENTO;SANEAMENTO BASICO;17 - Saneamento;Administração Pública Municipal;RJ;ANGRA DOS REIS;857474.59
11;2016;10S5 - APOIO A EMPREENDIMENTOS DE SANEAMENTO INTEGRADO EM MUNICIPIOS COM POPULACAO SUPERIOR A 50 MIL HABITANTES OU MUNICIPIOS INTEGRANTES DE REGIOES METROPOLITANAS OU DE REGIOES INTEGRADAS DE DESENVOLVIMENTO;SERVIÇOS URBANOS DE ÁGUA E ESGOTO;17 - Saneamento;Administração Pública Municipal;RJ;MESQUITA;216607.69
5;2016;1P95 - APOIO A ELABORACAO DE PLANOS E PROJETOS DE SANEAMENTO EM MUNICIPIOS COM POPULACAO SUPERIOR A 50 MIL HABITANTES OU INTEGRANTES DE REGIOES METROPOLITANAS OU DE REGIOES INTEGRADAS DE DESENVOLVIMENTO;SANEAMENTO BASICO;17 - Saneamento;Administração Pública Estadual ou do Distrito Federal;RJ;RIO DE JANEIRO;919043.17
12;2016;1P95 - APOIO A ELABORACAO DE PLANOS E PROJETOS DE SANEAMENTO EM MUNICIPIOS COM POPULACAO SUPERIOR A 50 MIL HABITANTES OU INTEGRANTES DE REGIOES METROPOLITANAS OU DE REGIOES INTEGRADAS DE DESENVOLVIMENTO;SANEAMENTO BASICO;17 - Saneamento;Administração Pública Municipal;RJ;TRÊS RIOS;26690.45
8;2014;1P95 - APOIO A ELABORACAO DE PLANOS E PROJETOS DE SANEAMENTO EM MUNICIPIOS COM POPULACAO SUPERIOR A 50 MIL HABITANTES OU INTEGRANTES DE REGIOES METROPOLITANAS OU DE REGIOES INTEGRADAS DE DESENVOLVIMENTO;FORTALECIMENTO DA GESTÃO URBANA;17 - Saneamento;Administração Pública Municipal;RJ;BELFORD ROXO;24753.75
3;2014;10SG - APOIO A SISTEMAS DE DRENAGEM URBANA SUSTENTAVEL E DE MANEJO DE AGUAS PLUVIAIS EM MUNICIPIOS CRITICOS SUJEITOS A EVENTOS RECORRENTES DE INUNDACOES, ENXURRADAS E ALAGAMENTOS;DRENAGEM URBANA E CONTROLE DE EROSÃO MARÍTIMA E FLUVIAL;17 - Saneamento;Administração Pública Municipal;RJ;NILÓPOLIS;1107489.41
7;2015;1P95 - APOIO A ELABORACAO DE PLANOS E PROJETOS DE SANEAMENTO EM MUNICIPIOS COM POPULACAO SUPERIOR A 50 MIL HABITANTES OU INTEGRANTES DE REGIOES METROPOLITANAS OU DE REGIOES INTEGRADAS DE DESENVOLVIMENTO;FORTALECIMENTO DA GESTÃO URBANA;17 - Saneamento;Administração Pública Estadual ou do Distrito Federal;RJ;RIO DE JANEIRO;8597.86
10;2017;1P95 - APOIO A ELABORACAO DE PLANOS E PROJETOS DE SANEAMENTO EM MUNICIPIOS COM POPULACAO SUPERIOR A 50 MIL HABITANTES OU INTEGRANTES DE REGIOES METROPOLITANAS OU DE REGIOES INTEGRADAS DE DESENVOLVIMENTO;SANEAMENTO BASICO;17 - Saneamento;Administração Pública Municipal;RJ;TRÊS RIOS;36535.84
6;2015;10SC - APOIO A IMPLANTACAO, AMPLIACAO OU MELHORIAS EM SISTEMAS DE ABASTECIMENTO DE AGUA EM MUNICIPIOS COM POPULACAO SUPERIOR A 50 MIL HABITANTES OU MUNICIPIOS INTEGRANTES DE REGIOES METROPOLITANAS OU DE REGIOES INTEGRADAS DE DESENVOLVIMENTO;SERVIÇOS URBANOS DE ÁGUA E ESGOTO;17 - Saneamento;Administração Pública Estadual ou do Distrito Federal;RJ;RIO DE JANEIRO;559293.43
9;2014;10SC - APOIO A IMPLANTACAO, AMPLIACAO OU MELHORIAS EM SISTEMAS DE ABASTECIMENTO DE AGUA EM MUNICIPIOS COM POPULACAO SUPERIOR A 50 MIL HABITANTES OU MUNICIPIOS INTEGRANTES DE REGIOES METROPOLITANAS OU DE REGIOES INTEGRADAS DE DESENVOLVIMENTO;SANEAMENTO BASICO;17 - Saneamento;Administração Pública Estadual ou do Distrito Federal;RJ;RIO DE JANEIRO;990707.71
5;2014;1P95 - APOIO A ELABORACAO DE PLANOS E PROJETOS DE SANEAMENTO EM MUNICIPIOS COM POPULACAO SUPERIOR A 50 MIL HABITANTES OU INTEGRANTES DE REGIOES METROPOLITANAS OU DE REGIOES INTEGRADAS DE DESENVOLVIMENTO;SANEAMENTO BASICO;17 - Saneamento;Administração Pública Municipal;RJ;SÃO JOÃO DE MERITI;558637.21
9;2018;10S5 - APOIO A EMPREENDIMENTOS DE SANEAMENTO INTEGRADO EM MUNICIPIOS COM POPULACAO SUPERIOR A 50 MIL HABITANTES OU MUNICIPIOS INTEGRANTES DE REGIOES METROPOLITANAS OU DE REGIOES INTEGRADAS DE DESENVOLVIMENTO;SANEAMENTO BASICO;17 - Saneamento;Administração Pública Municipal;RJ;BELFORD ROXO;851897.83
11;2015;1P95 - APOIO A ELABORACAO DE PLANOS E PROJETOS DE SANEAMENTO EM MUNICIPIOS COM POPULACAO SUPERIOR A 50 MIL HABITANTES OU INTEGRANTES DE REGIOES METROPOLITANAS OU DE REGIOES INTEGRADAS DE DESENVOLVIMENTO;FORTALECIMENTO DA GESTÃO URBANA;17 - Saneamento;Administração Pública Estadual ou do Distrito Federal;RJ;RIO DE JANEIRO;103261.28
8;2014;1P95 - APOIO A ELABORACAO DE PLANOS E PROJETOS DE SANEAMENTO EM MUNICIPIOS COM POPULACAO SUPERIOR A 50 MIL HABITANTES OU INTEGRANTES DE REGIOES METROPOLITANAS OU DE REGIOES INTEGRADAS DE DESENVOLVIMENTO;SANEAMENTO BASICO;17 - Saneamento;Administração Pública Municipal;RJ;BELFORD ROXO;104756.24
8;2014;1P95 - APOIO A ELABORACAO DE PLANOS E PROJETOS DE SANEAMENTO EM MUNICIPIOS COM POPULACAO SUPERIOR A 50 MIL HABITANTES OU INTEGRANTES DE REGIOES METROPOLITANAS OU DE REGIOES INTEGRADAS DE DESENVOLVIMENTO;FORTALECIMENTO DA GESTÃO URBANA;17 - Saneamento;Administração Pública Estadual ou do Distrito Federal;RJ;RIO DE JANEIRO;356228.24
9;2016;10SG - APOIO A SISTEMAS DE DRENAGEM URBANA SUSTENTAVEL E DE MANEJO DE AGUAS PLUVIAIS EM MUNICIPIOS CRITICOS SUJEITOS A EVENTOS RECORRENTES DE INUNDACOES, ENXURRADAS E ALAGAMENTOS;GESTAO DE RISCOS E DE DESASTRES;17 - Saneamento;Administração Pública Municipal;RJ;VOLTA REDONDA;75452.64
10;2015;1P95 - APOIO A ELABORACAO DE PLANOS E PROJETOS DE SANEAMENTO EM MUNICIPIOS COM POPULACAO SUPERIOR A 50 MIL HABITANTES OU INTEGRANTES DE REGIOES METROPOLITANAS OU DE REGIOES INTEGRADAS DE DESENVOLVIMENTO;SANEAMENTO BASICO;17 - Saneamento;Administração Pública Estadual ou do Distrito Federal;RJ;RIO DE JANEIRO;420849.69
8;2015;10SG - APOIO A SISTEMAS DE DRENAGEM URBANA SUSTENTAVEL E DE MANEJO DE AGUAS PLUVIAIS EM MUNICIPIOS CRITICOS SUJEITOS A EVENTOS RECORRENTES DE INUNDACOES, ENXURRADAS E ALAGAMENTOS;GESTAO DE RISCOS E DE DESASTRES;17 - Saneamento;Administração Pública Estadual ou do Distrito Federal;RJ;RIO DE JANEIRO;19340615.74
9;2015;10SG - APOIO A SISTEMAS DE DRENAGEM URBANA SUSTENTAVEL E DE MANEJO DE AGUAS PLUVIAIS EM MUNICIPIOS CRITICOS SUJEITOS A EVENTOS RECORRENTES DE INUNDACOES, ENXURRADAS E ALAGAMENTOS;GESTAO DE RISCOS E DE DESASTRES;17 - Saneamento;Administração Pública Estadual ou do Distrito Federal;RJ;RIO DE JANEIRO;43471207.91
4;2016;1P95 - APOIO A ELABORACAO DE PLANOS E PROJETOS DE SANEAMENTO EM MUNICIPIOS COM POPULACAO SUPERIOR A 50 MIL HABITANTES OU INTEGRANTES DE REGIOES METROPOLITANAS OU DE REGIOES INTEGRADAS DE DESENVOLVIMENTO;SANEAMENTO BASICO;17 - Saneamento;Administração Pública Estadual ou do Distrito Federal;RJ;RIO DE JANEIRO;976393.57
11;2018;10S5 - APOIO A EMPREENDIMENTOS DE SANEAMENTO INTEGRADO EM MUNICIPIOS COM POPULACAO SUPERIOR A 50 MIL HABITANTES OU MUNICIPIOS INTEGRANTES DE REGIOES METROPOLITANAS OU DE REGIOES INTEGRADAS DE DESENVOLVIMENTO;SANEAMENTO BASICO;17 - Saneamento;Administração Pública Municipal;RJ;QUEIMADOS;172444.45
10;2014;1P95 - APOIO A ELABORACAO DE PLANOS E PROJETOS DE SANEAMENTO EM MUNICIPIOS COM POPULACAO SUPERIOR A 50 MIL HABITANTES OU INTEGRANTES DE REGIOES METROPOLITANAS OU DE REGIOES INTEGRADAS DE DESENVOLVIMENTO;SANEAMENTO BASICO;17 - Saneamento;Administração Pública Municipal;RJ;BARRA MANSA;258750.00
11;2015;1N08 - APOIO A IMPLANTACAO, AMPLIACAO OU MELHORIAS DE SISTEMAS DE ESGOTAMENTO SANITARIO EM MUNICIPIOS COM POPULACAO SUPERIOR A 50 MIL HABITANTES OU MUNICIPIOS INTEGRANTES DE REGIOES METROPOLITANAS OU DE REGIOES INTEGRADAS DE DESENVOLVIMENTO;SERVIÇOS URBANOS DE ÁGUA E ESGOTO;17 - Saneamento;Administração Pública Municipal;RJ;NILÓPOLIS;311790.79
9;2014;10SG - APOIO A SISTEMAS DE DRENAGEM URBANA SUSTENTAVEL E DE MANEJO DE AGUAS PLUVIAIS EM MUNICIPIOS CRITICOS SUJEITOS A EVENTOS RECORRENTES DE INUNDACOES, ENXURRADAS E ALAGAMENTOS;DRENAGEM URBANA E CONTROLE DE EROSÃO MARÍTIMA E FLUVIAL;17 - Saneamento;Administração Pública Municipal;RJ;NOVA FRIBURGO;1318721.60
2;2016;10S5 - APOIO A EMPREENDIMENTOS DE SANEAMENTO INTEGRADO EM MUNICIPIOS COM POPULACAO SUPERIOR A 50 MIL HABITANTES OU MUNICIPIOS INTEGRANTES DE REGIOES METROPOLITANAS OU DE REGIOES INTEGRADAS DE DESENVOLVIMENTO;SERVIÇOS URBANOS DE ÁGUA E ESGOTO;17 - Saneamento;Administração Pública Municipal;RJ;MESQUITA;29009.15
7;2016;1P95 - APOIO A ELABORACAO DE PLANOS E PROJETOS DE SANEAMENTO EM MUNICIPIOS COM POPULACAO SUPERIOR A 50 MIL HABITANTES OU INTEGRANTES DE REGIOES METROPOLITANAS OU DE REGIOES INTEGRADAS DE DESENVOLVIMENTO;SANEAMENTO BASICO;17 - Saneamento;Administração Pública Estadual ou do Distrito Federal;RJ;RIO DE JANEIRO;578385.53
12;2018;10S5 - APOIO A EMPREENDIMENTOS DE SANEAMENTO INTEGRADO EM MUNICIPIOS COM POPULACAO SUPERIOR A 50 MIL HABITANTES OU MUNICIPIOS INTEGRANTES DE REGIOES METROPOLITANAS OU DE REGIOES INTEGRADAS DE DESENVOLVIMENTO;SANEAMENTO BASICO;17 - Saneamento;Administração Pública Municipal;RJ;BELFORD ROXO;1350282.76
7;2014;10SC - APOIO A IMPLANTACAO, AMPLIACAO OU MELHORIAS EM SISTEMAS DE ABASTECIMENTO DE AGUA EM MUNICIPIOS COM POPULACAO SUPERIOR A 50 MIL HABITANTES OU MUNICIPIOS INTEGRANTES DE REGIOES METROPOLITANAS OU DE REGIOES INTEGRADAS DE DESENVOLVIMENTO;SERVIÇOS URBANOS DE ÁGUA E ESGOTO;17 - Saneamento;Administração Pública Estadual ou do Distrito Federal;RJ;RIO DE JANEIRO;294394.14
11;2015;1P95 - APOIO A ELABORACAO DE PLANOS E PROJETOS DE SANEAMENTO EM MUNICIPIOS COM POPULACAO SUPERIOR A 50 MIL HABITANTES OU INTEGRANTES DE REGIOES METROPOLITANAS OU DE REGIOES INTEGRADAS DE DESENVOLVIMENTO;SANEAMENTO BASICO;17 - Saneamento;Administração Pública Estadual ou do Distrito Federal;RJ;RIO DE JANEIRO;835085.67
4;2014;10SC - APOIO A IMPLANTACAO, AMPLIACAO OU MELHORIAS EM SISTEMAS DE ABASTECIMENTO DE AGUA EM MUNICIPIOS COM POPULACAO SUPERIOR A 50 MIL HABITANTES OU MUNICIPIOS INTEGRANTES DE REGIOES METROPOLITANAS OU DE REGIOES INTEGRADAS DE DESENVOLVIMENTO;SERVIÇOS URBANOS DE ÁGUA E ESGOTO;17 - Saneamento;Administração Pública Estadual ou do Distrito Federal;RJ;RIO DE JANEIRO;274387.81
5;2015;10SC - APOIO A IMPLANTACAO, AMPLIACAO OU MELHORIAS EM SISTEMAS DE ABASTECIMENTO DE AGUA EM MUNICIPIOS COM POPULACAO SUPERIOR A 50 MIL HABITANTES OU MUNICIPIOS INTEGRANTES DE REGIOES METROPOLITANAS OU DE REGIOES INTEGRADAS DE DESENVOLVIMENTO;SANEAMENTO BASICO;17 - Saneamento;Administração Pública Estadual ou do Distrito Federal;RJ;RIO DE JANEIRO;391893.08
3;2016;1P95 - APOIO A ELABORACAO DE PLANOS E PROJETOS DE SANEAMENTO EM MUNICIPIOS COM POPULACAO SUPERIOR A 50 MIL HABITANTES OU INTEGRANTES DE REGIOES METROPOLITANAS OU DE REGIOES INTEGRADAS DE DESENVOLVIMENTO;SANEAMENTO BASICO;17 - Saneamento;Administração Pública Estadual ou do Distrito Federal;RJ;RIO DE JANEIRO;1361269.37
3;2014;1P95 - APOIO A ELABORACAO DE PLANOS E PROJETOS DE SANEAMENTO EM MUNICIPIOS COM POPULACAO SUPERIOR A 50 MIL HABITANTES OU INTEGRANTES DE REGIOES METROPOLITANAS OU DE REGIOES INTEGRADAS DE DESENVOLVIMENTO;SANEAMENTO BASICO;17 - Saneamento;Administração Pública Estadual ou do Distrito Federal;RJ;RIO DE JANEIRO;610067.26
5;2016;10SC - APOIO A IMPLANTACAO, AMPLIACAO OU MELHORIAS EM SISTEMAS DE ABASTECIMENTO DE AGUA EM MUNICIPIOS COM POPULACAO SUPERIOR A 50 MIL HABITANTES OU MUNICIPIOS INTEGRANTES DE REGIOES METROPOLITANAS OU DE REGIOES INTEGRADAS DE DESENVOLVIMENTO;SERVIÇOS URBANOS DE ÁGUA E ESGOTO;17 - Saneamento;Administração Pública Estadual ou do Distrito Federal;RJ;RIO DE JANEIRO;185986.71
12;2015;1P95 - APOIO A ELABORACAO DE PLANOS E PROJETOS DE SANEAMENTO EM MUNICIPIOS COM POPULACAO SUPERIOR A 50 MIL HABITANTES OU INTEGRANTES DE REGIOES METROPOLITANAS OU DE REGIOES INTEGRADAS DE DESENVOLVIMENTO;FORTALECIMENTO DA GESTÃO URBANA;17 - Saneamento;Administração Pública Municipal;RJ;ITAGUAÍ;6294.12
12;2016;10S5 - APOIO A EMPREENDIMENTOS DE SANEAMENTO INTEGRADO EM MUNICIPIOS COM POPULACAO SUPERIOR A 50 MIL HABITANTES OU MUNICIPIOS INTEGRANTES DE REGIOES METROPOLITANAS OU DE REGIOES INTEGRADAS DE DESENVOLVIMENTO;SANEAMENTO BASICO;17 - Saneamento;Administração Pública Municipal;RJ;BELFORD ROXO;1162753.37
9;2014;10S5 - APOIO A EMPREENDIMENTOS DE SANEAMENTO INTEGRADO EM MUNICIPIOS COM POPULACAO SUPERIOR A 50 MIL HABITANTES OU MUNICIPIOS INTEGRANTES DE REGIOES METROPOLITANAS OU DE REGIOES INTEGRADAS DE DESENVOLVIMENTO;SANEAMENTO BASICO;17 - Saneamento;Administração Pública Municipal;RJ;MESQUITA;784829.68
1;2016;1N08 - APOIO A IMPLANTACAO, AMPLIACAO OU MELHORIAS DE SISTEMAS DE ESGOTAMENTO SANITARIO EM MUNICIPIOS COM POPULACAO SUPERIOR A 50 MIL HABITANTES OU MUNICIPIOS INTEGRANTES DE REGIOES METROPOLITANAS OU DE REGIOES INTEGRADAS DE DESENVOLVIMENTO;SERVIÇOS URBANOS DE ÁGUA E ESGOTO;17 - Saneamento;Administração Pública Estadual ou do Distrito Federal;RJ;RIO DE JANEIRO;686027.13
7;2015;1P95 - APOIO A ELABORACAO DE PLANOS E PROJETOS DE SANEAMENTO EM MUNICIPIOS COM POPULACAO SUPERIOR A 50 MIL HABITANTES OU INTEGRANTES DE REGIOES METROPOLITANAS OU DE REGIOES INTEGRADAS DE DESENVOLVIMENTO;SANEAMENTO BASICO;17 - Saneamento;Administração Pública Municipal;RJ;TRÊS RIOS;45739.07
1;2014;10SG - APOIO A SISTEMAS DE DRENAGEM URBANA SUSTENTAVEL E DE MANEJO DE AGUAS PLUVIAIS EM MUNICIPIOS CRITICOS SUJEITOS A EVENTOS RECORRENTES DE INUNDACOES, ENXURRADAS E ALAGAMENTOS;GESTAO DE RISCOS E DE DESASTRES;17 - Saneamento;Administração Pública Municipal;RJ;RIO DE JANEIRO;0.00
9;2016;10SG - APOIO A SISTEMAS DE DRENAGEM URBANA SUSTENTAVEL E DE MANEJO DE AGUAS PLUVIAIS EM MUNICIPIOS CRITICOS SUJEITOS A EVENTOS RECORRENTES DE INUNDACOES, ENXURRADAS E ALAGAMENTOS;GESTAO DE RISCOS E DE DESASTRES;17 - Saneamento;Administração Pública Estadual ou do Distrito Federal;RJ;RIO DE JANEIRO;5393490.86
8;2014;1N08 - APOIO A IMPLANTACAO, AMPLIACAO OU MELHORIAS DE SISTEMAS DE ESGOTAMENTO SANITARIO EM MUNICIPIOS COM POPULACAO SUPERIOR A 50 MIL HABITANTES OU MUNICIPIOS INTEGRANTES DE REGIOES METROPOLITANAS OU DE REGIOES INTEGRADAS DE DESENVOLVIMENTO;SANEAMENTO BASICO;17 - Saneamento;Administração Pública Estadual ou do Distrito Federal;RJ;RIO DE JANEIRO;164863.90
12;2016;10SC - APOIO A IMPLANTACAO, AMPLIACAO OU MELHORIAS EM SISTEMAS DE ABASTECIMENTO DE AGUA EM MUNICIPIOS COM POPULACAO SUPERIOR A 50 MIL HABITANTES OU MUNICIPIOS INTEGRANTES DE REGIOES METROPOLITANAS OU DE REGIOES INTEGRADAS DE DESENVOLVIMENTO;SANEAMENTO BASICO;17 - Saneamento;Administração Pública Municipal;RJ;VOLTA REDONDA;12900.59
12;2018;1N08 - APOIO A IMPLANTACAO, AMPLIACAO OU MELHORIAS DE SISTEMAS DE ESGOTAMENTO SANITARIO EM MUNICIPIOS COM POPULACAO SUPERIOR A 50 MIL HABITANTES OU MUNICIPIOS INTEGRANTES DE REGIOES METROPOLITANAS OU DE REGIOES INTEGRADAS DE DESENVOLVIMENTO;SANEAMENTO BASICO;17 - Saneamento;Administração Pública Municipal;RJ;ANGRA DOS REIS;489299.87
12;2016;10SC - APOIO A IMPLANTACAO, AMPLIACAO OU MELHORIAS EM SISTEMAS DE ABASTECIMENTO DE AGUA EM MUNICIPIOS COM POPULACAO SUPERIOR A 50 MIL HABITANTES OU MUNICIPIOS INTEGRANTES DE REGIOES METROPOLITANAS OU DE REGIOES INTEGRADAS DE DESENVOLVIMENTO;SERVIÇOS URBANOS DE ÁGUA E ESGOTO;17 - Saneamento;Administração Pública Estadual ou do Distrito Federal;RJ;RIO DE JANEIRO;85446.25
1;2014;10SC - APOIO A IMPLANTACAO, AMPLIACAO OU MELHORIAS EM SISTEMAS DE ABASTECIMENTO DE AGUA EM MUNICIPIOS COM POPULACAO SUPERIOR A 50 MIL HABITANTES OU MUNICIPIOS INTEGRANTES DE REGIOES METROPOLITANAS OU DE REGIOES INTEGRADAS DE DESENVOLVIMENTO;SANEAMENTO BASICO;17 - Saneamento;Administração Pública Estadual ou do Distrito Federal;RJ;RIO DE JANEIRO;1325557.59
12;2015;1N08 - APOIO A IMPLANTACAO, AMPLIACAO OU MELHORIAS DE SISTEMAS DE ESGOTAMENTO SANITARIO EM MUNICIPIOS COM POPULACAO SUPERIOR A 50 MIL HABITANTES OU MUNICIPIOS INTEGRANTES DE REGIOES METROPOLITANAS OU DE REGIOES INTEGRADAS DE DESENVOLVIMENTO;SANEAMENTO BASICO;17 - Saneamento;Administração Pública Estadual ou do Distrito Federal;RJ;RIO DE JANEIRO;9932.67
10;2014;1P95 - APOIO A ELABORACAO DE PLANOS E PROJETOS DE SANEAMENTO EM MUNICIPIOS COM POPULACAO SUPERIOR A 50 MIL HABITANTES OU INTEGRANTES DE REGIOES METROPOLITANAS OU DE REGIOES INTEGRADAS DE DESENVOLVIMENTO;SANEAMENTO BASICO;17 - Saneamento;Administração Pública Estadual ou do Distrito Federal;RJ;RIO DE JANEIRO;609044.84
1;2017;1P95 - APOIO A ELABORACAO DE PLANOS E PROJETOS DE SANEAMENTO EM MUNICIPIOS COM POPULACAO SUPERIOR A 50 MIL HABITANTES OU INTEGRANTES DE REGIOES METROPOLITANAS OU DE REGIOES INTEGRADAS DE DESENVOLVIMENTO;SANEAMENTO BASICO;17 - Saneamento;Administração Pública Municipal;RJ;BARRA DO PIRAÍ;172568.39
11;2015;10SC - APOIO A IMPLANTACAO, AMPLIACAO OU MELHORIAS EM SISTEMAS DE ABASTECIMENTO DE AGUA EM MUNICIPIOS COM POPULACAO SUPERIOR A 50 MIL HABITANTES OU MUNICIPIOS INTEGRANTES DE REGIOES METROPOLITANAS OU DE REGIOES INTEGRADAS DE DESENVOLVIMENTO;SERVIÇOS URBANOS DE ÁGUA E ESGOTO;17 - Saneamento;Administração Pública Estadual ou do Distrito Federal;RJ;RIO DE JANEIRO;400561.83
1;2017;1P95 - APOIO A ELABORACAO DE PLANOS E PROJETOS DE SANEAMENTO EM MUNICIPIOS COM POPULACAO SUPERIOR A 50 MIL HABITANTES OU INTEGRANTES DE REGIOES METROPOLITANAS OU DE REGIOES INTEGRADAS DE DESENVOLVIMENTO;SANEAMENTO BASICO;17 - Saneamento;Administração Pública Estadual ou do Distrito Federal;RJ;RIO DE JANEIRO;824152.76
1;2016;10SC - APOIO A IMPLANTACAO, AMPLIACAO OU MELHORIAS EM SISTEMAS DE ABASTECIMENTO DE AGUA EM MUNICIPIOS COM POPULACAO SUPERIOR A 50 MIL HABITANTES OU MUNICIPIOS INTEGRANTES DE REGIOES METROPOLITANAS OU DE REGIOES INTEGRADAS DE DESENVOLVIMENTO;SERVIÇOS URBANOS DE ÁGUA E ESGOTO;17 - Saneamento;Administração Pública Estadual ou do Distrito Federal;RJ;RIO DE JANEIRO;1190801.54
3;2015;1P95 - APOIO A ELABORACAO DE PLANOS E PROJETOS DE SANEAMENTO EM MUNICIPIOS COM POPULACAO SUPERIOR A 50 MIL HABITANTES OU INTEGRANTES DE REGIOES METROPOLITANAS OU DE REGIOES INTEGRADAS DE DESENVOLVIMENTO;SANEAMENTO BASICO;17 - Saneamento;Administração Pública Estadual ou do Distrito Federal;RJ;RIO DE JANEIRO;308108.25
10;2017;1P95 - APOIO A ELABORACAO DE PLANOS E PROJETOS DE SANEAMENTO EM MUNICIPIOS COM POPULACAO SUPERIOR A 50 MIL HABITANTES OU INTEGRANTES DE REGIOES METROPOLITANAS OU DE REGIOES INTEGRADAS DE DESENVOLVIMENTO;FORTALECIMENTO DA GESTÃO URBANA;17 - Saneamento;Administração Pública Municipal;RJ;MESQUITA;7140.00
5;2016;1P95 - APOIO A ELABORACAO DE PLANOS E PROJETOS DE SANEAMENTO EM MUNICIPIOS COM POPULACAO SUPERIOR A 50 MIL HABITANTES OU INTEGRANTES DE REGIOES METROPOLITANAS OU DE REGIOES INTEGRADAS DE DESENVOLVIMENTO;FORTALECIMENTO DA GESTÃO URBANA;17 - Saneamento;Administração Pública Estadual ou do Distrito Federal;RJ;RIO DE JANEIRO;133911.81
10;2018;10S5 - APOIO A EMPREENDIMENTOS DE SANEAMENTO INTEGRADO EM MUNICIPIOS COM POPULACAO SUPERIOR A 50 MIL HABITANTES OU MUNICIPIOS INTEGRANTES DE REGIOES METROPOLITANAS OU DE REGIOES INTEGRADAS DE DESENVOLVIMENTO;SANEAMENTO BASICO;17 - Saneamento;Administração Pública Municipal;RJ;QUEIMADOS;147987.82
4;2018;1P95 - APOIO A ELABORACAO DE PLANOS E PROJETOS DE SANEAMENTO EM MUNICIPIOS COM POPULACAO SUPERIOR A 50 MIL HABITANTES OU INTEGRANTES DE REGIOES METROPOLITANAS OU DE REGIOES INTEGRADAS DE DESENVOLVIMENTO;SANEAMENTO BASICO;17 - Saneamento;Administração Pública Estadual ou do Distrito Federal;RJ;RIO DE JANEIRO;137259.05
5;2014;10SC - APOIO A IMPLANTACAO, AMPLIACAO OU MELHORIAS EM SISTEMAS DE ABASTECIMENTO DE AGUA EM MUNICIPIOS COM POPULACAO SUPERIOR A 50 MIL HABITANTES OU MUNICIPIOS INTEGRANTES DE REGIOES METROPOLITANAS OU DE REGIOES INTEGRADAS DE DESENVOLVIMENTO;SANEAMENTO BASICO;17 - Saneamento;Administração Pública Estadual ou do Distrito Federal;RJ;RIO DE JANEIRO;9848138.56
8;2014;10SC - APOIO A IMPLANTACAO, AMPLIACAO OU MELHORIAS EM SISTEMAS DE ABASTECIMENTO DE AGUA EM MUNICIPIOS COM POPULACAO SUPERIOR A 50 MIL HABITANTES OU MUNICIPIOS INTEGRANTES DE REGIOES METROPOLITANAS OU DE REGIOES INTEGRADAS DE DESENVOLVIMENTO;SANEAMENTO BASICO;17 - Saneamento;Administração Pública Estadual ou do Distrito Federal;RJ;RIO DE JANEIRO;11463207.84
7;2016;1N08 - APOIO A IMPLANTACAO, AMPLIACAO OU MELHORIAS DE SISTEMAS DE ESGOTAMENTO SANITARIO EM MUNICIPIOS COM POPULACAO SUPERIOR A 50 MIL HABITANTES OU MUNICIPIOS INTEGRANTES DE REGIOES METROPOLITANAS OU DE REGIOES INTEGRADAS DE DESENVOLVIMENTO;SERVIÇOS URBANOS DE ÁGUA E ESGOTO;17 - Saneamento;Administração Pública Municipal;RJ;NILÓPOLIS;623226.75
4;2014;10SG - APOIO A SISTEMAS DE DRENAGEM URBANA SUSTENTAVEL E DE MANEJO DE AGUAS PLUVIAIS EM MUNICIPIOS CRITICOS SUJEITOS A EVENTOS RECORRENTES DE INUNDACOES, ENXURRADAS E ALAGAMENTOS;GESTAO DE RISCOS E DE DESASTRES;17 - Saneamento;Administração Pública Estadual ou do Distrito Federal;RJ;RIO DE JANEIRO;1750597.52
11;2016;1N08 - APOIO A IMPLANTACAO, AMPLIACAO OU MELHORIAS DE SISTEMAS DE ESGOTAMENTO SANITARIO EM MUNICIPIOS COM POPULACAO SUPERIOR A 50 MIL HABITANTES OU MUNICIPIOS INTEGRANTES DE REGIOES METROPOLITANAS OU DE REGIOES INTEGRADAS DE DESENVOLVIMENTO;SERVIÇOS URBANOS DE ÁGUA E ESGOTO;17 - Saneamento;Administração Pública Municipal;RJ;NILÓPOLIS;895867.96
1;2016;1N08 - APOIO A IMPLANTACAO, AMPLIACAO OU MELHORIAS DE SISTEMAS DE ESGOTAMENTO SANITARIO EM MUNICIPIOS COM POPULACAO SUPERIOR A 50 MIL HABITANTES OU MUNICIPIOS INTEGRANTES DE REGIOES METROPOLITANAS OU DE REGIOES INTEGRADAS DE DESENVOLVIMENTO;SANEAMENTO BASICO;17 - Saneamento;Administração Pública Estadual ou do Distrito Federal;RJ;RIO DE JANEIRO;0.28
4;2014;10SC - APOIO A IMPLANTACAO, AMPLIACAO OU MELHORIAS EM SISTEMAS DE ABASTECIMENTO DE AGUA EM MUNICIPIOS COM POPULACAO SUPERIOR A 50 MIL HABITANTES OU MUNICIPIOS INTEGRANTES DE REGIOES METROPOLITANAS OU DE REGIOES INTEGRADAS DE DESENVOLVIMENTO;SANEAMENTO BASICO;17 - Saneamento;Administração Pública Estadual ou do Distrito Federal;RJ;RIO DE JANEIRO;1311711.95
1;2015;10SG - APOIO A SISTEMAS DE DRENAGEM URBANA SUSTENTAVEL E DE MANEJO DE AGUAS PLUVIAIS EM MUNICIPIOS CRITICOS SUJEITOS A EVENTOS RECORRENTES DE INUNDACOES, ENXURRADAS E ALAGAMENTOS;GESTAO DE RISCOS E DE DESASTRES;17 - Saneamento;Administração Pública Municipal;RJ;VOLTA REDONDA;185076.24
2;2014;1P95 - APOIO A ELABORACAO DE PLANOS E PROJETOS DE SANEAMENTO EM MUNICIPIOS COM POPULACAO SUPERIOR A 50 MIL HABITANTES OU INTEGRANTES DE REGIOES METROPOLITANAS OU DE REGIOES INTEGRADAS DE DESENVOLVIMENTO;SANEAMENTO BASICO;17 - Saneamento;Administração Pública Municipal;RJ;SÃO JOÃO DE MERITI;36571.89
12;2015;10SG - APOIO A SISTEMAS DE DRENAGEM URBANA SUSTENTAVEL E DE MANEJO DE AGUAS PLUVIAIS EM MUNICIPIOS CRITICOS SUJEITOS A EVENTOS RECORRENTES DE INUNDACOES, ENXURRADAS E ALAGAMENTOS;GESTAO DE RISCOS E DE DESASTRES;17 - Saneamento;Administração Pública Municipal;RJ;VOLTA REDONDA;704850.12
3;2014;1N08 - APOIO A IMPLANTACAO, AMPLIACAO OU MELHORIAS DE SISTEMAS DE ESGOTAMENTO SANITARIO EM MUNICIPIOS COM POPULACAO SUPERIOR A 50 MIL HABITANTES OU MUNICIPIOS INTEGRANTES DE REGIOES METROPOLITANAS OU DE REGIOES INTEGRADAS DE DESENVOLVIMENTO;SANEAMENTO BASICO;17 - Saneamento;Administração Pública Municipal;RJ;ANGRA DOS REIS;503000.26
4;2015;1P95 - APOIO A ELABORACAO DE PLANOS E PROJETOS DE SANEAMENTO EM MUNICIPIOS COM POPULACAO SUPERIOR A 50 MIL HABITANTES OU INTEGRANTES DE REGIOES METROPOLITANAS OU DE REGIOES INTEGRADAS DE DESENVOLVIMENTO;FORTALECIMENTO DA GESTÃO URBANA;17 - Saneamento;Administração Pública Estadual ou do Distrito Federal;RJ;RIO DE JANEIRO;259122.79
8;2015;10SC - APOIO A IMPLANTACAO, AMPLIACAO OU MELHORIAS EM SISTEMAS DE ABASTECIMENTO DE AGUA EM MUNICIPIOS COM POPULACAO SUPERIOR A 50 MIL HABITANTES OU MUNICIPIOS INTEGRANTES DE REGIOES METROPOLITANAS OU DE REGIOES INTEGRADAS DE DESENVOLVIMENTO;SERVIÇOS URBANOS DE ÁGUA E ESGOTO;17 - Saneamento;Administração Pública Estadual ou do Distrito Federal;RJ;RIO DE JANEIRO;2375129.18
4;2015;1P95 - APOIO A ELABORACAO DE PLANOS E PROJETOS DE SANEAMENTO EM MUNICIPIOS COM POPULACAO SUPERIOR A 50 MIL HABITANTES OU INTEGRANTES DE REGIOES METROPOLITANAS OU DE REGIOES INTEGRADAS DE DESENVOLVIMENTO;SANEAMENTO BASICO;17 - Saneamento;Administração Pública Municipal;RJ;ITAGUAÍ;142869.74
3;2014;1P95 - APOIO A ELABORACAO DE PLANOS E PROJETOS DE SANEAMENTO EM MUNICIPIOS COM POPULACAO SUPERIOR A 50 MIL HABITANTES OU INTEGRANTES DE REGIOES METROPOLITANAS OU DE REGIOES INTEGRADAS DE DESENVOLVIMENTO;SANEAMENTO BASICO;17 - Saneamento;Administração Pública Municipal;RJ;TRÊS RIOS;87612.73
9;2015;10SC - APOIO A IMPLANTACAO, AMPLIACAO OU MELHORIAS EM SISTEMAS DE ABASTECIMENTO DE AGUA EM MUNICIPIOS COM POPULACAO SUPERIOR A 50 MIL HABITANTES OU MUNICIPIOS INTEGRANTES DE REGIOES METROPOLITANAS OU DE REGIOES INTEGRADAS DE DESENVOLVIMENTO;SANEAMENTO BASICO;17 - Saneamento;Administração Pública Estadual ou do Distrito Federal;RJ;RIO DE JANEIRO;171382.02
1;2014;10SG - APOIO A SISTEMAS DE DRENAGEM URBANA SUSTENTAVEL E DE MANEJO DE AGUAS PLUVIAIS EM MUNICIPIOS CRITICOS SUJEITOS A EVENTOS RECORRENTES DE INUNDACOES, ENXURRADAS E ALAGAMENTOS;GESTAO DE RISCOS E DE DESASTRES;17 - Saneamento;Administração Pública Estadual ou do Distrito Federal;RJ;RIO DE JANEIRO;2637922.94
8;2014;10SC - APOIO A IMPLANTACAO, AMPLIACAO OU MELHORIAS EM SISTEMAS DE ABASTECIMENTO DE AGUA EM MUNICIPIOS COM POPULACAO SUPERIOR A 50 MIL HABITANTES OU MUNICIPIOS INTEGRANTES DE REGIOES METROPOLITANAS OU DE REGIOES INTEGRADAS DE DESENVOLVIMENTO;SERVIÇOS URBANOS DE ÁGUA E ESGOTO;17 - Saneamento;Administração Pública Estadual ou do Distrito Federal;RJ;RIO DE JANEIRO;634953.67
7;2015;1P95 - APOIO A ELABORACAO DE PLANOS E PROJETOS DE SANEAMENTO EM MUNICIPIOS COM POPULACAO SUPERIOR A 50 MIL HABITANTES OU INTEGRANTES DE REGIOES METROPOLITANAS OU DE REGIOES INTEGRADAS DE DESENVOLVIMENTO;SANEAMENTO BASICO;17 - Saneamento;Administração Pública Estadual ou do Distrito Federal;RJ;RIO DE JANEIRO;79861.66
1;2016;1P95 - APOIO A ELABORACAO DE PLANOS E PROJETOS DE SANEAMENTO EM MUNICIPIOS COM POPULACAO SUPERIOR A 50 MIL HABITANTES OU INTEGRANTES DE REGIOES METROPOLITANAS OU DE REGIOES INTEGRADAS DE DESENVOLVIMENTO;SANEAMENTO BASICO;17 - Saneamento;Administração Pública Municipal;RJ;ITAGUAÍ;110564.55
12;2015;10S5 - APOIO A EMPREENDIMENTOS DE SANEAMENTO INTEGRADO EM MUNICIPIOS COM POPULACAO SUPERIOR A 50 MIL HABITANTES OU MUNICIPIOS INTEGRANTES DE REGIOES METROPOLITANAS OU DE REGIOES INTEGRADAS DE DESENVOLVIMENTO;SERVIÇOS URBANOS DE ÁGUA E ESGOTO;17 - Saneamento;Administração Pública Municipal;RJ;MESQUITA;61286.28
5;2016;1P95 - APOIO A ELABORACAO DE PLANOS E PROJETOS DE SANEAMENTO EM MUNICIPIOS COM POPULACAO SUPERIOR A 50 MIL HABITANTES OU INTEGRANTES DE REGIOES METROPOLITANAS OU DE REGIOES INTEGRADAS DE DESENVOLVIMENTO;SANEAMENTO BASICO;17 - Saneamento;Administração Pública Municipal;RJ;NOVA FRIBURGO;95245.63
12;2017;10SC - APOIO A IMPLANTACAO, AMPLIACAO OU MELHORIAS EM SISTEMAS DE ABASTECIMENTO DE AGUA EM MUNICIPIOS COM POPULACAO SUPERIOR A 50 MIL HABITANTES OU MUNICIPIOS INTEGRANTES DE REGIOES METROPOLITANAS OU DE REGIOES INTEGRADAS DE DESENVOLVIMENTO;SERVIÇOS URBANOS DE ÁGUA E ESGOTO;17 - Saneamento;Administração Pública Estadual ou do Distrito Federal;RJ;RIO DE JANEIRO;2075967.99
7;2015;1N08 - APOIO A IMPLANTACAO, AMPLIACAO OU MELHORIAS DE SISTEMAS DE ESGOTAMENTO SANITARIO EM MUNICIPIOS COM POPULACAO SUPERIOR A 50 MIL HABITANTES OU MUNICIPIOS INTEGRANTES DE REGIOES METROPOLITANAS OU DE REGIOES INTEGRADAS DE DESENVOLVIMENTO;SERVIÇOS URBANOS DE ÁGUA E ESGOTO;17 - Saneamento;Administração Pública Municipal;RJ;NILÓPOLIS;205739.26
1;2016;1P95 - APOIO A ELABORACAO DE PLANOS E PROJETOS DE SANEAMENTO EM MUNICIPIOS COM POPULACAO SUPERIOR A 50 MIL HABITANTES OU INTEGRANTES DE REGIOES METROPOLITANAS OU DE REGIOES INTEGRADAS DE DESENVOLVIMENTO;FORTALECIMENTO DA GESTÃO URBANA;17 - Saneamento;Administração Pública Estadual ou do Distrito Federal;RJ;RIO DE JANEIRO;447617.70
1;2018;1N08 - APOIO A IMPLANTACAO, AMPLIACAO OU MELHORIAS DE SISTEMAS DE ESGOTAMENTO SANITARIO EM MUNICIPIOS COM POPULACAO SUPERIOR A 50 MIL HABITANTES OU MUNICIPIOS INTEGRANTES DE REGIOES METROPOLITANAS OU DE REGIOES INTEGRADAS DE DESENVOLVIMENTO;SANEAMENTO BASICO;17 - Saneamento;Administração Pública Municipal;RJ;ANGRA DOS REIS;213081.66
9;2016;10SC - APOIO A IMPLANTACAO, AMPLIACAO OU MELHORIAS EM SISTEMAS DE ABASTECIMENTO DE AGUA EM MUNICIPIOS COM POPULACAO SUPERIOR A 50 MIL HABITANTES OU MUNICIPIOS INTEGRANTES DE REGIOES METROPOLITANAS OU DE REGIOES INTEGRADAS DE DESENVOLVIMENTO;SANEAMENTO BASICO;17 - Saneamento;Administração Pública Estadual ou do Distrito Federal;RJ;RIO DE JANEIRO;659427.76
5;2016;10S5 - APOIO A EMPREENDIMENTOS DE SANEAMENTO INTEGRADO EM MUNICIPIOS COM POPULACAO SUPERIOR A 50 MIL HABITANTES OU MUNICIPIOS INTEGRANTES DE REGIOES METROPOLITANAS OU DE REGIOES INTEGRADAS DE DESENVOLVIMENTO;SERVIÇOS URBANOS DE ÁGUA E ESGOTO;17 - Saneamento;Administração Pública Municipal;RJ;MESQUITA;19429.60
8;2015;1P95 - APOIO A ELABORACAO DE PLANOS E PROJETOS DE SANEAMENTO EM MUNICIPIOS COM POPULACAO SUPERIOR A 50 MIL HABITANTES OU INTEGRANTES DE REGIOES METROPOLITANAS OU DE REGIOES INTEGRADAS DE DESENVOLVIMENTO;SANEAMENTO BASICO;17 - Saneamento;Administração Pública Municipal;RJ;NOVA FRIBURGO;135016.49
2;2017;10SC - APOIO A IMPLANTACAO, AMPLIACAO OU MELHORIAS EM SISTEMAS DE ABASTECIMENTO DE AGUA EM MUNICIPIOS COM POPULACAO SUPERIOR A 50 MIL HABITANTES OU MUNICIPIOS INTEGRANTES DE REGIOES METROPOLITANAS OU DE REGIOES INTEGRADAS DE DESENVOLVIMENTO;SERVIÇOS URBANOS DE ÁGUA E ESGOTO;17 - Saneamento;Administração Pública Estadual ou do Distrito Federal;RJ;RIO DE JANEIRO;91807.99
