11;2014;8893 - APOIO A ORGANIZACAO, A GESTAO E A VIGILANCIA SOCIAL NO TERRITORIO, NO AMBITO DO SISTEMA UNICO DE ASSISTENCIA SOCIAL - SUAS;CONSOLIDACAO DO SISTEMA UNICO DE ASSISTENCIA SOCIAL (SUAS);08 - Assistência social;Fundo Público;AP;LARANJAL DO JARI;3812.85
3;2014;2A60 - SERVICOS DE PROTECAO SOCIAL BASICA;CONSOLIDACAO DO SISTEMA UNICO DE ASSISTENCIA SOCIAL (SUAS);08 - Assistência social;Fundo Público;AP;LARANJAL DO JARI;8400.00
5;2014;2A60 - SERVICOS DE PROTECAO SOCIAL BASICA;CONSOLIDACAO DO SISTEMA UNICO DE ASSISTENCIA SOCIAL (SUAS);08 - Assistência social;Fundo Público;AP;PEDRA BRANCA DO AMAPARI;6000.00
2;2014;2A65 - SERVICOS DE PROTECAO SOCIAL ESPECIAL DE MEDIA COMPLEXIDADE;CONSOLIDACAO DO SISTEMA UNICO DE ASSISTENCIA SOCIAL (SUAS);08 - Assistência social;Fundo Público;AP;VITÓRIA DO JARI;6500.00
3;2014;2A60 - SERVICOS DE PROTECAO SOCIAL BASICA;CONSOLIDACAO DO SISTEMA UNICO DE ASSISTENCIA SOCIAL (SUAS);08 - Assistência social;Fundo Público;AP;VITÓRIA DO JARI;6000.00
9;2014;2A60 - SERVICOS DE PROTECAO SOCIAL BASICA;CONSOLIDACAO DO SISTEMA UNICO DE ASSISTENCIA SOCIAL (SUAS);08 - Assistência social;Fundo Público;AP;SANTANA;12000.00
2;2014;8446 - SERVICO DE APOIO A GESTAO DESCENTRALIZADA DO PROGRAMA BOLSA FAMILIA;INCLUSAO SOCIAL POR MEIO DO BOLSA FAMILIA, DO CADASTRO UNICO;08 - Assistência social;Fundo Público;AP;OIAPOQUE;9408.75
8;2014;8446 - SERVICO DE APOIO A GESTAO DESCENTRALIZADA DO PROGRAMA BOLSA FAMILIA;INCLUSAO SOCIAL POR MEIO DO BOLSA FAMILIA, DO CADASTRO UNICO;08 - Assistência social;Fundo Público;AP;TARTARUGALZINHO;4058.80
2;2014;8446 - SERVICO DE APOIO A GESTAO DESCENTRALIZADA DO PROGRAMA BOLSA FAMILIA;INCLUSAO SOCIAL POR MEIO DO BOLSA FAMILIA, DO CADASTRO UNICO;08 - Assistência social;Fundo Público;AP;PORTO GRANDE;7566.49
4;2014;8893 - APOIO A ORGANIZACAO, A GESTAO E A VIGILANCIA SOCIAL NO TERRITORIO, NO AMBITO DO SISTEMA UNICO DE ASSISTENCIA SOCIAL - SUAS;CONSOLIDACAO DO SISTEMA UNICO DE ASSISTENCIA SOCIAL (SUAS);08 - Assistência social;Fundo Público;AP;CUTIAS;1215.20
2;2014;8446 - SERVICO DE APOIO A GESTAO DESCENTRALIZADA DO PROGRAMA BOLSA FAMILIA;INCLUSAO SOCIAL POR MEIO DO BOLSA FAMILIA, DO CADASTRO UNICO;08 - Assistência social;Fundo Público;AP;PRACUÚBA;3049.93
12;2014;2A69 - SERVICOS DE PROTECAO SOCIAL ESPECIAL DE ALTA COMPLEXIDADE;CONSOLIDACAO DO SISTEMA UNICO DE ASSISTENCIA SOCIAL (SUAS);08 - Assistência social;Fundo Público;AP;LARANJAL DO JARI;10000.00
2;2014;2A60 - SERVICOS DE PROTECAO SOCIAL BASICA;CONSOLIDACAO DO SISTEMA UNICO DE ASSISTENCIA SOCIAL (SUAS);08 - Assistência social;Fundo Público;AP;VITÓRIA DO JARI;58500.00
3;2014;8446 - SERVICO DE APOIO A GESTAO DESCENTRALIZADA DO PROGRAMA BOLSA FAMILIA;INCLUSAO SOCIAL POR MEIO DO BOLSA FAMILIA, DO CADASTRO UNICO;08 - Assistência social;Fundo Público;AP;SANTANA;28600.23
5;2014;8446 - SERVICO DE APOIO A GESTAO DESCENTRALIZADA DO PROGRAMA BOLSA FAMILIA;INCLUSAO SOCIAL POR MEIO DO BOLSA FAMILIA, DO CADASTRO UNICO;08 - Assistência social;Fundo Público;AP;TARTARUGALZINHO;3739.86
4;2014;8893 - APOIO A ORGANIZACAO, A GESTAO E A VIGILANCIA SOCIAL NO TERRITORIO, NO AMBITO DO SISTEMA UNICO DE ASSISTENCIA SOCIAL - SUAS;CONSOLIDACAO DO SISTEMA UNICO DE ASSISTENCIA SOCIAL (SUAS);08 - Assistência social;Fundo Público;AP;VITÓRIA DO JARI;1950.34
7;2014;2A65 - SERVICOS DE PROTECAO SOCIAL ESPECIAL DE MEDIA COMPLEXIDADE;CONSOLIDACAO DO SISTEMA UNICO DE ASSISTENCIA SOCIAL (SUAS);08 - Assistência social;Fundo Público;AP;LARANJAL DO JARI;2200.00
4;2014;2A60 - SERVICOS DE PROTECAO SOCIAL BASICA;CONSOLIDACAO DO SISTEMA UNICO DE ASSISTENCIA SOCIAL (SUAS);08 - Assistência social;Fundo Público;AP;FERREIRA GOMES;6000.00
4;2014;2A60 - SERVICOS DE PROTECAO SOCIAL BASICA;CONSOLIDACAO DO SISTEMA UNICO DE ASSISTENCIA SOCIAL (SUAS);08 - Assistência social;Fundo Público;AP;PORTO GRANDE;6000.00
3;2014;8446 - SERVICO DE APOIO A GESTAO DESCENTRALIZADA DO PROGRAMA BOLSA FAMILIA;INCLUSAO SOCIAL POR MEIO DO BOLSA FAMILIA, DO CADASTRO UNICO;08 - Assistência social;Fundo Público;AP;PEDRA BRANCA DO AMAPARI;1881.38
10;2014;20TR - APOIO FINANCEIRO SUPLEMENTAR A MANUTENCAO DA EDUCACAO INFANTIL;EDUCACAO BASICA;08 - Assistência social;Administração Pública Municipal;AP;LARANJAL DO JARI;33140.77
10;2014;2A65 - SERVICOS DE PROTECAO SOCIAL ESPECIAL DE MEDIA COMPLEXIDADE;CONSOLIDACAO DO SISTEMA UNICO DE ASSISTENCIA SOCIAL (SUAS);08 - Assistência social;Fundo Público;AP;SANTANA;8769.40
10;2014;2A60 - SERVICOS DE PROTECAO SOCIAL BASICA;CONSOLIDACAO DO SISTEMA UNICO DE ASSISTENCIA SOCIAL (SUAS);08 - Assistência social;Fundo Público;AP;CUTIAS;8700.00
10;2014;2A60 - SERVICOS DE PROTECAO SOCIAL BASICA;CONSOLIDACAO DO SISTEMA UNICO DE ASSISTENCIA SOCIAL (SUAS);08 - Assistência social;Fundo Público;AP;VITÓRIA DO JARI;35850.54
5;2014;2A60 - SERVICOS DE PROTECAO SOCIAL BASICA;CONSOLIDACAO DO SISTEMA UNICO DE ASSISTENCIA SOCIAL (SUAS);08 - Assistência social;Fundo Público;AP;FERREIRA GOMES;6000.00
4;2014;8893 - APOIO A ORGANIZACAO, A GESTAO E A VIGILANCIA SOCIAL NO TERRITORIO, NO AMBITO DO SISTEMA UNICO DE ASSISTENCIA SOCIAL - SUAS;CONSOLIDACAO DO SISTEMA UNICO DE ASSISTENCIA SOCIAL (SUAS);08 - Assistência social;Fundo Público;AP;PORTO GRANDE;664.49
11;2014;2A65 - SERVICOS DE PROTECAO SOCIAL ESPECIAL DE MEDIA COMPLEXIDADE;CONSOLIDACAO DO SISTEMA UNICO DE ASSISTENCIA SOCIAL (SUAS);08 - Assistência social;Fundo Público;AP;SANTANA;17538.80
8;2014;2A65 - SERVICOS DE PROTECAO SOCIAL ESPECIAL DE MEDIA COMPLEXIDADE;CONSOLIDACAO DO SISTEMA UNICO DE ASSISTENCIA SOCIAL (SUAS);08 - Assistência social;Fundo Público;AP;LARANJAL DO JARI;6500.00
10;2014;2A60 - SERVICOS DE PROTECAO SOCIAL BASICA;CONSOLIDACAO DO SISTEMA UNICO DE ASSISTENCIA SOCIAL (SUAS);08 - Assistência social;Fundo Público;AP;OIAPOQUE;9000.00
5;2014;2A60 - SERVICOS DE PROTECAO SOCIAL BASICA;CONSOLIDACAO DO SISTEMA UNICO DE ASSISTENCIA SOCIAL (SUAS);08 - Assistência social;Fundo Público;AP;CUTIAS;6000.00
3;2014;8446 - SERVICO DE APOIO A GESTAO DESCENTRALIZADA DO PROGRAMA BOLSA FAMILIA;INCLUSAO SOCIAL POR MEIO DO BOLSA FAMILIA, DO CADASTRO UNICO;08 - Assistência social;Administração Pública Municipal;AP;ITAUBAL;1411.64
10;2014;2A69 - SERVICOS DE PROTECAO SOCIAL ESPECIAL DE ALTA COMPLEXIDADE;CONSOLIDACAO DO SISTEMA UNICO DE ASSISTENCIA SOCIAL (SUAS);08 - Assistência social;Fundo Público;AP;SANTANA;9000.00
3;2014;2A65 - SERVICOS DE PROTECAO SOCIAL ESPECIAL DE MEDIA COMPLEXIDADE;CONSOLIDACAO DO SISTEMA UNICO DE ASSISTENCIA SOCIAL (SUAS);08 - Assistência social;Fundo Público;AP;MACAPÁ;14700.00
2;2014;8893 - APOIO A ORGANIZACAO, A GESTAO E A VIGILANCIA SOCIAL NO TERRITORIO, NO AMBITO DO SISTEMA UNICO DE ASSISTENCIA SOCIAL - SUAS;CONSOLIDACAO DO SISTEMA UNICO DE ASSISTENCIA SOCIAL (SUAS);08 - Assistência social;Fundo Público;AP;PORTO GRANDE;664.49
5;2014;8446 - SERVICO DE APOIO A GESTAO DESCENTRALIZADA DO PROGRAMA BOLSA FAMILIA;INCLUSAO SOCIAL POR MEIO DO BOLSA FAMILIA, DO CADASTRO UNICO;08 - Assistência social;Fundo Público;AP;FERREIRA GOMES;2362.03
11;2014;2A60 - SERVICOS DE PROTECAO SOCIAL BASICA;CONSOLIDACAO DO SISTEMA UNICO DE ASSISTENCIA SOCIAL (SUAS);08 - Assistência social;Fundo Público;AP;OIAPOQUE;4500.00
7;2014;2A60 - SERVICOS DE PROTECAO SOCIAL BASICA;CONSOLIDACAO DO SISTEMA UNICO DE ASSISTENCIA SOCIAL (SUAS);08 - Assistência social;Fundo Público;AP;OIAPOQUE;4500.00
4;2014;2A60 - SERVICOS DE PROTECAO SOCIAL BASICA;CONSOLIDACAO DO SISTEMA UNICO DE ASSISTENCIA SOCIAL (SUAS);08 - Assistência social;Fundo Público;AP;SANTANA;12000.00
2;2014;2A60 - SERVICOS DE PROTECAO SOCIAL BASICA;CONSOLIDACAO DO SISTEMA UNICO DE ASSISTENCIA SOCIAL (SUAS);08 - Assistência social;Fundo Público;AP;PORTO GRANDE;43500.00
5;2014;8893 - APOIO A ORGANIZACAO, A GESTAO E A VIGILANCIA SOCIAL NO TERRITORIO, NO AMBITO DO SISTEMA UNICO DE ASSISTENCIA SOCIAL - SUAS;CONSOLIDACAO DO SISTEMA UNICO DE ASSISTENCIA SOCIAL (SUAS);08 - Assistência social;Fundo Público;AP;MAZAGÃO;1838.59
4;2014;2A60 - SERVICOS DE PROTECAO SOCIAL BASICA;CONSOLIDACAO DO SISTEMA UNICO DE ASSISTENCIA SOCIAL (SUAS);08 - Assistência social;Fundo Público;AP;TARTARUGALZINHO;6000.00
2;2014;8893 - APOIO A ORGANIZACAO, A GESTAO E A VIGILANCIA SOCIAL NO TERRITORIO, NO AMBITO DO SISTEMA UNICO DE ASSISTENCIA SOCIAL - SUAS;CONSOLIDACAO DO SISTEMA UNICO DE ASSISTENCIA SOCIAL (SUAS);08 - Assistência social;Fundo Público;AP;PEDRA BRANCA DO AMAPARI;2186.66
8;2014;20V5 - ACOES COMPLEMENTARES DE PROTECAO SOCIAL BASICA;CONSOLIDACAO DO SISTEMA UNICO DE ASSISTENCIA SOCIAL (SUAS);08 - Assistência social;Fundo Público;AP;MAZAGÃO;24720.00
10;2014;20TR - APOIO FINANCEIRO SUPLEMENTAR A MANUTENCAO DA EDUCACAO INFANTIL;EDUCACAO BASICA;08 - Assistência social;Administração Pública Municipal;AP;AMAPÁ;27426.84
11;2014;2A65 - SERVICOS DE PROTECAO SOCIAL ESPECIAL DE MEDIA COMPLEXIDADE;CONSOLIDACAO DO SISTEMA UNICO DE ASSISTENCIA SOCIAL (SUAS);08 - Assistência social;Fundo Público;AP;VITÓRIA DO JARI;4400.00
4;2014;2A60 - SERVICOS DE PROTECAO SOCIAL BASICA;CONSOLIDACAO DO SISTEMA UNICO DE ASSISTENCIA SOCIAL (SUAS);08 - Assistência social;Fundo Público;AP;OIAPOQUE;9000.00
3;2014;8893 - APOIO A ORGANIZACAO, A GESTAO E A VIGILANCIA SOCIAL NO TERRITORIO, NO AMBITO DO SISTEMA UNICO DE ASSISTENCIA SOCIAL - SUAS;CONSOLIDACAO DO SISTEMA UNICO DE ASSISTENCIA SOCIAL (SUAS);08 - Assistência social;Fundo Público;AP;PORTO GRANDE;664.49
12;2014;2A60 - SERVICOS DE PROTECAO SOCIAL BASICA;CONSOLIDACAO DO SISTEMA UNICO DE ASSISTENCIA SOCIAL (SUAS);08 - Assistência social;Fundo Público;AP;SANTANA;24000.00
7;2014;8446 - SERVICO DE APOIO A GESTAO DESCENTRALIZADA DO PROGRAMA BOLSA FAMILIA;INCLUSAO SOCIAL POR MEIO DO BOLSA FAMILIA, DO CADASTRO UNICO;08 - Assistência social;Fundo Público;AP;VITÓRIA DO JARI;4638.47
8;2014;2A60 - SERVICOS DE PROTECAO SOCIAL BASICA;CONSOLIDACAO DO SISTEMA UNICO DE ASSISTENCIA SOCIAL (SUAS);08 - Assistência social;Fundo Público;AP;SANTANA;12000.00
3;2014;8446 - SERVICO DE APOIO A GESTAO DESCENTRALIZADA DO PROGRAMA BOLSA FAMILIA;INCLUSAO SOCIAL POR MEIO DO BOLSA FAMILIA, DO CADASTRO UNICO;08 - Assistência social;Fundo Público;AP;CALÇOENE;3739.71
3;2014;2A60 - SERVICOS DE PROTECAO SOCIAL BASICA;CONSOLIDACAO DO SISTEMA UNICO DE ASSISTENCIA SOCIAL (SUAS);08 - Assistência social;Fundo Público;AP;FERREIRA GOMES;6000.00
12;2014;2A65 - SERVICOS DE PROTECAO SOCIAL ESPECIAL DE MEDIA COMPLEXIDADE;CONSOLIDACAO DO SISTEMA UNICO DE ASSISTENCIA SOCIAL (SUAS);08 - Assistência social;Fundo Público;AP;VITÓRIA DO JARI;4400.00
8;2014;8446 - SERVICO DE APOIO A GESTAO DESCENTRALIZADA DO PROGRAMA BOLSA FAMILIA;INCLUSAO SOCIAL POR MEIO DO BOLSA FAMILIA, DO CADASTRO UNICO;08 - Assistência social;Fundo Público;AP;VITÓRIA DO JARI;4580.55
11;2014;8446 - SERVICO DE APOIO A GESTAO DESCENTRALIZADA DO PROGRAMA BOLSA FAMILIA;INCLUSAO SOCIAL POR MEIO DO BOLSA FAMILIA, DO CADASTRO UNICO;08 - Assistência social;Fundo Público;AP;SANTANA;52186.71
2;2014;2A69 - SERVICOS DE PROTECAO SOCIAL ESPECIAL DE ALTA COMPLEXIDADE;CONSOLIDACAO DO SISTEMA UNICO DE ASSISTENCIA SOCIAL (SUAS);08 - Assistência social;Fundo Público;AP;MACAPÁ;9000.00
5;2014;8446 - SERVICO DE APOIO A GESTAO DESCENTRALIZADA DO PROGRAMA BOLSA FAMILIA;INCLUSAO SOCIAL POR MEIO DO BOLSA FAMILIA, DO CADASTRO UNICO;08 - Assistência social;Fundo Público;AP;PRACUÚBA;1352.78
2;2014;8446 - SERVICO DE APOIO A GESTAO DESCENTRALIZADA DO PROGRAMA BOLSA FAMILIA;INCLUSAO SOCIAL POR MEIO DO BOLSA FAMILIA, DO CADASTRO UNICO;08 - Assistência social;Fundo Público;AP;VITÓRIA DO JARI;9762.25
5;2014;8893 - APOIO A ORGANIZACAO, A GESTAO E A VIGILANCIA SOCIAL NO TERRITORIO, NO AMBITO DO SISTEMA UNICO DE ASSISTENCIA SOCIAL - SUAS;CONSOLIDACAO DO SISTEMA UNICO DE ASSISTENCIA SOCIAL (SUAS);08 - Assistência social;Fundo Público;AP;CUTIAS;1215.20
3;2014;8893 - APOIO A ORGANIZACAO, A GESTAO E A VIGILANCIA SOCIAL NO TERRITORIO, NO AMBITO DO SISTEMA UNICO DE ASSISTENCIA SOCIAL - SUAS;CONSOLIDACAO DO SISTEMA UNICO DE ASSISTENCIA SOCIAL (SUAS);08 - Assistência social;Fundo Público;AP;SERRA DO NAVIO;2037.48
12;2014;2A65 - SERVICOS DE PROTECAO SOCIAL ESPECIAL DE MEDIA COMPLEXIDADE;CONSOLIDACAO DO SISTEMA UNICO DE ASSISTENCIA SOCIAL (SUAS);08 - Assistência social;Fundo Público;AP;LARANJAL DO JARI;10900.00
12;2014;2A65 - SERVICOS DE PROTECAO SOCIAL ESPECIAL DE MEDIA COMPLEXIDADE;CONSOLIDACAO DO SISTEMA UNICO DE ASSISTENCIA SOCIAL (SUAS);08 - Assistência social;Fundo Público;AP;MACAPÁ;8300.00
1;2014;20TR - APOIO FINANCEIRO SUPLEMENTAR A MANUTENCAO DA EDUCACAO INFANTIL;EDUCACAO BASICA;08 - Assistência social;Administração Pública Municipal;AP;OIAPOQUE;24232.23
5;2014;2A60 - SERVICOS DE PROTECAO SOCIAL BASICA;CONSOLIDACAO DO SISTEMA UNICO DE ASSISTENCIA SOCIAL (SUAS);08 - Assistência social;Fundo Público;AP;LARANJAL DO JARI;8400.00
9;2014;2A65 - SERVICOS DE PROTECAO SOCIAL ESPECIAL DE MEDIA COMPLEXIDADE;CONSOLIDACAO DO SISTEMA UNICO DE ASSISTENCIA SOCIAL (SUAS);08 - Assistência social;Fundo Público;AP;SANTANA;16600.00
11;2014;2A65 - SERVICOS DE PROTECAO SOCIAL ESPECIAL DE MEDIA COMPLEXIDADE;CONSOLIDACAO DO SISTEMA UNICO DE ASSISTENCIA SOCIAL (SUAS);08 - Assistência social;Fundo Público;AP;MACAPÁ;180000.00
2;2014;8893 - APOIO A ORGANIZACAO, A GESTAO E A VIGILANCIA SOCIAL NO TERRITORIO, NO AMBITO DO SISTEMA UNICO DE ASSISTENCIA SOCIAL - SUAS;CONSOLIDACAO DO SISTEMA UNICO DE ASSISTENCIA SOCIAL (SUAS);08 - Assistência social;Fundo Público;AP;LARANJAL DO JARI;1489.07
7;2014;2A60 - SERVICOS DE PROTECAO SOCIAL BASICA;CONSOLIDACAO DO SISTEMA UNICO DE ASSISTENCIA SOCIAL (SUAS);08 - Assistência social;Fundo Público;AP;LARANJAL DO JARI;8400.00
11;2014;2A65 - SERVICOS DE PROTECAO SOCIAL ESPECIAL DE MEDIA COMPLEXIDADE;CONSOLIDACAO DO SISTEMA UNICO DE ASSISTENCIA SOCIAL (SUAS);08 - Assistência social;Fundo Público;AP;PEDRA BRANCA DO AMAPARI;13800.00
10;2014;8446 - SERVICO DE APOIO A GESTAO DESCENTRALIZADA DO PROGRAMA BOLSA FAMILIA;INCLUSAO SOCIAL POR MEIO DO BOLSA FAMILIA, DO CADASTRO UNICO;08 - Assistência social;Fundo Público;AP;PRACUÚBA;1367.44
11;2014;2A60 - SERVICOS DE PROTECAO SOCIAL BASICA;CONSOLIDACAO DO SISTEMA UNICO DE ASSISTENCIA SOCIAL (SUAS);08 - Assistência social;Fundo Público;AP;MAZAGÃO;12000.00
10;2014;8446 - SERVICO DE APOIO A GESTAO DESCENTRALIZADA DO PROGRAMA BOLSA FAMILIA;INCLUSAO SOCIAL POR MEIO DO BOLSA FAMILIA, DO CADASTRO UNICO;08 - Assistência social;Fundo Público;AP;VITÓRIA DO JARI;4854.33
7;2014;2A65 - SERVICOS DE PROTECAO SOCIAL ESPECIAL DE MEDIA COMPLEXIDADE;CONSOLIDACAO DO SISTEMA UNICO DE ASSISTENCIA SOCIAL (SUAS);08 - Assistência social;Fundo Público;AP;SANTANA;2200.00
2;2014;2A69 - SERVICOS DE PROTECAO SOCIAL ESPECIAL DE ALTA COMPLEXIDADE;CONSOLIDACAO DO SISTEMA UNICO DE ASSISTENCIA SOCIAL (SUAS);08 - Assistência social;Fundo Público;AP;SANTANA;9900.00
4;2014;2A69 - SERVICOS DE PROTECAO SOCIAL ESPECIAL DE ALTA COMPLEXIDADE;CONSOLIDACAO DO SISTEMA UNICO DE ASSISTENCIA SOCIAL (SUAS);08 - Assistência social;Fundo Público;AP;MACAPÁ;9000.00
8;2014;2A69 - SERVICOS DE PROTECAO SOCIAL ESPECIAL DE ALTA COMPLEXIDADE;CONSOLIDACAO DO SISTEMA UNICO DE ASSISTENCIA SOCIAL (SUAS);08 - Assistência social;Fundo Público;AP;LARANJAL DO JARI;30000.00
4;2014;8893 - APOIO A ORGANIZACAO, A GESTAO E A VIGILANCIA SOCIAL NO TERRITORIO, NO AMBITO DO SISTEMA UNICO DE ASSISTENCIA SOCIAL - SUAS;CONSOLIDACAO DO SISTEMA UNICO DE ASSISTENCIA SOCIAL (SUAS);08 - Assistência social;Fundo Público;AP;PEDRA BRANCA DO AMAPARI;2186.66
3;2014;20V5 - ACOES COMPLEMENTARES DE PROTECAO SOCIAL BASICA;CONSOLIDACAO DO SISTEMA UNICO DE ASSISTENCIA SOCIAL (SUAS);08 - Assistência social;Fundo Público;AP;MACAPÁ;1120.00
7;2014;8446 - SERVICO DE APOIO A GESTAO DESCENTRALIZADA DO PROGRAMA BOLSA FAMILIA;INCLUSAO SOCIAL POR MEIO DO BOLSA FAMILIA, DO CADASTRO UNICO;08 - Assistência social;Fundo Público;AP;SERRA DO NAVIO;1102.60
7;2014;8446 - SERVICO DE APOIO A GESTAO DESCENTRALIZADA DO PROGRAMA BOLSA FAMILIA;INCLUSAO SOCIAL POR MEIO DO BOLSA FAMILIA, DO CADASTRO UNICO;08 - Assistência social;Fundo Público;AP;MAZAGÃO;6632.73
4;2014;2A60 - SERVICOS DE PROTECAO SOCIAL BASICA;CONSOLIDACAO DO SISTEMA UNICO DE ASSISTENCIA SOCIAL (SUAS);08 - Assistência social;Fundo Público;AP;MAZAGÃO;6000.00
7;2014;8893 - APOIO A ORGANIZACAO, A GESTAO E A VIGILANCIA SOCIAL NO TERRITORIO, NO AMBITO DO SISTEMA UNICO DE ASSISTENCIA SOCIAL - SUAS;CONSOLIDACAO DO SISTEMA UNICO DE ASSISTENCIA SOCIAL (SUAS);08 - Assistência social;Fundo Público;AP;MAZAGÃO;1838.59
2;2014;8446 - SERVICO DE APOIO A GESTAO DESCENTRALIZADA DO PROGRAMA BOLSA FAMILIA;INCLUSAO SOCIAL POR MEIO DO BOLSA FAMILIA, DO CADASTRO UNICO;08 - Assistência social;Fundo Público;AP;PEDRA BRANCA DO AMAPARI;3709.83
5;2014;2A69 - SERVICOS DE PROTECAO SOCIAL ESPECIAL DE ALTA COMPLEXIDADE;CONSOLIDACAO DO SISTEMA UNICO DE ASSISTENCIA SOCIAL (SUAS);08 - Assistência social;Fundo Público;AP;SANTANA;3400.00
12;2014;2A69 - SERVICOS DE PROTECAO SOCIAL ESPECIAL DE ALTA COMPLEXIDADE;CONSOLIDACAO DO SISTEMA UNICO DE ASSISTENCIA SOCIAL (SUAS);08 - Assistência social;Fundo Público;AP;SANTANA;38000.00
9;2014;2A65 - SERVICOS DE PROTECAO SOCIAL ESPECIAL DE MEDIA COMPLEXIDADE;CONSOLIDACAO DO SISTEMA UNICO DE ASSISTENCIA SOCIAL (SUAS);08 - Assistência social;Fundo Público;AP;MAZAGÃO;7200.00
3;2014;2A60 - SERVICOS DE PROTECAO SOCIAL BASICA;CONSOLIDACAO DO SISTEMA UNICO DE ASSISTENCIA SOCIAL (SUAS);08 - Assistência social;Fundo Público;AP;MAZAGÃO;6000.00
3;2014;20V5 - ACOES COMPLEMENTARES DE PROTECAO SOCIAL BASICA;CONSOLIDACAO DO SISTEMA UNICO DE ASSISTENCIA SOCIAL (SUAS);08 - Assistência social;Fundo Público;AP;LARANJAL DO JARI;280.00
7;2014;8446 - SERVICO DE APOIO A GESTAO DESCENTRALIZADA DO PROGRAMA BOLSA FAMILIA;INCLUSAO SOCIAL POR MEIO DO BOLSA FAMILIA, DO CADASTRO UNICO;08 - Assistência social;Fundo Público;AP;PEDRA BRANCA DO AMAPARI;2143.21
7;2014;8893 - APOIO A ORGANIZACAO, A GESTAO E A VIGILANCIA SOCIAL NO TERRITORIO, NO AMBITO DO SISTEMA UNICO DE ASSISTENCIA SOCIAL - SUAS;CONSOLIDACAO DO SISTEMA UNICO DE ASSISTENCIA SOCIAL (SUAS);08 - Assistência social;Fundo Público;AP;CUTIAS;1215.20
3;2014;8893 - APOIO A ORGANIZACAO, A GESTAO E A VIGILANCIA SOCIAL NO TERRITORIO, NO AMBITO DO SISTEMA UNICO DE ASSISTENCIA SOCIAL - SUAS;CONSOLIDACAO DO SISTEMA UNICO DE ASSISTENCIA SOCIAL (SUAS);08 - Assistência social;Fundo Público;AP;MAZAGÃO;1838.59
8;2014;2A65 - SERVICOS DE PROTECAO SOCIAL ESPECIAL DE MEDIA COMPLEXIDADE;CONSOLIDACAO DO SISTEMA UNICO DE ASSISTENCIA SOCIAL (SUAS);08 - Assistência social;Fundo Público;AP;MACAPÁ;118200.00
7;2014;8446 - SERVICO DE APOIO A GESTAO DESCENTRALIZADA DO PROGRAMA BOLSA FAMILIA;INCLUSAO SOCIAL POR MEIO DO BOLSA FAMILIA, DO CADASTRO UNICO;08 - Assistência social;Fundo Público;AP;SANTANA;28348.63
12;2014;8446 - SERVICO DE APOIO A GESTAO DESCENTRALIZADA DO PROGRAMA BOLSA FAMILIA;INCLUSAO SOCIAL POR MEIO DO BOLSA FAMILIA, DO CADASTRO UNICO;08 - Assistência social;Fundo Público;AP;CUTIAS;4119.20
2;2014;2A65 - SERVICOS DE PROTECAO SOCIAL ESPECIAL DE MEDIA COMPLEXIDADE;CONSOLIDACAO DO SISTEMA UNICO DE ASSISTENCIA SOCIAL (SUAS);08 - Assistência social;Fundo Público;AP;SANTANA;16869.40
5;2014;2A60 - SERVICOS DE PROTECAO SOCIAL BASICA;CONSOLIDACAO DO SISTEMA UNICO DE ASSISTENCIA SOCIAL (SUAS);08 - Assistência social;Fundo Público;AP;MAZAGÃO;6000.00
8;2014;8446 - SERVICO DE APOIO A GESTAO DESCENTRALIZADA DO PROGRAMA BOLSA FAMILIA;INCLUSAO SOCIAL POR MEIO DO BOLSA FAMILIA, DO CADASTRO UNICO;08 - Assistência social;Fundo Público;AP;PEDRA BRANCA DO AMAPARI;2290.47
2;2014;2A60 - SERVICOS DE PROTECAO SOCIAL BASICA;CONSOLIDACAO DO SISTEMA UNICO DE ASSISTENCIA SOCIAL (SUAS);08 - Assistência social;Fundo Público;AP;MAZAGÃO;64500.00
3;2014;8446 - SERVICO DE APOIO A GESTAO DESCENTRALIZADA DO PROGRAMA BOLSA FAMILIA;INCLUSAO SOCIAL POR MEIO DO BOLSA FAMILIA, DO CADASTRO UNICO;08 - Assistência social;Fundo Público;AP;MACAPÁ;70648.29
10;2014;2A60 - SERVICOS DE PROTECAO SOCIAL BASICA;CONSOLIDACAO DO SISTEMA UNICO DE ASSISTENCIA SOCIAL (SUAS);08 - Assistência social;Fundo Público;AP;LARANJAL DO JARI;8400.00
6;2014;2A65 - SERVICOS DE PROTECAO SOCIAL ESPECIAL DE MEDIA COMPLEXIDADE;CONSOLIDACAO DO SISTEMA UNICO DE ASSISTENCIA SOCIAL (SUAS);08 - Assistência social;Fundo Público;AP;PEDRA BRANCA DO AMAPARI;6900.00
11;2014;2A60 - SERVICOS DE PROTECAO SOCIAL BASICA;CONSOLIDACAO DO SISTEMA UNICO DE ASSISTENCIA SOCIAL (SUAS);08 - Assistência social;Fundo Público;AP;VITÓRIA DO JARI;21000.00
3;2014;8446 - SERVICO DE APOIO A GESTAO DESCENTRALIZADA DO PROGRAMA BOLSA FAMILIA;INCLUSAO SOCIAL POR MEIO DO BOLSA FAMILIA, DO CADASTRO UNICO;08 - Assistência social;Fundo Público;AP;PORTO GRANDE;3219.20
8;2014;8446 - SERVICO DE APOIO A GESTAO DESCENTRALIZADA DO PROGRAMA BOLSA FAMILIA;INCLUSAO SOCIAL POR MEIO DO BOLSA FAMILIA, DO CADASTRO UNICO;08 - Assistência social;Fundo Público;AP;SANTANA;28185.26
2;2014;2A60 - SERVICOS DE PROTECAO SOCIAL BASICA;CONSOLIDACAO DO SISTEMA UNICO DE ASSISTENCIA SOCIAL (SUAS);08 - Assistência social;Fundo Público;AP;PEDRA BRANCA DO AMAPARI;39000.00
10;2014;20TR - APOIO FINANCEIRO SUPLEMENTAR A MANUTENCAO DA EDUCACAO INFANTIL;EDUCACAO BASICA;08 - Assistência social;Administração Pública Municipal;AP;SANTANA;170960.60
10;2014;2A60 - SERVICOS DE PROTECAO SOCIAL BASICA;CONSOLIDACAO DO SISTEMA UNICO DE ASSISTENCIA SOCIAL (SUAS);08 - Assistência social;Fundo Público;AP;SERRA DO NAVIO;8700.00
11;2014;8446 - SERVICO DE APOIO A GESTAO DESCENTRALIZADA DO PROGRAMA BOLSA FAMILIA;INCLUSAO SOCIAL POR MEIO DO BOLSA FAMILIA, DO CADASTRO UNICO;08 - Assistência social;Fundo Público;AP;SERRA DO NAVIO;2406.99
5;2014;2A60 - SERVICOS DE PROTECAO SOCIAL BASICA;CONSOLIDACAO DO SISTEMA UNICO DE ASSISTENCIA SOCIAL (SUAS);08 - Assistência social;Fundo Público;AP;SERRA DO NAVIO;6000.00
2;2014;8446 - SERVICO DE APOIO A GESTAO DESCENTRALIZADA DO PROGRAMA BOLSA FAMILIA;INCLUSAO SOCIAL POR MEIO DO BOLSA FAMILIA, DO CADASTRO UNICO;08 - Assistência social;Fundo Público;AP;SERRA DO NAVIO;2025.86
6;2014;2A65 - SERVICOS DE PROTECAO SOCIAL ESPECIAL DE MEDIA COMPLEXIDADE;CONSOLIDACAO DO SISTEMA UNICO DE ASSISTENCIA SOCIAL (SUAS);08 - Assistência social;Fundo Público;AP;OIAPOQUE;6500.00
11;2014;8893 - APOIO A ORGANIZACAO, A GESTAO E A VIGILANCIA SOCIAL NO TERRITORIO, NO AMBITO DO SISTEMA UNICO DE ASSISTENCIA SOCIAL - SUAS;CONSOLIDACAO DO SISTEMA UNICO DE ASSISTENCIA SOCIAL (SUAS);08 - Assistência social;Fundo Público;AP;PEDRA BRANCA DO AMAPARI;4658.87
10;2014;20TR - APOIO FINANCEIRO SUPLEMENTAR A MANUTENCAO DA EDUCACAO INFANTIL;EDUCACAO BASICA;08 - Assistência social;Administração Pública Municipal;AP;PRACUÚBA;1142.79
11;2014;2A60 - SERVICOS DE PROTECAO SOCIAL BASICA;CONSOLIDACAO DO SISTEMA UNICO DE ASSISTENCIA SOCIAL (SUAS);08 - Assistência social;Fundo Público;AP;PORTO GRANDE;6000.00
11;2014;20V5 - ACOES COMPLEMENTARES DE PROTECAO SOCIAL BASICA;CONSOLIDACAO DO SISTEMA UNICO DE ASSISTENCIA SOCIAL (SUAS);08 - Assistência social;Fundo Público;AP;SANTANA;45073.50
3;2014;8893 - APOIO A ORGANIZACAO, A GESTAO E A VIGILANCIA SOCIAL NO TERRITORIO, NO AMBITO DO SISTEMA UNICO DE ASSISTENCIA SOCIAL - SUAS;CONSOLIDACAO DO SISTEMA UNICO DE ASSISTENCIA SOCIAL (SUAS);08 - Assistência social;Fundo Público;AP;CALÇOENE;2727.52
8;2014;8446 - SERVICO DE APOIO A GESTAO DESCENTRALIZADA DO PROGRAMA BOLSA FAMILIA;INCLUSAO SOCIAL POR MEIO DO BOLSA FAMILIA, DO CADASTRO UNICO;08 - Assistência social;Fundo Público;AP;PORTO GRANDE;3402.20
7;2014;8446 - SERVICO DE APOIO A GESTAO DESCENTRALIZADA DO PROGRAMA BOLSA FAMILIA;INCLUSAO SOCIAL POR MEIO DO BOLSA FAMILIA, DO CADASTRO UNICO;08 - Assistência social;Fundo Público;AP;PORTO GRANDE;3388.72
5;2014;2A65 - SERVICOS DE PROTECAO SOCIAL ESPECIAL DE MEDIA COMPLEXIDADE;CONSOLIDACAO DO SISTEMA UNICO DE ASSISTENCIA SOCIAL (SUAS);08 - Assistência social;Fundo Público;AP;LARANJAL DO JARI;8700.00
2;2014;8446 - SERVICO DE APOIO A GESTAO DESCENTRALIZADA DO PROGRAMA BOLSA FAMILIA;INCLUSAO SOCIAL POR MEIO DO BOLSA FAMILIA, DO CADASTRO UNICO;08 - Assistência social;Fundo Público;AP;CUTIAS;3641.24
2;2014;2A60 - SERVICOS DE PROTECAO SOCIAL BASICA;CONSOLIDACAO DO SISTEMA UNICO DE ASSISTENCIA SOCIAL (SUAS);08 - Assistência social;Fundo Público;AP;LARANJAL DO JARI;96300.00
3;2014;20V5 - ACOES COMPLEMENTARES DE PROTECAO SOCIAL BASICA;CONSOLIDACAO DO SISTEMA UNICO DE ASSISTENCIA SOCIAL (SUAS);08 - Assistência social;Fundo Público;AP;SANTANA;560.00
2;2014;2A60 - SERVICOS DE PROTECAO SOCIAL BASICA;CONSOLIDACAO DO SISTEMA UNICO DE ASSISTENCIA SOCIAL (SUAS);08 - Assistência social;Fundo Público;AP;OIAPOQUE;49500.00
2;2014;2A60 - SERVICOS DE PROTECAO SOCIAL BASICA;CONSOLIDACAO DO SISTEMA UNICO DE ASSISTENCIA SOCIAL (SUAS);08 - Assistência social;Fundo Público;AP;MACAPÁ;415500.00
7;2014;8893 - APOIO A ORGANIZACAO, A GESTAO E A VIGILANCIA SOCIAL NO TERRITORIO, NO AMBITO DO SISTEMA UNICO DE ASSISTENCIA SOCIAL - SUAS;CONSOLIDACAO DO SISTEMA UNICO DE ASSISTENCIA SOCIAL (SUAS);08 - Assistência social;Fundo Público;AP;PORTO GRANDE;664.49
5;2014;8446 - SERVICO DE APOIO A GESTAO DESCENTRALIZADA DO PROGRAMA BOLSA FAMILIA;INCLUSAO SOCIAL POR MEIO DO BOLSA FAMILIA, DO CADASTRO UNICO;08 - Assistência social;Fundo Público;AP;PORTO GRANDE;3367.15
12;2014;8446 - SERVICO DE APOIO A GESTAO DESCENTRALIZADA DO PROGRAMA BOLSA FAMILIA;INCLUSAO SOCIAL POR MEIO DO BOLSA FAMILIA, DO CADASTRO UNICO;08 - Assistência social;Fundo Público;AP;PORTO GRANDE;12546.03
5;2014;8893 - APOIO A ORGANIZACAO, A GESTAO E A VIGILANCIA SOCIAL NO TERRITORIO, NO AMBITO DO SISTEMA UNICO DE ASSISTENCIA SOCIAL - SUAS;CONSOLIDACAO DO SISTEMA UNICO DE ASSISTENCIA SOCIAL (SUAS);08 - Assistência social;Fundo Público;AP;CALÇOENE;2727.52
2;2014;8893 - APOIO A ORGANIZACAO, A GESTAO E A VIGILANCIA SOCIAL NO TERRITORIO, NO AMBITO DO SISTEMA UNICO DE ASSISTENCIA SOCIAL - SUAS;CONSOLIDACAO DO SISTEMA UNICO DE ASSISTENCIA SOCIAL (SUAS);08 - Assistência social;Fundo Público;AP;VITÓRIA DO JARI;1950.34
12;2014;8446 - SERVICO DE APOIO A GESTAO DESCENTRALIZADA DO PROGRAMA BOLSA FAMILIA;INCLUSAO SOCIAL POR MEIO DO BOLSA FAMILIA, DO CADASTRO UNICO;08 - Assistência social;Fundo Público;AP;PRACUÚBA;2067.59
10;2014;20TR - APOIO FINANCEIRO SUPLEMENTAR A MANUTENCAO DA EDUCACAO INFANTIL;EDUCACAO BASICA;08 - Assistência social;Administração Pública Municipal;AP;CUTIAS;41140.26
5;2014;8446 - SERVICO DE APOIO A GESTAO DESCENTRALIZADA DO PROGRAMA BOLSA FAMILIA;INCLUSAO SOCIAL POR MEIO DO BOLSA FAMILIA, DO CADASTRO UNICO;08 - Assistência social;Fundo Público;AP;VITÓRIA DO JARI;4670.06
7;2014;8893 - APOIO A ORGANIZACAO, A GESTAO E A VIGILANCIA SOCIAL NO TERRITORIO, NO AMBITO DO SISTEMA UNICO DE ASSISTENCIA SOCIAL - SUAS;CONSOLIDACAO DO SISTEMA UNICO DE ASSISTENCIA SOCIAL (SUAS);08 - Assistência social;Fundo Público;AP;CALÇOENE;2727.52
5;2014;2A65 - SERVICOS DE PROTECAO SOCIAL ESPECIAL DE MEDIA COMPLEXIDADE;CONSOLIDACAO DO SISTEMA UNICO DE ASSISTENCIA SOCIAL (SUAS);08 - Assistência social;Fundo Público;AP;PEDRA BRANCA DO AMAPARI;6900.00
7;2014;2A60 - SERVICOS DE PROTECAO SOCIAL BASICA;CONSOLIDACAO DO SISTEMA UNICO DE ASSISTENCIA SOCIAL (SUAS);08 - Assistência social;Fundo Público;AP;FERREIRA GOMES;19500.00
3;2014;2A69 - SERVICOS DE PROTECAO SOCIAL ESPECIAL DE ALTA COMPLEXIDADE;CONSOLIDACAO DO SISTEMA UNICO DE ASSISTENCIA SOCIAL (SUAS);08 - Assistência social;Fundo Público;AP;MACAPÁ;9000.00
12;2014;2A60 - SERVICOS DE PROTECAO SOCIAL BASICA;CONSOLIDACAO DO SISTEMA UNICO DE ASSISTENCIA SOCIAL (SUAS);08 - Assistência social;Fundo Público;AP;PEDRA BRANCA DO AMAPARI;22600.00
11;2014;8893 - APOIO A ORGANIZACAO, A GESTAO E A VIGILANCIA SOCIAL NO TERRITORIO, NO AMBITO DO SISTEMA UNICO DE ASSISTENCIA SOCIAL - SUAS;CONSOLIDACAO DO SISTEMA UNICO DE ASSISTENCIA SOCIAL (SUAS);08 - Assistência social;Fundo Público;AP;CUTIAS;2006.00
8;2014;20V5 - ACOES COMPLEMENTARES DE PROTECAO SOCIAL BASICA;CONSOLIDACAO DO SISTEMA UNICO DE ASSISTENCIA SOCIAL (SUAS);08 - Assistência social;Fundo Público;AP;VITÓRIA DO JARI;26520.00
10;2014;2A60 - SERVICOS DE PROTECAO SOCIAL BASICA;CONSOLIDACAO DO SISTEMA UNICO DE ASSISTENCIA SOCIAL (SUAS);08 - Assistência social;Fundo Público;AP;CALÇOENE;17747.14
2;2014;8893 - APOIO A ORGANIZACAO, A GESTAO E A VIGILANCIA SOCIAL NO TERRITORIO, NO AMBITO DO SISTEMA UNICO DE ASSISTENCIA SOCIAL - SUAS;CONSOLIDACAO DO SISTEMA UNICO DE ASSISTENCIA SOCIAL (SUAS);08 - Assistência social;Fundo Público;AP;MAZAGÃO;1838.59
8;2014;2A65 - SERVICOS DE PROTECAO SOCIAL ESPECIAL DE MEDIA COMPLEXIDADE;CONSOLIDACAO DO SISTEMA UNICO DE ASSISTENCIA SOCIAL (SUAS);08 - Assistência social;Fundo Público;AP;PEDRA BRANCA DO AMAPARI;21300.00
5;2014;8893 - APOIO A ORGANIZACAO, A GESTAO E A VIGILANCIA SOCIAL NO TERRITORIO, NO AMBITO DO SISTEMA UNICO DE ASSISTENCIA SOCIAL - SUAS;CONSOLIDACAO DO SISTEMA UNICO DE ASSISTENCIA SOCIAL (SUAS);08 - Assistência social;Fundo Público;AP;PEDRA BRANCA DO AMAPARI;2186.66
2;2014;2A60 - SERVICOS DE PROTECAO SOCIAL BASICA;CONSOLIDACAO DO SISTEMA UNICO DE ASSISTENCIA SOCIAL (SUAS);08 - Assistência social;Fundo Público;AP;FERREIRA GOMES;45000.00
4;2014;8893 - APOIO A ORGANIZACAO, A GESTAO E A VIGILANCIA SOCIAL NO TERRITORIO, NO AMBITO DO SISTEMA UNICO DE ASSISTENCIA SOCIAL - SUAS;CONSOLIDACAO DO SISTEMA UNICO DE ASSISTENCIA SOCIAL (SUAS);08 - Assistência social;Fundo Público;AP;CALÇOENE;2727.52
8;2014;2A60 - SERVICOS DE PROTECAO SOCIAL BASICA;CONSOLIDACAO DO SISTEMA UNICO DE ASSISTENCIA SOCIAL (SUAS);08 - Assistência social;Fundo Público;AP;PEDRA BRANCA DO AMAPARI;7000.00
10;2014;2A65 - SERVICOS DE PROTECAO SOCIAL ESPECIAL DE MEDIA COMPLEXIDADE;CONSOLIDACAO DO SISTEMA UNICO DE ASSISTENCIA SOCIAL (SUAS);08 - Assistência social;Fundo Público;AP;PEDRA BRANCA DO AMAPARI;6900.00
7;2014;2A60 - SERVICOS DE PROTECAO SOCIAL BASICA;CONSOLIDACAO DO SISTEMA UNICO DE ASSISTENCIA SOCIAL (SUAS);08 - Assistência social;Fundo Público;AP;CUTIAS;6000.00
5;2014;8446 - SERVICO DE APOIO A GESTAO DESCENTRALIZADA DO PROGRAMA BOLSA FAMILIA;INCLUSAO SOCIAL POR MEIO DO BOLSA FAMILIA, DO CADASTRO UNICO;08 - Assistência social;Fundo Público;AP;PEDRA BRANCA DO AMAPARI;1921.79
12;2014;8446 - SERVICO DE APOIO A GESTAO DESCENTRALIZADA DO PROGRAMA BOLSA FAMILIA;INCLUSAO SOCIAL POR MEIO DO BOLSA FAMILIA, DO CADASTRO UNICO;08 - Assistência social;Fundo Público;AP;PEDRA BRANCA DO AMAPARI;6216.04
4;2014;8893 - APOIO A ORGANIZACAO, A GESTAO E A VIGILANCIA SOCIAL NO TERRITORIO, NO AMBITO DO SISTEMA UNICO DE ASSISTENCIA SOCIAL - SUAS;CONSOLIDACAO DO SISTEMA UNICO DE ASSISTENCIA SOCIAL (SUAS);08 - Assistência social;Fundo Público;AP;LARANJAL DO JARI;1489.07
3;2014;2A60 - SERVICOS DE PROTECAO SOCIAL BASICA;CONSOLIDACAO DO SISTEMA UNICO DE ASSISTENCIA SOCIAL (SUAS);08 - Assistência social;Fundo Público;AP;SANTANA;12000.00
7;2014;2A60 - SERVICOS DE PROTECAO SOCIAL BASICA;CONSOLIDACAO DO SISTEMA UNICO DE ASSISTENCIA SOCIAL (SUAS);08 - Assistência social;Fundo Público;AP;VITÓRIA DO JARI;31650.00
2;2014;8446 - SERVICO DE APOIO A GESTAO DESCENTRALIZADA DO PROGRAMA BOLSA FAMILIA;INCLUSAO SOCIAL POR MEIO DO BOLSA FAMILIA, DO CADASTRO UNICO;08 - Assistência social;Administração Pública Municipal;AP;ITAUBAL;2674.95
3;2014;2A65 - SERVICOS DE PROTECAO SOCIAL ESPECIAL DE MEDIA COMPLEXIDADE;CONSOLIDACAO DO SISTEMA UNICO DE ASSISTENCIA SOCIAL (SUAS);08 - Assistência social;Fundo Público;AP;PEDRA BRANCA DO AMAPARI;6900.00
4;2014;2A60 - SERVICOS DE PROTECAO SOCIAL BASICA;CONSOLIDACAO DO SISTEMA UNICO DE ASSISTENCIA SOCIAL (SUAS);08 - Assistência social;Fundo Público;AP;PEDRA BRANCA DO AMAPARI;6000.00
10;2014;20TR - APOIO FINANCEIRO SUPLEMENTAR A MANUTENCAO DA EDUCACAO INFANTIL;EDUCACAO BASICA;08 - Assistência social;Administração Pública Municipal;AP;ITAUBAL;25141.27
2;2014;2A60 - SERVICOS DE PROTECAO SOCIAL BASICA;CONSOLIDACAO DO SISTEMA UNICO DE ASSISTENCIA SOCIAL (SUAS);08 - Assistência social;Fundo Público;AP;CALÇOENE;48000.00
2;2014;2A65 - SERVICOS DE PROTECAO SOCIAL ESPECIAL DE MEDIA COMPLEXIDADE;CONSOLIDACAO DO SISTEMA UNICO DE ASSISTENCIA SOCIAL (SUAS);08 - Assistência social;Fundo Público;AP;LARANJAL DO JARI;6500.00
7;2014;2A60 - SERVICOS DE PROTECAO SOCIAL BASICA;CONSOLIDACAO DO SISTEMA UNICO DE ASSISTENCIA SOCIAL (SUAS);08 - Assistência social;Fundo Público;AP;TARTARUGALZINHO;17005.00
2;2014;8446 - SERVICO DE APOIO A GESTAO DESCENTRALIZADA DO PROGRAMA BOLSA FAMILIA;INCLUSAO SOCIAL POR MEIO DO BOLSA FAMILIA, DO CADASTRO UNICO;08 - Assistência social;Fundo Público;AP;SANTANA;56339.50
11;2014;8893 - APOIO A ORGANIZACAO, A GESTAO E A VIGILANCIA SOCIAL NO TERRITORIO, NO AMBITO DO SISTEMA UNICO DE ASSISTENCIA SOCIAL - SUAS;CONSOLIDACAO DO SISTEMA UNICO DE ASSISTENCIA SOCIAL (SUAS);08 - Assistência social;Fundo Público;AP;SERRA DO NAVIO;3432.65
3;2014;2A60 - SERVICOS DE PROTECAO SOCIAL BASICA;CONSOLIDACAO DO SISTEMA UNICO DE ASSISTENCIA SOCIAL (SUAS);08 - Assistência social;Fundo Público;AP;PORTO GRANDE;6000.00
3;2014;8446 - SERVICO DE APOIO A GESTAO DESCENTRALIZADA DO PROGRAMA BOLSA FAMILIA;INCLUSAO SOCIAL POR MEIO DO BOLSA FAMILIA, DO CADASTRO UNICO;08 - Assistência social;Fundo Público;AP;FERREIRA GOMES;2310.13
11;2014;8446 - SERVICO DE APOIO A GESTAO DESCENTRALIZADA DO PROGRAMA BOLSA FAMILIA;INCLUSAO SOCIAL POR MEIO DO BOLSA FAMILIA, DO CADASTRO UNICO;08 - Assistência social;Fundo Público;AP;CALÇOENE;3787.74
12;2014;2A60 - SERVICOS DE PROTECAO SOCIAL BASICA;CONSOLIDACAO DO SISTEMA UNICO DE ASSISTENCIA SOCIAL (SUAS);08 - Assistência social;Fundo Público;AP;CUTIAS;19800.00
6;2014;2A65 - SERVICOS DE PROTECAO SOCIAL ESPECIAL DE MEDIA COMPLEXIDADE;CONSOLIDACAO DO SISTEMA UNICO DE ASSISTENCIA SOCIAL (SUAS);08 - Assistência social;Fundo Público;AP;VITÓRIA DO JARI;8700.00
5;2014;8893 - APOIO A ORGANIZACAO, A GESTAO E A VIGILANCIA SOCIAL NO TERRITORIO, NO AMBITO DO SISTEMA UNICO DE ASSISTENCIA SOCIAL - SUAS;CONSOLIDACAO DO SISTEMA UNICO DE ASSISTENCIA SOCIAL (SUAS);08 - Assistência social;Fundo Público;AP;MACAPÁ;16530.48
11;2014;8893 - APOIO A ORGANIZACAO, A GESTAO E A VIGILANCIA SOCIAL NO TERRITORIO, NO AMBITO DO SISTEMA UNICO DE ASSISTENCIA SOCIAL - SUAS;CONSOLIDACAO DO SISTEMA UNICO DE ASSISTENCIA SOCIAL (SUAS);08 - Assistência social;Fundo Público;AP;PORTO GRANDE;2477.33
8;2014;2A60 - SERVICOS DE PROTECAO SOCIAL BASICA;CONSOLIDACAO DO SISTEMA UNICO DE ASSISTENCIA SOCIAL (SUAS);08 - Assistência social;Fundo Público;AP;TARTARUGALZINHO;6000.00
12;2014;2A60 - SERVICOS DE PROTECAO SOCIAL BASICA;CONSOLIDACAO DO SISTEMA UNICO DE ASSISTENCIA SOCIAL (SUAS);08 - Assistência social;Fundo Público;AP;LARANJAL DO JARI;4562.26
11;2014;2A69 - SERVICOS DE PROTECAO SOCIAL ESPECIAL DE ALTA COMPLEXIDADE;CONSOLIDACAO DO SISTEMA UNICO DE ASSISTENCIA SOCIAL (SUAS);08 - Assistência social;Fundo Público;AP;SANTANA;58000.00
3;2014;8446 - SERVICO DE APOIO A GESTAO DESCENTRALIZADA DO PROGRAMA BOLSA FAMILIA;INCLUSAO SOCIAL POR MEIO DO BOLSA FAMILIA, DO CADASTRO UNICO;08 - Assistência social;Fundo Público;AP;OIAPOQUE;4129.77
5;2014;2A65 - SERVICOS DE PROTECAO SOCIAL ESPECIAL DE MEDIA COMPLEXIDADE;CONSOLIDACAO DO SISTEMA UNICO DE ASSISTENCIA SOCIAL (SUAS);08 - Assistência social;Fundo Público;AP;VITÓRIA DO JARI;8700.00
5;2014;2A60 - SERVICOS DE PROTECAO SOCIAL BASICA;CONSOLIDACAO DO SISTEMA UNICO DE ASSISTENCIA SOCIAL (SUAS);08 - Assistência social;Fundo Público;AP;SANTANA;12000.00
10;2014;8446 - SERVICO DE APOIO A GESTAO DESCENTRALIZADA DO PROGRAMA BOLSA FAMILIA;INCLUSAO SOCIAL POR MEIO DO BOLSA FAMILIA, DO CADASTRO UNICO;08 - Assistência social;Fundo Público;AP;PEDRA BRANCA DO AMAPARI;2592.76
12;2014;2A60 - SERVICOS DE PROTECAO SOCIAL BASICA;CONSOLIDACAO DO SISTEMA UNICO DE ASSISTENCIA SOCIAL (SUAS);08 - Assistência social;Fundo Público;AP;SERRA DO NAVIO;23325.00
7;2014;8446 - SERVICO DE APOIO A GESTAO DESCENTRALIZADA DO PROGRAMA BOLSA FAMILIA;INCLUSAO SOCIAL POR MEIO DO BOLSA FAMILIA, DO CADASTRO UNICO;08 - Assistência social;Fundo Público;AP;TARTARUGALZINHO;3801.05
10;2014;8446 - SERVICO DE APOIO A GESTAO DESCENTRALIZADA DO PROGRAMA BOLSA FAMILIA;INCLUSAO SOCIAL POR MEIO DO BOLSA FAMILIA, DO CADASTRO UNICO;08 - Assistência social;Fundo Público;AP;PORTO GRANDE;5602.54
3;2014;2A65 - SERVICOS DE PROTECAO SOCIAL ESPECIAL DE MEDIA COMPLEXIDADE;CONSOLIDACAO DO SISTEMA UNICO DE ASSISTENCIA SOCIAL (SUAS);08 - Assistência social;Fundo Público;AP;SANTANA;12500.00
8;2014;2A60 - SERVICOS DE PROTECAO SOCIAL BASICA;CONSOLIDACAO DO SISTEMA UNICO DE ASSISTENCIA SOCIAL (SUAS);08 - Assistência social;Fundo Público;AP;VITÓRIA DO JARI;10500.00
3;2014;2A60 - SERVICOS DE PROTECAO SOCIAL BASICA;CONSOLIDACAO DO SISTEMA UNICO DE ASSISTENCIA SOCIAL (SUAS);08 - Assistência social;Fundo Público;AP;MACAPÁ;72000.00
3;2014;8446 - SERVICO DE APOIO A GESTAO DESCENTRALIZADA DO PROGRAMA BOLSA FAMILIA;INCLUSAO SOCIAL POR MEIO DO BOLSA FAMILIA, DO CADASTRO UNICO;08 - Assistência social;Fundo Público;AP;SERRA DO NAVIO;1023.91
8;2014;2A60 - SERVICOS DE PROTECAO SOCIAL BASICA;CONSOLIDACAO DO SISTEMA UNICO DE ASSISTENCIA SOCIAL (SUAS);08 - Assistência social;Fundo Público;AP;MAZAGÃO;6000.00
5;2014;2A60 - SERVICOS DE PROTECAO SOCIAL BASICA;CONSOLIDACAO DO SISTEMA UNICO DE ASSISTENCIA SOCIAL (SUAS);08 - Assistência social;Fundo Público;AP;VITÓRIA DO JARI;10500.00
2;2014;2A60 - SERVICOS DE PROTECAO SOCIAL BASICA;CONSOLIDACAO DO SISTEMA UNICO DE ASSISTENCIA SOCIAL (SUAS);08 - Assistência social;Fundo Público;AP;SERRA DO NAVIO;39000.00
5;2014;8446 - SERVICO DE APOIO A GESTAO DESCENTRALIZADA DO PROGRAMA BOLSA FAMILIA;INCLUSAO SOCIAL POR MEIO DO BOLSA FAMILIA, DO CADASTRO UNICO;08 - Assistência social;Fundo Público;AP;MAZAGÃO;6651.84
2;2014;2A60 - SERVICOS DE PROTECAO SOCIAL BASICA;CONSOLIDACAO DO SISTEMA UNICO DE ASSISTENCIA SOCIAL (SUAS);08 - Assistência social;Fundo Público;AP;TARTARUGALZINHO;48000.00
12;2014;2A65 - SERVICOS DE PROTECAO SOCIAL ESPECIAL DE MEDIA COMPLEXIDADE;CONSOLIDACAO DO SISTEMA UNICO DE ASSISTENCIA SOCIAL (SUAS);08 - Assistência social;Fundo Público;AP;PEDRA BRANCA DO AMAPARI;13800.00
4;2014;2A65 - SERVICOS DE PROTECAO SOCIAL ESPECIAL DE MEDIA COMPLEXIDADE;CONSOLIDACAO DO SISTEMA UNICO DE ASSISTENCIA SOCIAL (SUAS);08 - Assistência social;Fundo Público;AP;MACAPÁ;51270.80
11;2014;8446 - SERVICO DE APOIO A GESTAO DESCENTRALIZADA DO PROGRAMA BOLSA FAMILIA;INCLUSAO SOCIAL POR MEIO DO BOLSA FAMILIA, DO CADASTRO UNICO;08 - Assistência social;Fundo Público;AP;VITÓRIA DO JARI;9708.66
4;2014;2A65 - SERVICOS DE PROTECAO SOCIAL ESPECIAL DE MEDIA COMPLEXIDADE;CONSOLIDACAO DO SISTEMA UNICO DE ASSISTENCIA SOCIAL (SUAS);08 - Assistência social;Fundo Público;AP;LARANJAL DO JARI;10900.00
5;2014;8446 - SERVICO DE APOIO A GESTAO DESCENTRALIZADA DO PROGRAMA BOLSA FAMILIA;INCLUSAO SOCIAL POR MEIO DO BOLSA FAMILIA, DO CADASTRO UNICO;08 - Assistência social;Fundo Público;AP;SANTANA;28759.58
5;2014;2A60 - SERVICOS DE PROTECAO SOCIAL BASICA;CONSOLIDACAO DO SISTEMA UNICO DE ASSISTENCIA SOCIAL (SUAS);08 - Assistência social;Fundo Público;AP;CALÇOENE;10500.00
12;2014;2B31 - ESTRUTURACAO DA REDE DE SERVICOS DE PROTECAO SOCIAL ESPECIAL;CONSOLIDACAO DO SISTEMA UNICO DE ASSISTENCIA SOCIAL (SUAS);08 - Assistência social;Administração Pública Municipal;AP;MACAPÁ;200000.00
2;2014;8446 - SERVICO DE APOIO A GESTAO DESCENTRALIZADA DO PROGRAMA BOLSA FAMILIA;INCLUSAO SOCIAL POR MEIO DO BOLSA FAMILIA, DO CADASTRO UNICO;08 - Assistência social;Fundo Público;AP;CALÇOENE;7696.85
7;2014;8893 - APOIO A ORGANIZACAO, A GESTAO E A VIGILANCIA SOCIAL NO TERRITORIO, NO AMBITO DO SISTEMA UNICO DE ASSISTENCIA SOCIAL - SUAS;CONSOLIDACAO DO SISTEMA UNICO DE ASSISTENCIA SOCIAL (SUAS);08 - Assistência social;Fundo Público;AP;SERRA DO NAVIO;2037.48
11;2014;8446 - SERVICO DE APOIO A GESTAO DESCENTRALIZADA DO PROGRAMA BOLSA FAMILIA;INCLUSAO SOCIAL POR MEIO DO BOLSA FAMILIA, DO CADASTRO UNICO;08 - Assistência social;Fundo Público;AP;TARTARUGALZINHO;9806.63
12;2014;2A60 - SERVICOS DE PROTECAO SOCIAL BASICA;CONSOLIDACAO DO SISTEMA UNICO DE ASSISTENCIA SOCIAL (SUAS);08 - Assistência social;Fundo Público;AP;MAZAGÃO;28075.00
11;2014;2A60 - SERVICOS DE PROTECAO SOCIAL BASICA;CONSOLIDACAO DO SISTEMA UNICO DE ASSISTENCIA SOCIAL (SUAS);08 - Assistência social;Fundo Público;AP;CALÇOENE;21000.00
10;2014;8446 - SERVICO DE APOIO A GESTAO DESCENTRALIZADA DO PROGRAMA BOLSA FAMILIA;INCLUSAO SOCIAL POR MEIO DO BOLSA FAMILIA, DO CADASTRO UNICO;08 - Assistência social;Fundo Público;AP;MAZAGÃO;6574.22
7;2014;8893 - APOIO A ORGANIZACAO, A GESTAO E A VIGILANCIA SOCIAL NO TERRITORIO, NO AMBITO DO SISTEMA UNICO DE ASSISTENCIA SOCIAL - SUAS;CONSOLIDACAO DO SISTEMA UNICO DE ASSISTENCIA SOCIAL (SUAS);08 - Assistência social;Fundo Público;AP;VITÓRIA DO JARI;1950.34
11;2014;8893 - APOIO A ORGANIZACAO, A GESTAO E A VIGILANCIA SOCIAL NO TERRITORIO, NO AMBITO DO SISTEMA UNICO DE ASSISTENCIA SOCIAL - SUAS;CONSOLIDACAO DO SISTEMA UNICO DE ASSISTENCIA SOCIAL (SUAS);08 - Assistência social;Fundo Público;AP;OIAPOQUE;1486.78
11;2014;8893 - APOIO A ORGANIZACAO, A GESTAO E A VIGILANCIA SOCIAL NO TERRITORIO, NO AMBITO DO SISTEMA UNICO DE ASSISTENCIA SOCIAL - SUAS;CONSOLIDACAO DO SISTEMA UNICO DE ASSISTENCIA SOCIAL (SUAS);08 - Assistência social;Fundo Público;AP;TARTARUGALZINHO;1078.31
7;2014;2A60 - SERVICOS DE PROTECAO SOCIAL BASICA;CONSOLIDACAO DO SISTEMA UNICO DE ASSISTENCIA SOCIAL (SUAS);08 - Assistência social;Fundo Público;AP;PORTO GRANDE;16741.43
8;2014;8446 - SERVICO DE APOIO A GESTAO DESCENTRALIZADA DO PROGRAMA BOLSA FAMILIA;INCLUSAO SOCIAL POR MEIO DO BOLSA FAMILIA, DO CADASTRO UNICO;08 - Assistência social;Fundo Público;AP;SERRA DO NAVIO;1119.88
10;2014;2A60 - SERVICOS DE PROTECAO SOCIAL BASICA;CONSOLIDACAO DO SISTEMA UNICO DE ASSISTENCIA SOCIAL (SUAS);08 - Assistência social;Fundo Público;AP;TARTARUGALZINHO;31450.00
5;2014;2A60 - SERVICOS DE PROTECAO SOCIAL BASICA;CONSOLIDACAO DO SISTEMA UNICO DE ASSISTENCIA SOCIAL (SUAS);08 - Assistência social;Fundo Público;AP;OIAPOQUE;4500.00
11;2014;8893 - APOIO A ORGANIZACAO, A GESTAO E A VIGILANCIA SOCIAL NO TERRITORIO, NO AMBITO DO SISTEMA UNICO DE ASSISTENCIA SOCIAL - SUAS;CONSOLIDACAO DO SISTEMA UNICO DE ASSISTENCIA SOCIAL (SUAS);08 - Assistência social;Fundo Público;AP;MAZAGÃO;2660.83
7;2014;2A60 - SERVICOS DE PROTECAO SOCIAL BASICA;CONSOLIDACAO DO SISTEMA UNICO DE ASSISTENCIA SOCIAL (SUAS);08 - Assistência social;Fundo Público;AP;MAZAGÃO;38400.00
2;2014;8893 - APOIO A ORGANIZACAO, A GESTAO E A VIGILANCIA SOCIAL NO TERRITORIO, NO AMBITO DO SISTEMA UNICO DE ASSISTENCIA SOCIAL - SUAS;CONSOLIDACAO DO SISTEMA UNICO DE ASSISTENCIA SOCIAL (SUAS);08 - Assistência social;Fundo Público;AP;MACAPÁ;16530.48
5;2014;8893 - APOIO A ORGANIZACAO, A GESTAO E A VIGILANCIA SOCIAL NO TERRITORIO, NO AMBITO DO SISTEMA UNICO DE ASSISTENCIA SOCIAL - SUAS;CONSOLIDACAO DO SISTEMA UNICO DE ASSISTENCIA SOCIAL (SUAS);08 - Assistência social;Fundo Público;AP;PORTO GRANDE;664.49
12;2014;8446 - SERVICO DE APOIO A GESTAO DESCENTRALIZADA DO PROGRAMA BOLSA FAMILIA;INCLUSAO SOCIAL POR MEIO DO BOLSA FAMILIA, DO CADASTRO UNICO;08 - Assistência social;Fundo Público;AP;SANTANA;51992.85
3;2014;8446 - SERVICO DE APOIO A GESTAO DESCENTRALIZADA DO PROGRAMA BOLSA FAMILIA;INCLUSAO SOCIAL POR MEIO DO BOLSA FAMILIA, DO CADASTRO UNICO;08 - Assistência social;Fundo Público;AP;MAZAGÃO;6023.12
2;2014;8893 - APOIO A ORGANIZACAO, A GESTAO E A VIGILANCIA SOCIAL NO TERRITORIO, NO AMBITO DO SISTEMA UNICO DE ASSISTENCIA SOCIAL - SUAS;CONSOLIDACAO DO SISTEMA UNICO DE ASSISTENCIA SOCIAL (SUAS);08 - Assistência social;Fundo Público;AP;CALÇOENE;2727.52
10;2014;2A65 - SERVICOS DE PROTECAO SOCIAL ESPECIAL DE MEDIA COMPLEXIDADE;CONSOLIDACAO DO SISTEMA UNICO DE ASSISTENCIA SOCIAL (SUAS);08 - Assistência social;Fundo Público;AP;LARANJAL DO JARI;8700.00
7;2014;8893 - APOIO A ORGANIZACAO, A GESTAO E A VIGILANCIA SOCIAL NO TERRITORIO, NO AMBITO DO SISTEMA UNICO DE ASSISTENCIA SOCIAL - SUAS;CONSOLIDACAO DO SISTEMA UNICO DE ASSISTENCIA SOCIAL (SUAS);08 - Assistência social;Fundo Público;AP;LARANJAL DO JARI;1489.07
7;2014;2A60 - SERVICOS DE PROTECAO SOCIAL BASICA;CONSOLIDACAO DO SISTEMA UNICO DE ASSISTENCIA SOCIAL (SUAS);08 - Assistência social;Fundo Público;AP;SERRA DO NAVIO;6000.00
2;2014;2A65 - SERVICOS DE PROTECAO SOCIAL ESPECIAL DE MEDIA COMPLEXIDADE;CONSOLIDACAO DO SISTEMA UNICO DE ASSISTENCIA SOCIAL (SUAS);08 - Assistência social;Fundo Público;AP;OIAPOQUE;6500.00
5;2014;8446 - SERVICO DE APOIO A GESTAO DESCENTRALIZADA DO PROGRAMA BOLSA FAMILIA;INCLUSAO SOCIAL POR MEIO DO BOLSA FAMILIA, DO CADASTRO UNICO;08 - Assistência social;Fundo Público;AP;MACAPÁ;70462.39
7;2014;2A60 - SERVICOS DE PROTECAO SOCIAL BASICA;CONSOLIDACAO DO SISTEMA UNICO DE ASSISTENCIA SOCIAL (SUAS);08 - Assistência social;Fundo Público;AP;PEDRA BRANCA DO AMAPARI;6000.00
2;2014;8893 - APOIO A ORGANIZACAO, A GESTAO E A VIGILANCIA SOCIAL NO TERRITORIO, NO AMBITO DO SISTEMA UNICO DE ASSISTENCIA SOCIAL - SUAS;CONSOLIDACAO DO SISTEMA UNICO DE ASSISTENCIA SOCIAL (SUAS);08 - Assistência social;Fundo Público;AP;CUTIAS;1215.20
12;2014;8446 - SERVICO DE APOIO A GESTAO DESCENTRALIZADA DO PROGRAMA BOLSA FAMILIA;INCLUSAO SOCIAL POR MEIO DO BOLSA FAMILIA, DO CADASTRO UNICO;08 - Assistência social;Fundo Público;AP;SERRA DO NAVIO;2482.91
12;2014;2A60 - SERVICOS DE PROTECAO SOCIAL BASICA;CONSOLIDACAO DO SISTEMA UNICO DE ASSISTENCIA SOCIAL (SUAS);08 - Assistência social;Fundo Público;AP;FERREIRA GOMES;6750.00
8;2014;2A60 - SERVICOS DE PROTECAO SOCIAL BASICA;CONSOLIDACAO DO SISTEMA UNICO DE ASSISTENCIA SOCIAL (SUAS);08 - Assistência social;Fundo Público;AP;CALÇOENE;10500.00
8;2014;2A65 - SERVICOS DE PROTECAO SOCIAL ESPECIAL DE MEDIA COMPLEXIDADE;CONSOLIDACAO DO SISTEMA UNICO DE ASSISTENCIA SOCIAL (SUAS);08 - Assistência social;Fundo Público;AP;SANTANA;50069.40
4;2014;8893 - APOIO A ORGANIZACAO, A GESTAO E A VIGILANCIA SOCIAL NO TERRITORIO, NO AMBITO DO SISTEMA UNICO DE ASSISTENCIA SOCIAL - SUAS;CONSOLIDACAO DO SISTEMA UNICO DE ASSISTENCIA SOCIAL (SUAS);08 - Assistência social;Fundo Público;AP;MAZAGÃO;1838.59
4;2014;2A60 - SERVICOS DE PROTECAO SOCIAL BASICA;CONSOLIDACAO DO SISTEMA UNICO DE ASSISTENCIA SOCIAL (SUAS);08 - Assistência social;Fundo Público;AP;MACAPÁ;99000.00
10;2014;2A60 - SERVICOS DE PROTECAO SOCIAL BASICA;CONSOLIDACAO DO SISTEMA UNICO DE ASSISTENCIA SOCIAL (SUAS);08 - Assistência social;Fundo Público;AP;MAZAGÃO;44700.00
8;2014;20V5 - ACOES COMPLEMENTARES DE PROTECAO SOCIAL BASICA;CONSOLIDACAO DO SISTEMA UNICO DE ASSISTENCIA SOCIAL (SUAS);08 - Assistência social;Fundo Público;AP;SANTANA;45073.50
10;2014;8446 - SERVICO DE APOIO A GESTAO DESCENTRALIZADA DO PROGRAMA BOLSA FAMILIA;INCLUSAO SOCIAL POR MEIO DO BOLSA FAMILIA, DO CADASTRO UNICO;08 - Assistência social;Fundo Público;AP;SANTANA;25928.18
7;2014;2A65 - SERVICOS DE PROTECAO SOCIAL ESPECIAL DE MEDIA COMPLEXIDADE;CONSOLIDACAO DO SISTEMA UNICO DE ASSISTENCIA SOCIAL (SUAS);08 - Assistência social;Fundo Público;AP;VITÓRIA DO JARI;2200.00
4;2014;2A60 - SERVICOS DE PROTECAO SOCIAL BASICA;CONSOLIDACAO DO SISTEMA UNICO DE ASSISTENCIA SOCIAL (SUAS);08 - Assistência social;Fundo Público;AP;CUTIAS;6000.00
4;2014;8893 - APOIO A ORGANIZACAO, A GESTAO E A VIGILANCIA SOCIAL NO TERRITORIO, NO AMBITO DO SISTEMA UNICO DE ASSISTENCIA SOCIAL - SUAS;CONSOLIDACAO DO SISTEMA UNICO DE ASSISTENCIA SOCIAL (SUAS);08 - Assistência social;Fundo Público;AP;SERRA DO NAVIO;2037.48
11;2014;2A69 - SERVICOS DE PROTECAO SOCIAL ESPECIAL DE ALTA COMPLEXIDADE;CONSOLIDACAO DO SISTEMA UNICO DE ASSISTENCIA SOCIAL (SUAS);08 - Assistência social;Fundo Público;AP;LARANJAL DO JARI;20000.00
10;2014;2A65 - SERVICOS DE PROTECAO SOCIAL ESPECIAL DE MEDIA COMPLEXIDADE;CONSOLIDACAO DO SISTEMA UNICO DE ASSISTENCIA SOCIAL (SUAS);08 - Assistência social;Fundo Público;AP;VITÓRIA DO JARI;2200.00
5;2014;2A60 - SERVICOS DE PROTECAO SOCIAL BASICA;CONSOLIDACAO DO SISTEMA UNICO DE ASSISTENCIA SOCIAL (SUAS);08 - Assistência social;Fundo Público;AP;TARTARUGALZINHO;6000.00
5;2014;8893 - APOIO A ORGANIZACAO, A GESTAO E A VIGILANCIA SOCIAL NO TERRITORIO, NO AMBITO DO SISTEMA UNICO DE ASSISTENCIA SOCIAL - SUAS;CONSOLIDACAO DO SISTEMA UNICO DE ASSISTENCIA SOCIAL (SUAS);08 - Assistência social;Fundo Público;AP;LARANJAL DO JARI;1489.07
4;2014;2A65 - SERVICOS DE PROTECAO SOCIAL ESPECIAL DE MEDIA COMPLEXIDADE;CONSOLIDACAO DO SISTEMA UNICO DE ASSISTENCIA SOCIAL (SUAS);08 - Assistência social;Fundo Público;AP;SANTANA;27838.80
11;2014;8446 - SERVICO DE APOIO A GESTAO DESCENTRALIZADA DO PROGRAMA BOLSA FAMILIA;INCLUSAO SOCIAL POR MEIO DO BOLSA FAMILIA, DO CADASTRO UNICO;08 - Assistência social;Fundo Público;AP;MAZAGÃO;13304.97
11;2014;2A60 - SERVICOS DE PROTECAO SOCIAL BASICA;CONSOLIDACAO DO SISTEMA UNICO DE ASSISTENCIA SOCIAL (SUAS);08 - Assistência social;Fundo Público;AP;TARTARUGALZINHO;12000.00
2;2014;2A60 - SERVICOS DE PROTECAO SOCIAL BASICA;CONSOLIDACAO DO SISTEMA UNICO DE ASSISTENCIA SOCIAL (SUAS);08 - Assistência social;Fundo Público;AP;CUTIAS;39000.00
3;2014;2A60 - SERVICOS DE PROTECAO SOCIAL BASICA;CONSOLIDACAO DO SISTEMA UNICO DE ASSISTENCIA SOCIAL (SUAS);08 - Assistência social;Fundo Público;AP;CUTIAS;6000.00
7;2014;8893 - APOIO A ORGANIZACAO, A GESTAO E A VIGILANCIA SOCIAL NO TERRITORIO, NO AMBITO DO SISTEMA UNICO DE ASSISTENCIA SOCIAL - SUAS;CONSOLIDACAO DO SISTEMA UNICO DE ASSISTENCIA SOCIAL (SUAS);08 - Assistência social;Fundo Público;AP;SANTANA;3238.09
5;2014;8893 - APOIO A ORGANIZACAO, A GESTAO E A VIGILANCIA SOCIAL NO TERRITORIO, NO AMBITO DO SISTEMA UNICO DE ASSISTENCIA SOCIAL - SUAS;CONSOLIDACAO DO SISTEMA UNICO DE ASSISTENCIA SOCIAL (SUAS);08 - Assistência social;Fundo Público;AP;SERRA DO NAVIO;2037.48
2;2014;2A60 - SERVICOS DE PROTECAO SOCIAL BASICA;CONSOLIDACAO DO SISTEMA UNICO DE ASSISTENCIA SOCIAL (SUAS);08 - Assistência social;Fundo Público;AP;SANTANA;157500.00
10;2014;8446 - SERVICO DE APOIO A GESTAO DESCENTRALIZADA DO PROGRAMA BOLSA FAMILIA;INCLUSAO SOCIAL POR MEIO DO BOLSA FAMILIA, DO CADASTRO UNICO;08 - Assistência social;Fundo Público;AP;MACAPÁ;74526.17
3;2014;2A65 - SERVICOS DE PROTECAO SOCIAL ESPECIAL DE MEDIA COMPLEXIDADE;CONSOLIDACAO DO SISTEMA UNICO DE ASSISTENCIA SOCIAL (SUAS);08 - Assistência social;Fundo Público;AP;VITÓRIA DO JARI;8700.00
5;2014;2A65 - SERVICOS DE PROTECAO SOCIAL ESPECIAL DE MEDIA COMPLEXIDADE;CONSOLIDACAO DO SISTEMA UNICO DE ASSISTENCIA SOCIAL (SUAS);08 - Assistência social;Fundo Público;AP;SANTANA;19069.40
12;2014;8446 - SERVICO DE APOIO A GESTAO DESCENTRALIZADA DO PROGRAMA BOLSA FAMILIA;INCLUSAO SOCIAL POR MEIO DO BOLSA FAMILIA, DO CADASTRO UNICO;08 - Assistência social;Fundo Público;AP;VITÓRIA DO JARI;10068.24
10;2014;8446 - SERVICO DE APOIO A GESTAO DESCENTRALIZADA DO PROGRAMA BOLSA FAMILIA;INCLUSAO SOCIAL POR MEIO DO BOLSA FAMILIA, DO CADASTRO UNICO;08 - Assistência social;Fundo Público;AP;CUTIAS;1959.30
8;2014;2A65 - SERVICOS DE PROTECAO SOCIAL ESPECIAL DE MEDIA COMPLEXIDADE;CONSOLIDACAO DO SISTEMA UNICO DE ASSISTENCIA SOCIAL (SUAS);08 - Assistência social;Fundo Público;AP;VITÓRIA DO JARI;6500.00
7;2014;2A60 - SERVICOS DE PROTECAO SOCIAL BASICA;CONSOLIDACAO DO SISTEMA UNICO DE ASSISTENCIA SOCIAL (SUAS);08 - Assistência social;Fundo Público;AP;CALÇOENE;10500.00
4;2014;2A65 - SERVICOS DE PROTECAO SOCIAL ESPECIAL DE MEDIA COMPLEXIDADE;CONSOLIDACAO DO SISTEMA UNICO DE ASSISTENCIA SOCIAL (SUAS);08 - Assistência social;Fundo Público;AP;VITÓRIA DO JARI;10900.00
2;2014;8446 - SERVICO DE APOIO A GESTAO DESCENTRALIZADA DO PROGRAMA BOLSA FAMILIA;INCLUSAO SOCIAL POR MEIO DO BOLSA FAMILIA, DO CADASTRO UNICO;08 - Assistência social;Fundo Público;AP;TARTARUGALZINHO;7148.62
9;2014;2A65 - SERVICOS DE PROTECAO SOCIAL ESPECIAL DE MEDIA COMPLEXIDADE;CONSOLIDACAO DO SISTEMA UNICO DE ASSISTENCIA SOCIAL (SUAS);08 - Assistência social;Fundo Público;AP;PEDRA BRANCA DO AMAPARI;7200.00
8;2014;2A69 - SERVICOS DE PROTECAO SOCIAL ESPECIAL DE ALTA COMPLEXIDADE;CONSOLIDACAO DO SISTEMA UNICO DE ASSISTENCIA SOCIAL (SUAS);08 - Assistência social;Fundo Público;AP;SANTANA;78000.00
11;2014;2A60 - SERVICOS DE PROTECAO SOCIAL BASICA;CONSOLIDACAO DO SISTEMA UNICO DE ASSISTENCIA SOCIAL (SUAS);08 - Assistência social;Fundo Público;AP;PEDRA BRANCA DO AMAPARI;32000.00
6;2014;2A65 - SERVICOS DE PROTECAO SOCIAL ESPECIAL DE MEDIA COMPLEXIDADE;CONSOLIDACAO DO SISTEMA UNICO DE ASSISTENCIA SOCIAL (SUAS);08 - Assistência social;Fundo Público;AP;SANTANA;19069.40
2;2014;2A65 - SERVICOS DE PROTECAO SOCIAL ESPECIAL DE MEDIA COMPLEXIDADE;CONSOLIDACAO DO SISTEMA UNICO DE ASSISTENCIA SOCIAL (SUAS);08 - Assistência social;Fundo Público;AP;PEDRA BRANCA DO AMAPARI;6900.00
11;2014;8893 - APOIO A ORGANIZACAO, A GESTAO E A VIGILANCIA SOCIAL NO TERRITORIO, NO AMBITO DO SISTEMA UNICO DE ASSISTENCIA SOCIAL - SUAS;CONSOLIDACAO DO SISTEMA UNICO DE ASSISTENCIA SOCIAL (SUAS);08 - Assistência social;Fundo Público;AP;VITÓRIA DO JARI;3906.21
7;2014;2A60 - SERVICOS DE PROTECAO SOCIAL BASICA;CONSOLIDACAO DO SISTEMA UNICO DE ASSISTENCIA SOCIAL (SUAS);08 - Assistência social;Fundo Público;AP;SANTANA;12000.00
3;2014;2A65 - SERVICOS DE PROTECAO SOCIAL ESPECIAL DE MEDIA COMPLEXIDADE;CONSOLIDACAO DO SISTEMA UNICO DE ASSISTENCIA SOCIAL (SUAS);08 - Assistência social;Fundo Público;AP;LARANJAL DO JARI;8700.00
10;2014;2A60 - SERVICOS DE PROTECAO SOCIAL BASICA;CONSOLIDACAO DO SISTEMA UNICO DE ASSISTENCIA SOCIAL (SUAS);08 - Assistência social;Fundo Público;AP;PEDRA BRANCA DO AMAPARI;13000.00
3;2014;8446 - SERVICO DE APOIO A GESTAO DESCENTRALIZADA DO PROGRAMA BOLSA FAMILIA;INCLUSAO SOCIAL POR MEIO DO BOLSA FAMILIA, DO CADASTRO UNICO;08 - Assistência social;Fundo Público;AP;TARTARUGALZINHO;4003.00
12;2014;2A60 - SERVICOS DE PROTECAO SOCIAL BASICA;CONSOLIDACAO DO SISTEMA UNICO DE ASSISTENCIA SOCIAL (SUAS);08 - Assistência social;Fundo Público;AP;TARTARUGALZINHO;20466.67
11;2014;20V5 - ACOES COMPLEMENTARES DE PROTECAO SOCIAL BASICA;CONSOLIDACAO DO SISTEMA UNICO DE ASSISTENCIA SOCIAL (SUAS);08 - Assistência social;Fundo Público;AP;MAZAGÃO;24720.00
9;2014;2A60 - SERVICOS DE PROTECAO SOCIAL BASICA;CONSOLIDACAO DO SISTEMA UNICO DE ASSISTENCIA SOCIAL (SUAS);08 - Assistência social;Fundo Público;AP;VITÓRIA DO JARI;6000.00
2;2014;8446 - SERVICO DE APOIO A GESTAO DESCENTRALIZADA DO PROGRAMA BOLSA FAMILIA;INCLUSAO SOCIAL POR MEIO DO BOLSA FAMILIA, DO CADASTRO UNICO;08 - Assistência social;Fundo Público;AP;MACAPÁ;137179.31
12;2014;8446 - SERVICO DE APOIO A GESTAO DESCENTRALIZADA DO PROGRAMA BOLSA FAMILIA;INCLUSAO SOCIAL POR MEIO DO BOLSA FAMILIA, DO CADASTRO UNICO;08 - Assistência social;Fundo Público;AP;MACAPÁ;166673.30
3;2014;8446 - SERVICO DE APOIO A GESTAO DESCENTRALIZADA DO PROGRAMA BOLSA FAMILIA;INCLUSAO SOCIAL POR MEIO DO BOLSA FAMILIA, DO CADASTRO UNICO;08 - Assistência social;Fundo Público;AP;PRACUÚBA;1442.72
3;2014;2A60 - SERVICOS DE PROTECAO SOCIAL BASICA;CONSOLIDACAO DO SISTEMA UNICO DE ASSISTENCIA SOCIAL (SUAS);08 - Assistência social;Fundo Público;AP;PEDRA BRANCA DO AMAPARI;6000.00
11;2014;8446 - SERVICO DE APOIO A GESTAO DESCENTRALIZADA DO PROGRAMA BOLSA FAMILIA;INCLUSAO SOCIAL POR MEIO DO BOLSA FAMILIA, DO CADASTRO UNICO;08 - Assistência social;Fundo Público;AP;PEDRA BRANCA DO AMAPARI;5381.71
8;2014;8446 - SERVICO DE APOIO A GESTAO DESCENTRALIZADA DO PROGRAMA BOLSA FAMILIA;INCLUSAO SOCIAL POR MEIO DO BOLSA FAMILIA, DO CADASTRO UNICO;08 - Assistência social;Fundo Público;AP;PRACUÚBA;1333.22
4;2014;2A65 - SERVICOS DE PROTECAO SOCIAL ESPECIAL DE MEDIA COMPLEXIDADE;CONSOLIDACAO DO SISTEMA UNICO DE ASSISTENCIA SOCIAL (SUAS);08 - Assistência social;Fundo Público;AP;PEDRA BRANCA DO AMAPARI;6900.00
2;2014;2A65 - SERVICOS DE PROTECAO SOCIAL ESPECIAL DE MEDIA COMPLEXIDADE;CONSOLIDACAO DO SISTEMA UNICO DE ASSISTENCIA SOCIAL (SUAS);08 - Assistência social;Fundo Público;AP;MACAPÁ;23885.40
4;2014;2A65 - SERVICOS DE PROTECAO SOCIAL ESPECIAL DE MEDIA COMPLEXIDADE;CONSOLIDACAO DO SISTEMA UNICO DE ASSISTENCIA SOCIAL (SUAS);08 - Assistência social;Fundo Público;AP;OIAPOQUE;6500.00
8;2014;8446 - SERVICO DE APOIO A GESTAO DESCENTRALIZADA DO PROGRAMA BOLSA FAMILIA;INCLUSAO SOCIAL POR MEIO DO BOLSA FAMILIA, DO CADASTRO UNICO;08 - Assistência social;Fundo Público;AP;MAZAGÃO;6632.73
3;2014;2A69 - SERVICOS DE PROTECAO SOCIAL ESPECIAL DE ALTA COMPLEXIDADE;CONSOLIDACAO DO SISTEMA UNICO DE ASSISTENCIA SOCIAL (SUAS);08 - Assistência social;Fundo Público;AP;SANTANA;3400.00
4;2014;2A60 - SERVICOS DE PROTECAO SOCIAL BASICA;CONSOLIDACAO DO SISTEMA UNICO DE ASSISTENCIA SOCIAL (SUAS);08 - Assistência social;Fundo Público;AP;CALÇOENE;15000.00
4;2014;8893 - APOIO A ORGANIZACAO, A GESTAO E A VIGILANCIA SOCIAL NO TERRITORIO, NO AMBITO DO SISTEMA UNICO DE ASSISTENCIA SOCIAL - SUAS;CONSOLIDACAO DO SISTEMA UNICO DE ASSISTENCIA SOCIAL (SUAS);08 - Assistência social;Fundo Público;AP;SANTANA;3238.09
7;2014;8893 - APOIO A ORGANIZACAO, A GESTAO E A VIGILANCIA SOCIAL NO TERRITORIO, NO AMBITO DO SISTEMA UNICO DE ASSISTENCIA SOCIAL - SUAS;CONSOLIDACAO DO SISTEMA UNICO DE ASSISTENCIA SOCIAL (SUAS);08 - Assistência social;Fundo Público;AP;MACAPÁ;16530.48
12;2014;2A60 - SERVICOS DE PROTECAO SOCIAL BASICA;CONSOLIDACAO DO SISTEMA UNICO DE ASSISTENCIA SOCIAL (SUAS);08 - Assistência social;Fundo Público;AP;PORTO GRANDE;7266.19
8;2014;20V5 - ACOES COMPLEMENTARES DE PROTECAO SOCIAL BASICA;CONSOLIDACAO DO SISTEMA UNICO DE ASSISTENCIA SOCIAL (SUAS);08 - Assistência social;Fundo Público;AP;PEDRA BRANCA DO AMAPARI;25680.00
3;2014;8893 - APOIO A ORGANIZACAO, A GESTAO E A VIGILANCIA SOCIAL NO TERRITORIO, NO AMBITO DO SISTEMA UNICO DE ASSISTENCIA SOCIAL - SUAS;CONSOLIDACAO DO SISTEMA UNICO DE ASSISTENCIA SOCIAL (SUAS);08 - Assistência social;Fundo Público;AP;SANTANA;3238.09
6;2014;2A65 - SERVICOS DE PROTECAO SOCIAL ESPECIAL DE MEDIA COMPLEXIDADE;CONSOLIDACAO DO SISTEMA UNICO DE ASSISTENCIA SOCIAL (SUAS);08 - Assistência social;Fundo Público;AP;LARANJAL DO JARI;8700.00
4;2014;2A60 - SERVICOS DE PROTECAO SOCIAL BASICA;CONSOLIDACAO DO SISTEMA UNICO DE ASSISTENCIA SOCIAL (SUAS);08 - Assistência social;Fundo Público;AP;SERRA DO NAVIO;6000.00
5;2014;8446 - SERVICO DE APOIO A GESTAO DESCENTRALIZADA DO PROGRAMA BOLSA FAMILIA;INCLUSAO SOCIAL POR MEIO DO BOLSA FAMILIA, DO CADASTRO UNICO;08 - Assistência social;Fundo Público;AP;CALÇOENE;3739.71
12;2014;2A65 - SERVICOS DE PROTECAO SOCIAL ESPECIAL DE MEDIA COMPLEXIDADE;CONSOLIDACAO DO SISTEMA UNICO DE ASSISTENCIA SOCIAL (SUAS);08 - Assistência social;Fundo Público;AP;SANTANA;4400.00
5;2014;8893 - APOIO A ORGANIZACAO, A GESTAO E A VIGILANCIA SOCIAL NO TERRITORIO, NO AMBITO DO SISTEMA UNICO DE ASSISTENCIA SOCIAL - SUAS;CONSOLIDACAO DO SISTEMA UNICO DE ASSISTENCIA SOCIAL (SUAS);08 - Assistência social;Fundo Público;AP;VITÓRIA DO JARI;1950.34
10;2014;2A60 - SERVICOS DE PROTECAO SOCIAL BASICA;CONSOLIDACAO DO SISTEMA UNICO DE ASSISTENCIA SOCIAL (SUAS);08 - Assistência social;Fundo Público;AP;PORTO GRANDE;21120.71
9;2014;2A65 - SERVICOS DE PROTECAO SOCIAL ESPECIAL DE MEDIA COMPLEXIDADE;CONSOLIDACAO DO SISTEMA UNICO DE ASSISTENCIA SOCIAL (SUAS);08 - Assistência social;Fundo Público;AP;MACAPÁ;16600.00
12;2014;2A60 - SERVICOS DE PROTECAO SOCIAL BASICA;CONSOLIDACAO DO SISTEMA UNICO DE ASSISTENCIA SOCIAL (SUAS);08 - Assistência social;Fundo Público;AP;CALÇOENE;48443.57
12;2014;2A60 - SERVICOS DE PROTECAO SOCIAL BASICA;CONSOLIDACAO DO SISTEMA UNICO DE ASSISTENCIA SOCIAL (SUAS);08 - Assistência social;Fundo Público;AP;OIAPOQUE;42000.00
10;2014;20TR - APOIO FINANCEIRO SUPLEMENTAR A MANUTENCAO DA EDUCACAO INFANTIL;EDUCACAO BASICA;08 - Assistência social;Administração Pública Municipal;AP;PORTO GRANDE;13713.42
8;2014;2A65 - SERVICOS DE PROTECAO SOCIAL ESPECIAL DE MEDIA COMPLEXIDADE;CONSOLIDACAO DO SISTEMA UNICO DE ASSISTENCIA SOCIAL (SUAS);08 - Assistência social;Fundo Público;AP;MAZAGÃO;14400.00
3;2014;2A60 - SERVICOS DE PROTECAO SOCIAL BASICA;CONSOLIDACAO DO SISTEMA UNICO DE ASSISTENCIA SOCIAL (SUAS);08 - Assistência social;Fundo Público;AP;SERRA DO NAVIO;6000.00
5;2014;2A65 - SERVICOS DE PROTECAO SOCIAL ESPECIAL DE MEDIA COMPLEXIDADE;CONSOLIDACAO DO SISTEMA UNICO DE ASSISTENCIA SOCIAL (SUAS);08 - Assistência social;Fundo Público;AP;OIAPOQUE;6500.00
3;2014;2A60 - SERVICOS DE PROTECAO SOCIAL BASICA;CONSOLIDACAO DO SISTEMA UNICO DE ASSISTENCIA SOCIAL (SUAS);08 - Assistência social;Fundo Público;AP;TARTARUGALZINHO;6000.00
8;2014;8446 - SERVICO DE APOIO A GESTAO DESCENTRALIZADA DO PROGRAMA BOLSA FAMILIA;INCLUSAO SOCIAL POR MEIO DO BOLSA FAMILIA, DO CADASTRO UNICO;08 - Assistência social;Fundo Público;AP;CUTIAS;1587.96
11;2014;20V5 - ACOES COMPLEMENTARES DE PROTECAO SOCIAL BASICA;CONSOLIDACAO DO SISTEMA UNICO DE ASSISTENCIA SOCIAL (SUAS);08 - Assistência social;Fundo Público;AP;CALÇOENE;23064.00
7;2014;8446 - SERVICO DE APOIO A GESTAO DESCENTRALIZADA DO PROGRAMA BOLSA FAMILIA;INCLUSAO SOCIAL POR MEIO DO BOLSA FAMILIA, DO CADASTRO UNICO;08 - Assistência social;Fundo Público;AP;PRACUÚBA;1341.60
3;2014;8446 - SERVICO DE APOIO A GESTAO DESCENTRALIZADA DO PROGRAMA BOLSA FAMILIA;INCLUSAO SOCIAL POR MEIO DO BOLSA FAMILIA, DO CADASTRO UNICO;08 - Assistência social;Fundo Público;AP;CUTIAS;1724.46
3;2014;8893 - APOIO A ORGANIZACAO, A GESTAO E A VIGILANCIA SOCIAL NO TERRITORIO, NO AMBITO DO SISTEMA UNICO DE ASSISTENCIA SOCIAL - SUAS;CONSOLIDACAO DO SISTEMA UNICO DE ASSISTENCIA SOCIAL (SUAS);08 - Assistência social;Fundo Público;AP;MACAPÁ;16530.48
8;2014;2A60 - SERVICOS DE PROTECAO SOCIAL BASICA;CONSOLIDACAO DO SISTEMA UNICO DE ASSISTENCIA SOCIAL (SUAS);08 - Assistência social;Fundo Público;AP;LARANJAL DO JARI;8400.00
4;2014;2A69 - SERVICOS DE PROTECAO SOCIAL ESPECIAL DE ALTA COMPLEXIDADE;CONSOLIDACAO DO SISTEMA UNICO DE ASSISTENCIA SOCIAL (SUAS);08 - Assistência social;Fundo Público;AP;SANTANA;9900.00
7;2014;8446 - SERVICO DE APOIO A GESTAO DESCENTRALIZADA DO PROGRAMA BOLSA FAMILIA;INCLUSAO SOCIAL POR MEIO DO BOLSA FAMILIA, DO CADASTRO UNICO;08 - Assistência social;Fundo Público;AP;MACAPÁ;70313.72
11;2014;8446 - SERVICO DE APOIO A GESTAO DESCENTRALIZADA DO PROGRAMA BOLSA FAMILIA;INCLUSAO SOCIAL POR MEIO DO BOLSA FAMILIA, DO CADASTRO UNICO;08 - Assistência social;Fundo Público;AP;CUTIAS;3950.44
11;2014;8446 - SERVICO DE APOIO A GESTAO DESCENTRALIZADA DO PROGRAMA BOLSA FAMILIA;INCLUSAO SOCIAL POR MEIO DO BOLSA FAMILIA, DO CADASTRO UNICO;08 - Assistência social;Fundo Público;AP;PRACUÚBA;2671.63
10;2014;20TR - APOIO FINANCEIRO SUPLEMENTAR A MANUTENCAO DA EDUCACAO INFANTIL;EDUCACAO BASICA;08 - Assistência social;Administração Pública Municipal;AP;MACAPÁ;130391.75
11;2014;2A60 - SERVICOS DE PROTECAO SOCIAL BASICA;CONSOLIDACAO DO SISTEMA UNICO DE ASSISTENCIA SOCIAL (SUAS);08 - Assistência social;Fundo Público;AP;SANTANA;24000.00
11;2014;20V5 - ACOES COMPLEMENTARES DE PROTECAO SOCIAL BASICA;CONSOLIDACAO DO SISTEMA UNICO DE ASSISTENCIA SOCIAL (SUAS);08 - Assistência social;Fundo Público;AP;PEDRA BRANCA DO AMAPARI;25680.00
12;2014;8446 - SERVICO DE APOIO A GESTAO DESCENTRALIZADA DO PROGRAMA BOLSA FAMILIA;INCLUSAO SOCIAL POR MEIO DO BOLSA FAMILIA, DO CADASTRO UNICO;08 - Assistência social;Fundo Público;AP;CALÇOENE;7141.12
5;2014;8446 - SERVICO DE APOIO A GESTAO DESCENTRALIZADA DO PROGRAMA BOLSA FAMILIA;INCLUSAO SOCIAL POR MEIO DO BOLSA FAMILIA, DO CADASTRO UNICO;08 - Assistência social;Fundo Público;AP;CUTIAS;1710.54
4;2014;2A60 - SERVICOS DE PROTECAO SOCIAL BASICA;CONSOLIDACAO DO SISTEMA UNICO DE ASSISTENCIA SOCIAL (SUAS);08 - Assistência social;Fundo Público;AP;VITÓRIA DO JARI;15000.00
7;2014;8446 - SERVICO DE APOIO A GESTAO DESCENTRALIZADA DO PROGRAMA BOLSA FAMILIA;INCLUSAO SOCIAL POR MEIO DO BOLSA FAMILIA, DO CADASTRO UNICO;08 - Assistência social;Fundo Público;AP;CUTIAS;1585.10
2;2014;8446 - SERVICO DE APOIO A GESTAO DESCENTRALIZADA DO PROGRAMA BOLSA FAMILIA;INCLUSAO SOCIAL POR MEIO DO BOLSA FAMILIA, DO CADASTRO UNICO;08 - Assistência social;Fundo Público;AP;FERREIRA GOMES;4495.92
3;2014;8893 - APOIO A ORGANIZACAO, A GESTAO E A VIGILANCIA SOCIAL NO TERRITORIO, NO AMBITO DO SISTEMA UNICO DE ASSISTENCIA SOCIAL - SUAS;CONSOLIDACAO DO SISTEMA UNICO DE ASSISTENCIA SOCIAL (SUAS);08 - Assistência social;Fundo Público;AP;VITÓRIA DO JARI;1950.34
2;2014;8893 - APOIO A ORGANIZACAO, A GESTAO E A VIGILANCIA SOCIAL NO TERRITORIO, NO AMBITO DO SISTEMA UNICO DE ASSISTENCIA SOCIAL - SUAS;CONSOLIDACAO DO SISTEMA UNICO DE ASSISTENCIA SOCIAL (SUAS);08 - Assistência social;Fundo Público;AP;SANTANA;3238.09
10;2014;20TR - APOIO FINANCEIRO SUPLEMENTAR A MANUTENCAO DA EDUCACAO INFANTIL;EDUCACAO BASICA;08 - Assistência social;Administração Pública Municipal;AP;OIAPOQUE;15998.99
12;2014;8446 - SERVICO DE APOIO A GESTAO DESCENTRALIZADA DO PROGRAMA BOLSA FAMILIA;INCLUSAO SOCIAL POR MEIO DO BOLSA FAMILIA, DO CADASTRO UNICO;08 - Assistência social;Fundo Público;AP;MAZAGÃO;14322.42
10;2014;2589 - AVALIACAO E OPERACIONALIZACAO DO BENEFICIO DE PRESTACAO CONTINUADA DA ASSISTENCIA SOCIAL (BPC) E MANUTENCAO DA RENDA MENSAL VITALICIA (RMV);CONSOLIDACAO DO SISTEMA UNICO DE ASSISTENCIA SOCIAL (SUAS);08 - Assistência social;Fundo Público;AP;TARTARUGALZINHO;120.00
9;2014;2A60 - SERVICOS DE PROTECAO SOCIAL BASICA;CONSOLIDACAO DO SISTEMA UNICO DE ASSISTENCIA SOCIAL (SUAS);08 - Assistência social;Fundo Público;AP;MAZAGÃO;6000.00
11;2014;8893 - APOIO A ORGANIZACAO, A GESTAO E A VIGILANCIA SOCIAL NO TERRITORIO, NO AMBITO DO SISTEMA UNICO DE ASSISTENCIA SOCIAL - SUAS;CONSOLIDACAO DO SISTEMA UNICO DE ASSISTENCIA SOCIAL (SUAS);08 - Assistência social;Fundo Público;AP;CALÇOENE;4506.01
11;2014;20V5 - ACOES COMPLEMENTARES DE PROTECAO SOCIAL BASICA;CONSOLIDACAO DO SISTEMA UNICO DE ASSISTENCIA SOCIAL (SUAS);08 - Assistência social;Fundo Público;AP;SERRA DO NAVIO;28791.00
5;2014;2A60 - SERVICOS DE PROTECAO SOCIAL BASICA;CONSOLIDACAO DO SISTEMA UNICO DE ASSISTENCIA SOCIAL (SUAS);08 - Assistência social;Fundo Público;AP;PORTO GRANDE;6000.00
4;2014;2A60 - SERVICOS DE PROTECAO SOCIAL BASICA;CONSOLIDACAO DO SISTEMA UNICO DE ASSISTENCIA SOCIAL (SUAS);08 - Assistência social;Fundo Público;AP;LARANJAL DO JARI;8400.00
3;2014;8893 - APOIO A ORGANIZACAO, A GESTAO E A VIGILANCIA SOCIAL NO TERRITORIO, NO AMBITO DO SISTEMA UNICO DE ASSISTENCIA SOCIAL - SUAS;CONSOLIDACAO DO SISTEMA UNICO DE ASSISTENCIA SOCIAL (SUAS);08 - Assistência social;Fundo Público;AP;LARANJAL DO JARI;1489.07
2;2014;8446 - SERVICO DE APOIO A GESTAO DESCENTRALIZADA DO PROGRAMA BOLSA FAMILIA;INCLUSAO SOCIAL POR MEIO DO BOLSA FAMILIA, DO CADASTRO UNICO;08 - Assistência social;Fundo Público;AP;MAZAGÃO;11510.00
3;2014;8893 - APOIO A ORGANIZACAO, A GESTAO E A VIGILANCIA SOCIAL NO TERRITORIO, NO AMBITO DO SISTEMA UNICO DE ASSISTENCIA SOCIAL - SUAS;CONSOLIDACAO DO SISTEMA UNICO DE ASSISTENCIA SOCIAL (SUAS);08 - Assistência social;Fundo Público;AP;CUTIAS;1215.20
7;2014;8893 - APOIO A ORGANIZACAO, A GESTAO E A VIGILANCIA SOCIAL NO TERRITORIO, NO AMBITO DO SISTEMA UNICO DE ASSISTENCIA SOCIAL - SUAS;CONSOLIDACAO DO SISTEMA UNICO DE ASSISTENCIA SOCIAL (SUAS);08 - Assistência social;Fundo Público;AP;PEDRA BRANCA DO AMAPARI;2186.66
8;2014;2A65 - SERVICOS DE PROTECAO SOCIAL ESPECIAL DE MEDIA COMPLEXIDADE;CONSOLIDACAO DO SISTEMA UNICO DE ASSISTENCIA SOCIAL (SUAS);08 - Assistência social;Fundo Público;AP;OIAPOQUE;23300.00
3;2014;20GD - INCLUSAO PRODUTIVA RURAL;SEGURANCA ALIMENTAR E NUTRICIONAL;08 - Assistência social;Administração Pública Estadual ou do Distrito Federal;AP;MACAPÁ;1289088.60
10;2014;20TR - APOIO FINANCEIRO SUPLEMENTAR A MANUTENCAO DA EDUCACAO INFANTIL;EDUCACAO BASICA;08 - Assistência social;Administração Pública Municipal;AP;VITÓRIA DO JARI;25141.27
9;2014;2589 - AVALIACAO E OPERACIONALIZACAO DO BENEFICIO DE PRESTACAO CONTINUADA DA ASSISTENCIA SOCIAL (BPC) E MANUTENCAO DA RENDA MENSAL VITALICIA (RMV);CONSOLIDACAO DO SISTEMA UNICO DE ASSISTENCIA SOCIAL (SUAS);08 - Assistência social;Fundo Público;AP;TARTARUGALZINHO;440.00
5;2014;8446 - SERVICO DE APOIO A GESTAO DESCENTRALIZADA DO PROGRAMA BOLSA FAMILIA;INCLUSAO SOCIAL POR MEIO DO BOLSA FAMILIA, DO CADASTRO UNICO;08 - Assistência social;Fundo Público;AP;SERRA DO NAVIO;1018.37
11;2014;8446 - SERVICO DE APOIO A GESTAO DESCENTRALIZADA DO PROGRAMA BOLSA FAMILIA;INCLUSAO SOCIAL POR MEIO DO BOLSA FAMILIA, DO CADASTRO UNICO;08 - Assistência social;Fundo Público;AP;PORTO GRANDE;11942.38
8;2014;8446 - SERVICO DE APOIO A GESTAO DESCENTRALIZADA DO PROGRAMA BOLSA FAMILIA;INCLUSAO SOCIAL POR MEIO DO BOLSA FAMILIA, DO CADASTRO UNICO;08 - Assistência social;Fundo Público;AP;MACAPÁ;70967.98
10;2014;2A60 - SERVICOS DE PROTECAO SOCIAL BASICA;CONSOLIDACAO DO SISTEMA UNICO DE ASSISTENCIA SOCIAL (SUAS);08 - Assistência social;Fundo Público;AP;FERREIRA GOMES;26250.00
11;2014;8893 - APOIO A ORGANIZACAO, A GESTAO E A VIGILANCIA SOCIAL NO TERRITORIO, NO AMBITO DO SISTEMA UNICO DE ASSISTENCIA SOCIAL - SUAS;CONSOLIDACAO DO SISTEMA UNICO DE ASSISTENCIA SOCIAL (SUAS);08 - Assistência social;Fundo Público;AP;MACAPÁ;33945.25
12;2014;2A60 - SERVICOS DE PROTECAO SOCIAL BASICA;CONSOLIDACAO DO SISTEMA UNICO DE ASSISTENCIA SOCIAL (SUAS);08 - Assistência social;Fundo Público;AP;VITÓRIA DO JARI;26950.18
3;2014;8446 - SERVICO DE APOIO A GESTAO DESCENTRALIZADA DO PROGRAMA BOLSA FAMILIA;INCLUSAO SOCIAL POR MEIO DO BOLSA FAMILIA, DO CADASTRO UNICO;08 - Assistência social;Fundo Público;AP;VITÓRIA DO JARI;4788.06
11;2014;8893 - APOIO A ORGANIZACAO, A GESTAO E A VIGILANCIA SOCIAL NO TERRITORIO, NO AMBITO DO SISTEMA UNICO DE ASSISTENCIA SOCIAL - SUAS;CONSOLIDACAO DO SISTEMA UNICO DE ASSISTENCIA SOCIAL (SUAS);08 - Assistência social;Fundo Público;AP;SANTANA;3238.09
11;2014;2A65 - SERVICOS DE PROTECAO SOCIAL ESPECIAL DE MEDIA COMPLEXIDADE;CONSOLIDACAO DO SISTEMA UNICO DE ASSISTENCIA SOCIAL (SUAS);08 - Assistência social;Fundo Público;AP;LARANJAL DO JARI;17400.00
10;2014;20TR - APOIO FINANCEIRO SUPLEMENTAR A MANUTENCAO DA EDUCACAO INFANTIL;EDUCACAO BASICA;08 - Assistência social;Administração Pública Municipal;AP;CALÇOENE;86623.09
11;2014;8893 - APOIO A ORGANIZACAO, A GESTAO E A VIGILANCIA SOCIAL NO TERRITORIO, NO AMBITO DO SISTEMA UNICO DE ASSISTENCIA SOCIAL - SUAS;CONSOLIDACAO DO SISTEMA UNICO DE ASSISTENCIA SOCIAL (SUAS);08 - Assistência social;Fundo Público;AP;FERREIRA GOMES;674.95
11;2014;8446 - SERVICO DE APOIO A GESTAO DESCENTRALIZADA DO PROGRAMA BOLSA FAMILIA;INCLUSAO SOCIAL POR MEIO DO BOLSA FAMILIA, DO CADASTRO UNICO;08 - Assistência social;Fundo Público;AP;MACAPÁ;156291.35
3;2014;2A65 - SERVICOS DE PROTECAO SOCIAL ESPECIAL DE MEDIA COMPLEXIDADE;CONSOLIDACAO DO SISTEMA UNICO DE ASSISTENCIA SOCIAL (SUAS);08 - Assistência social;Fundo Público;AP;OIAPOQUE;6500.00
8;2014;2A60 - SERVICOS DE PROTECAO SOCIAL BASICA;CONSOLIDACAO DO SISTEMA UNICO DE ASSISTENCIA SOCIAL (SUAS);08 - Assistência social;Fundo Público;AP;OIAPOQUE;4500.00
5;2014;8893 - APOIO A ORGANIZACAO, A GESTAO E A VIGILANCIA SOCIAL NO TERRITORIO, NO AMBITO DO SISTEMA UNICO DE ASSISTENCIA SOCIAL - SUAS;CONSOLIDACAO DO SISTEMA UNICO DE ASSISTENCIA SOCIAL (SUAS);08 - Assistência social;Fundo Público;AP;SANTANA;3238.09
8;2014;20V5 - ACOES COMPLEMENTARES DE PROTECAO SOCIAL BASICA;CONSOLIDACAO DO SISTEMA UNICO DE ASSISTENCIA SOCIAL (SUAS);08 - Assistência social;Fundo Público;AP;FERREIRA GOMES;24720.00
3;2014;2A60 - SERVICOS DE PROTECAO SOCIAL BASICA;CONSOLIDACAO DO SISTEMA UNICO DE ASSISTENCIA SOCIAL (SUAS);08 - Assistência social;Fundo Público;AP;CALÇOENE;6000.00
4;2014;8893 - APOIO A ORGANIZACAO, A GESTAO E A VIGILANCIA SOCIAL NO TERRITORIO, NO AMBITO DO SISTEMA UNICO DE ASSISTENCIA SOCIAL - SUAS;CONSOLIDACAO DO SISTEMA UNICO DE ASSISTENCIA SOCIAL (SUAS);08 - Assistência social;Fundo Público;AP;MACAPÁ;16530.48
10;2014;8446 - SERVICO DE APOIO A GESTAO DESCENTRALIZADA DO PROGRAMA BOLSA FAMILIA;INCLUSAO SOCIAL POR MEIO DO BOLSA FAMILIA, DO CADASTRO UNICO;08 - Assistência social;Fundo Público;AP;SERRA DO NAVIO;1186.62
10;2014;20TR - APOIO FINANCEIRO SUPLEMENTAR A MANUTENCAO DA EDUCACAO INFANTIL;EDUCACAO BASICA;08 - Assistência social;Administração Pública Municipal;AP;MAZAGÃO;99422.30
10;2014;8446 - SERVICO DE APOIO A GESTAO DESCENTRALIZADA DO PROGRAMA BOLSA FAMILIA;INCLUSAO SOCIAL POR MEIO DO BOLSA FAMILIA, DO CADASTRO UNICO;08 - Assistência social;Fundo Público;AP;TARTARUGALZINHO;4545.96
9;2014;2A65 - SERVICOS DE PROTECAO SOCIAL ESPECIAL DE MEDIA COMPLEXIDADE;CONSOLIDACAO DO SISTEMA UNICO DE ASSISTENCIA SOCIAL (SUAS);08 - Assistência social;Fundo Público;AP;OIAPOQUE;8400.00
2;2014;8893 - APOIO A ORGANIZACAO, A GESTAO E A VIGILANCIA SOCIAL NO TERRITORIO, NO AMBITO DO SISTEMA UNICO DE ASSISTENCIA SOCIAL - SUAS;CONSOLIDACAO DO SISTEMA UNICO DE ASSISTENCIA SOCIAL (SUAS);08 - Assistência social;Fundo Público;AP;SERRA DO NAVIO;2037.48
12;2014;8446 - SERVICO DE APOIO A GESTAO DESCENTRALIZADA DO PROGRAMA BOLSA FAMILIA;INCLUSAO SOCIAL POR MEIO DO BOLSA FAMILIA, DO CADASTRO UNICO;08 - Assistência social;Fundo Público;AP;TARTARUGALZINHO;10925.50
3;2014;8893 - APOIO A ORGANIZACAO, A GESTAO E A VIGILANCIA SOCIAL NO TERRITORIO, NO AMBITO DO SISTEMA UNICO DE ASSISTENCIA SOCIAL - SUAS;CONSOLIDACAO DO SISTEMA UNICO DE ASSISTENCIA SOCIAL (SUAS);08 - Assistência social;Fundo Público;AP;PEDRA BRANCA DO AMAPARI;2186.66
