6;2017;00PI - APOIO A ALIMENTACAO ESCOLAR NA EDUCACAO BASICA (PNAE);EDUCACAO DE QUALIDADE PARA TODOS;12 - Educação;Administração Pública Municipal;AP;SANTANA;148280.40
10;2017;00PI - APOIO A ALIMENTACAO ESCOLAR NA EDUCACAO BASICA (PNAE);EDUCACAO DE QUALIDADE PARA TODOS;12 - Educação;Administração Pública Municipal;AP;PORTO GRANDE;30622.20
6;2017;00PI - APOIO A ALIMENTACAO ESCOLAR NA EDUCACAO BASICA (PNAE);EDUCACAO DE QUALIDADE PARA TODOS;12 - Educação;Administração Pública Municipal;AP;AMAPÁ;10570.00
5;2017;0509 - APOIO AO DESENVOLVIMENTO DA EDUCACAO BASICA;EDUCACAO BASICA;12 - Educação;Administração Pública Municipal;AP;PEDRA BRANCA DO AMAPARI;163813.44
12;2017;0515 - DINHEIRO DIRETO NA ESCOLA PARA A EDUCACAO BASICA;EDUCACAO DE QUALIDADE PARA TODOS;12 - Educação;Administração Pública Municipal;AP;MAZAGÃO;27560.00
9;2017;0969 - APOIO AO TRANSPORTE ESCOLAR NA EDUCACAO BASICA;EDUCACAO DE QUALIDADE PARA TODOS;12 - Educação;Administração Pública Municipal;AP;PRACUÚBA;905.05
3;2017;00PI - APOIO A ALIMENTACAO ESCOLAR NA EDUCACAO BASICA (PNAE);EDUCACAO DE QUALIDADE PARA TODOS;12 - Educação;Administração Pública Municipal;AP;MAZAGÃO;30926.20
12;2017;0969 - APOIO AO TRANSPORTE ESCOLAR NA EDUCACAO BASICA;EDUCACAO DE QUALIDADE PARA TODOS;12 - Educação;Administração Pública Municipal;AP;MAZAGÃO;23183.45
11;2017;0969 - APOIO AO TRANSPORTE ESCOLAR NA EDUCACAO BASICA;EDUCACAO DE QUALIDADE PARA TODOS;12 - Educação;Administração Pública Municipal;AP;OIAPOQUE;5184.46
8;2017;0969 - APOIO AO TRANSPORTE ESCOLAR NA EDUCACAO BASICA;EDUCACAO DE QUALIDADE PARA TODOS;12 - Educação;Administração Pública Municipal;AP;MAZAGÃO;23183.51
3;2017;0969 - APOIO AO TRANSPORTE ESCOLAR NA EDUCACAO BASICA;EDUCACAO DE QUALIDADE PARA TODOS;12 - Educação;Administração Pública Municipal;AP;PRACUÚBA;905.05
12;2017;0515 - DINHEIRO DIRETO NA ESCOLA PARA A EDUCACAO BASICA;EDUCACAO DE QUALIDADE PARA TODOS;12 - Educação;Administração Pública Municipal;AP;CALÇOENE;3420.00
8;2017;0969 - APOIO AO TRANSPORTE ESCOLAR NA EDUCACAO BASICA;EDUCACAO DE QUALIDADE PARA TODOS;12 - Educação;Administração Pública Municipal;AP;TARTARUGALZINHO;8621.76
10;2017;12KU - APOIO A IMPLANTACAO DE ESCOLAS PARA EDUCACAO INFANTIL;EDUCACAO BASICA;12 - Educação;Administração Pública Municipal;AP;LARANJAL DO JARI;55444.42
7;2017;00PI - APOIO A ALIMENTACAO ESCOLAR NA EDUCACAO BASICA (PNAE);EDUCACAO DE QUALIDADE PARA TODOS;12 - Educação;Administração Pública Municipal;AP;PORTO GRANDE;30622.20
9;2017;0969 - APOIO AO TRANSPORTE ESCOLAR NA EDUCACAO BASICA;EDUCACAO DE QUALIDADE PARA TODOS;12 - Educação;Administração Pública Municipal;AP;MAZAGÃO;23183.51
9;2017;0515 - DINHEIRO DIRETO NA ESCOLA PARA A EDUCACAO BASICA;EDUCACAO DE QUALIDADE PARA TODOS;12 - Educação;Entidades Sem Fins Lucrativos;AP;ITAUBAL;5520.00
10;2017;00PI - APOIO A ALIMENTACAO ESCOLAR NA EDUCACAO BASICA (PNAE);EDUCACAO DE QUALIDADE PARA TODOS;12 - Educação;Administração Pública Municipal;AP;MACAPÁ;300888.00
6;2017;0969 - APOIO AO TRANSPORTE ESCOLAR NA EDUCACAO BASICA;EDUCACAO DE QUALIDADE PARA TODOS;12 - Educação;Administração Pública Municipal;AP;PRACUÚBA;905.05
12;2017;0515 - DINHEIRO DIRETO NA ESCOLA PARA A EDUCACAO BASICA;EDUCACAO DE QUALIDADE PARA TODOS;12 - Educação;Administração Pública Municipal;AP;OIAPOQUE;14040.00
8;2017;00PI - APOIO A ALIMENTACAO ESCOLAR NA EDUCACAO BASICA (PNAE);EDUCACAO DE QUALIDADE PARA TODOS;12 - Educação;Administração Pública Municipal;AP;PORTO GRANDE;30622.20
10;2017;00PI - APOIO A ALIMENTACAO ESCOLAR NA EDUCACAO BASICA (PNAE);EDUCACAO DE QUALIDADE PARA TODOS;12 - Educação;Administração Pública Municipal;AP;FERREIRA GOMES;16161.80
3;2017;20RP - APOIO A INFRAESTRUTURA PARA A EDUCACAO BASICA;EDUCACAO BASICA;12 - Educação;Administração Pública Municipal;AP;CALÇOENE;20839.97
2;2017;0515 - DINHEIRO DIRETO NA ESCOLA PARA A EDUCACAO BASICA;EDUCACAO DE QUALIDADE PARA TODOS;12 - Educação;Entidades Sem Fins Lucrativos;AP;ITAUBAL;30000.00
5;2017;00PI - APOIO A ALIMENTACAO ESCOLAR NA EDUCACAO BASICA (PNAE);EDUCACAO DE QUALIDADE PARA TODOS;12 - Educação;Administração Pública Municipal;AP;AMAPÁ;10570.00
6;2017;0969 - APOIO AO TRANSPORTE ESCOLAR NA EDUCACAO BASICA;EDUCACAO DE QUALIDADE PARA TODOS;12 - Educação;Administração Pública Municipal;AP;VITÓRIA DO JARI;7500.03
9;2017;0969 - APOIO AO TRANSPORTE ESCOLAR NA EDUCACAO BASICA;EDUCACAO DE QUALIDADE PARA TODOS;12 - Educação;Administração Pública Municipal;AP;FERREIRA GOMES;3935.49
6;2017;0515 - DINHEIRO DIRETO NA ESCOLA PARA A EDUCACAO BASICA;EDUCACAO DE QUALIDADE PARA TODOS;12 - Educação;Entidades Sem Fins Lucrativos;AP;PORTO GRANDE;29020.00
10;2017;00PI - APOIO A ALIMENTACAO ESCOLAR NA EDUCACAO BASICA (PNAE);EDUCACAO DE QUALIDADE PARA TODOS;12 - Educação;Administração Pública Municipal;AP;LARANJAL DO JARI;88055.20
11;2017;0969 - APOIO AO TRANSPORTE ESCOLAR NA EDUCACAO BASICA;EDUCACAO DE QUALIDADE PARA TODOS;12 - Educação;Administração Pública Municipal;AP;MAZAGÃO;23183.51
12;2017;0509 - APOIO AO DESENVOLVIMENTO DA EDUCACAO BASICA;EDUCACAO BASICA;12 - Educação;Administração Pública Municipal;AP;CUTIAS;11813.40
11;2017;00PI - APOIO A ALIMENTACAO ESCOLAR NA EDUCACAO BASICA (PNAE);EDUCACAO DE QUALIDADE PARA TODOS;12 - Educação;Administração Pública Municipal;AP;MACAPÁ;300888.00
5;2017;0969 - APOIO AO TRANSPORTE ESCOLAR NA EDUCACAO BASICA;EDUCACAO DE QUALIDADE PARA TODOS;12 - Educação;Administração Pública Municipal;AP;MAZAGÃO;23183.51
7;2017;00PI - APOIO A ALIMENTACAO ESCOLAR NA EDUCACAO BASICA (PNAE);EDUCACAO DE QUALIDADE PARA TODOS;12 - Educação;Administração Pública Municipal;AP;SANTANA;148280.40
10;2017;0969 - APOIO AO TRANSPORTE ESCOLAR NA EDUCACAO BASICA;EDUCACAO DE QUALIDADE PARA TODOS;12 - Educação;Administração Pública Municipal;AP;TARTARUGALZINHO;8621.76
3;2017;00PI - APOIO A ALIMENTACAO ESCOLAR NA EDUCACAO BASICA (PNAE);EDUCACAO DE QUALIDADE PARA TODOS;12 - Educação;Administração Pública Municipal;AP;LARANJAL DO JARI;53371.60
8;2017;00PI - APOIO A ALIMENTACAO ESCOLAR NA EDUCACAO BASICA (PNAE);EDUCACAO DE QUALIDADE PARA TODOS;12 - Educação;Administração Pública Municipal;AP;MACAPÁ;300888.00
9;2017;0969 - APOIO AO TRANSPORTE ESCOLAR NA EDUCACAO BASICA;EDUCACAO DE QUALIDADE PARA TODOS;12 - Educação;Administração Pública Municipal;AP;TARTARUGALZINHO;8621.76
6;2017;0515 - DINHEIRO DIRETO NA ESCOLA PARA A EDUCACAO BASICA;EDUCACAO DE QUALIDADE PARA TODOS;12 - Educação;Administração Pública Municipal;AP;VITÓRIA DO JARI;8540.00
10;2017;0969 - APOIO AO TRANSPORTE ESCOLAR NA EDUCACAO BASICA;EDUCACAO DE QUALIDADE PARA TODOS;12 - Educação;Administração Pública Municipal;AP;PORTO GRANDE;13274.05
10;2017;0515 - DINHEIRO DIRETO NA ESCOLA PARA A EDUCACAO BASICA;EDUCACAO DE QUALIDADE PARA TODOS;12 - Educação;Entidades Sem Fins Lucrativos;AP;LARANJAL DO JARI;59300.00
3;2017;00PI - APOIO A ALIMENTACAO ESCOLAR NA EDUCACAO BASICA (PNAE);EDUCACAO DE QUALIDADE PARA TODOS;12 - Educação;Administração Pública Municipal;AP;SERRA DO NAVIO;5231.60
8;2017;00PI - APOIO A ALIMENTACAO ESCOLAR NA EDUCACAO BASICA (PNAE);EDUCACAO DE QUALIDADE PARA TODOS;12 - Educação;Administração Pública Municipal;AP;VITÓRIA DO JARI;38731.40
11;2017;00PI - APOIO A ALIMENTACAO ESCOLAR NA EDUCACAO BASICA (PNAE);EDUCACAO DE QUALIDADE PARA TODOS;12 - Educação;Administração Pública Municipal;AP;SANTANA;148277.80
6;2017;00PI - APOIO A ALIMENTACAO ESCOLAR NA EDUCACAO BASICA (PNAE);EDUCACAO DE QUALIDADE PARA TODOS;12 - Educação;Administração Pública Municipal;AP;PRACUÚBA;6083.20
7;2017;12KU - APOIO A IMPLANTACAO DE ESCOLAS PARA EDUCACAO INFANTIL;EDUCACAO BASICA;12 - Educação;Administração Pública Municipal;AP;LARANJAL DO JARI;190190.04
6;2017;0509 - APOIO AO DESENVOLVIMENTO DA EDUCACAO BASICA;EDUCACAO DE QUALIDADE PARA TODOS;12 - Educação;Administração Pública Estadual ou do Distrito Federal;AP;MACAPÁ;1376653.00
5;2017;00PI - APOIO A ALIMENTACAO ESCOLAR NA EDUCACAO BASICA (PNAE);EDUCACAO DE QUALIDADE PARA TODOS;12 - Educação;Administração Pública Municipal;AP;MAZAGÃO;2485.00
6;2017;00PI - APOIO A ALIMENTACAO ESCOLAR NA EDUCACAO BASICA (PNAE);EDUCACAO DE QUALIDADE PARA TODOS;12 - Educação;Administração Pública Municipal;AP;FERREIRA GOMES;16161.80
10;2017;00PI - APOIO A ALIMENTACAO ESCOLAR NA EDUCACAO BASICA (PNAE);EDUCACAO DE QUALIDADE PARA TODOS;12 - Educação;Administração Pública Municipal;AP;VITÓRIA DO JARI;26065.00
9;2017;0515 - DINHEIRO DIRETO NA ESCOLA PARA A EDUCACAO BASICA;EDUCACAO DE QUALIDADE PARA TODOS;12 - Educação;Entidades Sem Fins Lucrativos;AP;MACAPÁ;26446.00
8;2017;0969 - APOIO AO TRANSPORTE ESCOLAR NA EDUCACAO BASICA;EDUCACAO DE QUALIDADE PARA TODOS;12 - Educação;Administração Pública Municipal;AP;FERREIRA GOMES;23612.94
7;2017;0969 - APOIO AO TRANSPORTE ESCOLAR NA EDUCACAO BASICA;EDUCACAO DE QUALIDADE PARA TODOS;12 - Educação;Administração Pública Estadual ou do Distrito Federal;AP;MACAPÁ;943.64
6;2017;0515 - DINHEIRO DIRETO NA ESCOLA PARA A EDUCACAO BASICA;EDUCACAO DE QUALIDADE PARA TODOS;12 - Educação;Administração Pública Municipal;AP;CUTIAS;2490.00
5;2017;00PI - APOIO A ALIMENTACAO ESCOLAR NA EDUCACAO BASICA (PNAE);EDUCACAO DE QUALIDADE PARA TODOS;12 - Educação;Administração Pública Municipal;AP;FERREIRA GOMES;16161.80
10;2017;0515 - DINHEIRO DIRETO NA ESCOLA PARA A EDUCACAO BASICA;EDUCACAO DE QUALIDADE PARA TODOS;12 - Educação;Entidades Sem Fins Lucrativos;AP;CALÇOENE;10910.00
6;2017;0515 - DINHEIRO DIRETO NA ESCOLA PARA A EDUCACAO BASICA;EDUCACAO DE QUALIDADE PARA TODOS;12 - Educação;Entidades Sem Fins Lucrativos;AP;CALÇOENE;8970.00
10;2017;0515 - DINHEIRO DIRETO NA ESCOLA PARA A EDUCACAO BASICA;EDUCACAO DE QUALIDADE PARA TODOS;12 - Educação;Entidades Sem Fins Lucrativos;AP;TARTARUGALZINHO;21060.00
1;2017;0509 - APOIO AO DESENVOLVIMENTO DA EDUCACAO BASICA;EDUCACAO DE QUALIDADE PARA TODOS;12 - Educação;Administração Pública Estadual ou do Distrito Federal;AP;MACAPÁ;674968.00
5;2017;0969 - APOIO AO TRANSPORTE ESCOLAR NA EDUCACAO BASICA;EDUCACAO DE QUALIDADE PARA TODOS;12 - Educação;Administração Pública Municipal;AP;PRACUÚBA;905.05
11;2017;00PI - APOIO A ALIMENTACAO ESCOLAR NA EDUCACAO BASICA (PNAE);EDUCACAO DE QUALIDADE PARA TODOS;12 - Educação;Administração Pública Municipal;AP;LARANJAL DO JARI;88055.20
10;2017;0515 - DINHEIRO DIRETO NA ESCOLA PARA A EDUCACAO BASICA;EDUCACAO DE QUALIDADE PARA TODOS;12 - Educação;Entidades Sem Fins Lucrativos;AP;CUTIAS;9980.00
5;2017;00PI - APOIO A ALIMENTACAO ESCOLAR NA EDUCACAO BASICA (PNAE);EDUCACAO DE QUALIDADE PARA TODOS;12 - Educação;Administração Pública Municipal;AP;SANTANA;148294.80
9;2017;00PI - APOIO A ALIMENTACAO ESCOLAR NA EDUCACAO BASICA (PNAE);EDUCACAO DE QUALIDADE PARA TODOS;12 - Educação;Administração Pública Municipal;AP;LARANJAL DO JARI;84363.20
3;2017;00PI - APOIO A ALIMENTACAO ESCOLAR NA EDUCACAO BASICA (PNAE);EDUCACAO DE QUALIDADE PARA TODOS;12 - Educação;Administração Pública Municipal;AP;CUTIAS;6221.20
12;2017;20RP - APOIO A INFRAESTRUTURA PARA A EDUCACAO BASICA;EDUCACAO DE QUALIDADE PARA TODOS;12 - Educação;Administração Pública Municipal;AP;FERREIRA GOMES;242100.00
8;2017;00PI - APOIO A ALIMENTACAO ESCOLAR NA EDUCACAO BASICA (PNAE);EDUCACAO DE QUALIDADE PARA TODOS;12 - Educação;Administração Pública Municipal;AP;PRACUÚBA;6083.20
7;2017;0969 - APOIO AO TRANSPORTE ESCOLAR NA EDUCACAO BASICA;EDUCACAO DE QUALIDADE PARA TODOS;12 - Educação;Administração Pública Municipal;AP;SANTANA;54471.76
12;2017;0509 - APOIO AO DESENVOLVIMENTO DA EDUCACAO BASICA;EDUCACAO BASICA;12 - Educação;Administração Pública Municipal;AP;OIAPOQUE;117135.85
6;2017;0515 - DINHEIRO DIRETO NA ESCOLA PARA A EDUCACAO BASICA;EDUCACAO DE QUALIDADE PARA TODOS;12 - Educação;Entidades Sem Fins Lucrativos;AP;SANTANA;110860.00
12;2017;0515 - DINHEIRO DIRETO NA ESCOLA PARA A EDUCACAO BASICA;EDUCACAO DE QUALIDADE PARA TODOS;12 - Educação;Entidades Sem Fins Lucrativos;AP;SANTANA;133850.00
12;2017;0515 - DINHEIRO DIRETO NA ESCOLA PARA A EDUCACAO BASICA;EDUCACAO DE QUALIDADE PARA TODOS;12 - Educação;Administração Pública Municipal;AP;MACAPÁ;8800.00
3;2017;00PI - APOIO A ALIMENTACAO ESCOLAR NA EDUCACAO BASICA (PNAE);EDUCACAO DE QUALIDADE PARA TODOS;12 - Educação;Administração Pública Municipal;AP;FERREIRA GOMES;16161.80
5;2017;00PI - APOIO A ALIMENTACAO ESCOLAR NA EDUCACAO BASICA (PNAE);EDUCACAO DE QUALIDADE PARA TODOS;12 - Educação;Administração Pública Municipal;AP;LARANJAL DO JARI;88808.00
6;2017;0515 - DINHEIRO DIRETO NA ESCOLA PARA A EDUCACAO BASICA;EDUCACAO DE QUALIDADE PARA TODOS;12 - Educação;Entidades Sem Fins Lucrativos;AP;VITÓRIA DO JARI;9380.00
3;2017;00PI - APOIO A ALIMENTACAO ESCOLAR NA EDUCACAO BASICA (PNAE);EDUCACAO DE QUALIDADE PARA TODOS;12 - Educação;Administração Pública Municipal;AP;SANTANA;100765.20
12;2017;00PI - APOIO A ALIMENTACAO ESCOLAR NA EDUCACAO BASICA (PNAE);EDUCACAO DE QUALIDADE PARA TODOS;12 - Educação;Administração Pública Municipal;AP;SANTANA;100804.20
8;2017;0969 - APOIO AO TRANSPORTE ESCOLAR NA EDUCACAO BASICA;EDUCACAO DE QUALIDADE PARA TODOS;12 - Educação;Administração Pública Municipal;AP;PORTO GRANDE;13274.05
4;2017;00PI - APOIO A ALIMENTACAO ESCOLAR NA EDUCACAO BASICA (PNAE);EDUCACAO DE QUALIDADE PARA TODOS;12 - Educação;Administração Pública Municipal;AP;VITÓRIA DO JARI;26065.00
3;2017;0969 - APOIO AO TRANSPORTE ESCOLAR NA EDUCACAO BASICA;EDUCACAO DE QUALIDADE PARA TODOS;12 - Educação;Administração Pública Municipal;AP;CALÇOENE;7217.70
5;2017;00PI - APOIO A ALIMENTACAO ESCOLAR NA EDUCACAO BASICA (PNAE);EDUCACAO DE QUALIDADE PARA TODOS;12 - Educação;Administração Pública Municipal;AP;MACAPÁ;302196.40
6;2017;00PI - APOIO A ALIMENTACAO ESCOLAR NA EDUCACAO BASICA (PNAE);EDUCACAO DE QUALIDADE PARA TODOS;12 - Educação;Administração Pública Municipal;AP;PORTO GRANDE;30622.20
6;2017;0969 - APOIO AO TRANSPORTE ESCOLAR NA EDUCACAO BASICA;EDUCACAO DE QUALIDADE PARA TODOS;12 - Educação;Administração Pública Municipal;AP;PORTO GRANDE;13274.05
11;2017;0969 - APOIO AO TRANSPORTE ESCOLAR NA EDUCACAO BASICA;EDUCACAO DE QUALIDADE PARA TODOS;12 - Educação;Administração Pública Municipal;AP;VITÓRIA DO JARI;15000.06
12;2017;0515 - DINHEIRO DIRETO NA ESCOLA PARA A EDUCACAO BASICA;EDUCACAO DE QUALIDADE PARA TODOS;12 - Educação;Entidades Sem Fins Lucrativos;AP;CALÇOENE;8970.00
12;2017;0515 - DINHEIRO DIRETO NA ESCOLA PARA A EDUCACAO BASICA;EDUCACAO DE QUALIDADE PARA TODOS;12 - Educação;Entidades Sem Fins Lucrativos;AP;OIAPOQUE;48500.00
3;2017;00PI - APOIO A ALIMENTACAO ESCOLAR NA EDUCACAO BASICA (PNAE);EDUCACAO DE QUALIDADE PARA TODOS;12 - Educação;Administração Pública Municipal;AP;PRACUÚBA;6083.20
12;2017;00PI - APOIO A ALIMENTACAO ESCOLAR NA EDUCACAO BASICA (PNAE);EDUCACAO DE QUALIDADE PARA TODOS;12 - Educação;Administração Pública Municipal;AP;TARTARUGALZINHO;196034.00
11;2017;00PI - APOIO A ALIMENTACAO ESCOLAR NA EDUCACAO BASICA (PNAE);EDUCACAO DE QUALIDADE PARA TODOS;12 - Educação;Administração Pública Municipal;AP;FERREIRA GOMES;16161.80
10;2017;00PI - APOIO A ALIMENTACAO ESCOLAR NA EDUCACAO BASICA (PNAE);EDUCACAO DE QUALIDADE PARA TODOS;12 - Educação;Administração Pública Municipal;AP;SANTANA;148277.80
3;2017;12KU - APOIO A IMPLANTACAO DE ESCOLAS PARA EDUCACAO INFANTIL;EDUCACAO BASICA;12 - Educação;Administração Pública Municipal;AP;VITÓRIA DO JARI;188250.22
9;2017;4014 - CENSO ESCOLAR DA EDUCACAO BASICA;EDUCACAO DE QUALIDADE PARA TODOS;12 - Educação;Administração Pública Estadual ou do Distrito Federal;AP;MACAPÁ;32125.50
10;2017;0515 - DINHEIRO DIRETO NA ESCOLA PARA A EDUCACAO BASICA;EDUCACAO DE QUALIDADE PARA TODOS;12 - Educação;Entidades Sem Fins Lucrativos;AP;PORTO GRANDE;42280.00
3;2017;0969 - APOIO AO TRANSPORTE ESCOLAR NA EDUCACAO BASICA;EDUCACAO DE QUALIDADE PARA TODOS;12 - Educação;Administração Pública Municipal;AP;PORTO GRANDE;13274.05
12;2017;0509 - APOIO AO DESENVOLVIMENTO DA EDUCACAO BASICA;EDUCACAO BASICA;12 - Educação;Administração Pública Municipal;AP;CALÇOENE;44659.34
2;2017;0515 - DINHEIRO DIRETO NA ESCOLA PARA A EDUCACAO BASICA;EDUCACAO DE QUALIDADE PARA TODOS;12 - Educação;Entidades Sem Fins Lucrativos;AP;PEDRA BRANCA DO AMAPARI;22000.00
6;2017;0515 - DINHEIRO DIRETO NA ESCOLA PARA A EDUCACAO BASICA;EDUCACAO DE QUALIDADE PARA TODOS;12 - Educação;Administração Pública Municipal;AP;CALÇOENE;3420.00
10;2017;0515 - DINHEIRO DIRETO NA ESCOLA PARA A EDUCACAO BASICA;EDUCACAO DE QUALIDADE PARA TODOS;12 - Educação;Entidades Sem Fins Lucrativos;AP;SANTANA;101640.00
12;2017;0515 - DINHEIRO DIRETO NA ESCOLA PARA A EDUCACAO BASICA;EDUCACAO DE QUALIDADE PARA TODOS;12 - Educação;Administração Pública Municipal;AP;PORTO GRANDE;2040.00
12;2017;0969 - APOIO AO TRANSPORTE ESCOLAR NA EDUCACAO BASICA;EDUCACAO DE QUALIDADE PARA TODOS;12 - Educação;Administração Pública Municipal;AP;PRACUÚBA;905.01
3;2017;0969 - APOIO AO TRANSPORTE ESCOLAR NA EDUCACAO BASICA;EDUCACAO DE QUALIDADE PARA TODOS;12 - Educação;Administração Pública Municipal;AP;MAZAGÃO;23183.51
8;2017;0969 - APOIO AO TRANSPORTE ESCOLAR NA EDUCACAO BASICA;EDUCACAO DE QUALIDADE PARA TODOS;12 - Educação;Administração Pública Municipal;AP;CALÇOENE;7217.70
10;2017;12KU - APOIO A IMPLANTACAO DE ESCOLAS PARA EDUCACAO INFANTIL;EDUCACAO DE QUALIDADE PARA TODOS;12 - Educação;Administração Pública Municipal;AP;LARANJAL DO JARI;80830.77
7;2017;00PI - APOIO A ALIMENTACAO ESCOLAR NA EDUCACAO BASICA (PNAE);EDUCACAO DE QUALIDADE PARA TODOS;12 - Educação;Administração Pública Municipal;AP;FERREIRA GOMES;16161.80
9;2017;00PI - APOIO A ALIMENTACAO ESCOLAR NA EDUCACAO BASICA (PNAE);EDUCACAO DE QUALIDADE PARA TODOS;12 - Educação;Administração Pública Municipal;AP;SANTANA;148105.80
12;2017;0515 - DINHEIRO DIRETO NA ESCOLA PARA A EDUCACAO BASICA;EDUCACAO DE QUALIDADE PARA TODOS;12 - Educação;Entidades Sem Fins Lucrativos;AP;AMAPÁ;8530.00
9;2017;00PI - APOIO A ALIMENTACAO ESCOLAR NA EDUCACAO BASICA (PNAE);EDUCACAO DE QUALIDADE PARA TODOS;12 - Educação;Administração Pública Municipal;AP;PRACUÚBA;6083.20
6;2017;00PI - APOIO A ALIMENTACAO ESCOLAR NA EDUCACAO BASICA (PNAE);EDUCACAO DE QUALIDADE PARA TODOS;12 - Educação;Administração Pública Municipal;AP;MACAPÁ;300888.00
12;2017;0509 - APOIO AO DESENVOLVIMENTO DA EDUCACAO BASICA;EDUCACAO BASICA;12 - Educação;Administração Pública Municipal;AP;FERREIRA GOMES;15345.80
10;2017;00PI - APOIO A ALIMENTACAO ESCOLAR NA EDUCACAO BASICA (PNAE);EDUCACAO DE QUALIDADE PARA TODOS;12 - Educação;Administração Pública Municipal;AP;AMAPÁ;10570.00
10;2017;0515 - DINHEIRO DIRETO NA ESCOLA PARA A EDUCACAO BASICA;EDUCACAO DE QUALIDADE PARA TODOS;12 - Educação;Entidades Sem Fins Lucrativos;AP;OIAPOQUE;8300.00
7;2017;0969 - APOIO AO TRANSPORTE ESCOLAR NA EDUCACAO BASICA;EDUCACAO DE QUALIDADE PARA TODOS;12 - Educação;Administração Pública Municipal;AP;AMAPÁ;2337.04
7;2017;0969 - APOIO AO TRANSPORTE ESCOLAR NA EDUCACAO BASICA;EDUCACAO DE QUALIDADE PARA TODOS;12 - Educação;Administração Pública Municipal;AP;CALÇOENE;7217.70
2;2017;00PI - APOIO A ALIMENTACAO ESCOLAR NA EDUCACAO BASICA (PNAE);EDUCACAO DE QUALIDADE PARA TODOS;12 - Educação;Administração Pública Municipal;AP;MACAPÁ;432856.00
12;2017;20RP - APOIO A INFRAESTRUTURA PARA A EDUCACAO BASICA;EDUCACAO BASICA;12 - Educação;Administração Pública Municipal;AP;LARANJAL DO JARI;583195.40
8;2017;00PI - APOIO A ALIMENTACAO ESCOLAR NA EDUCACAO BASICA (PNAE);EDUCACAO DE QUALIDADE PARA TODOS;12 - Educação;Administração Pública Municipal;AP;SANTANA;148471.20
11;2017;0969 - APOIO AO TRANSPORTE ESCOLAR NA EDUCACAO BASICA;EDUCACAO DE QUALIDADE PARA TODOS;12 - Educação;Administração Pública Municipal;AP;CALÇOENE;7217.70
9;2017;0515 - DINHEIRO DIRETO NA ESCOLA PARA A EDUCACAO BASICA;EDUCACAO DE QUALIDADE PARA TODOS;12 - Educação;Entidades Sem Fins Lucrativos;AP;SANTANA;293192.00
9;2017;0515 - DINHEIRO DIRETO NA ESCOLA PARA A EDUCACAO BASICA;EDUCACAO DE QUALIDADE PARA TODOS;12 - Educação;Entidades Sem Fins Lucrativos;AP;AMAPÁ;3846.00
3;2017;0969 - APOIO AO TRANSPORTE ESCOLAR NA EDUCACAO BASICA;EDUCACAO DE QUALIDADE PARA TODOS;12 - Educação;Administração Pública Municipal;AP;VITÓRIA DO JARI;7500.03
4;2017;00PI - APOIO A ALIMENTACAO ESCOLAR NA EDUCACAO BASICA (PNAE);EDUCACAO DE QUALIDADE PARA TODOS;12 - Educação;Administração Pública Municipal;AP;SANTANA;148273.20
10;2017;0515 - DINHEIRO DIRETO NA ESCOLA PARA A EDUCACAO BASICA;EDUCACAO DE QUALIDADE PARA TODOS;12 - Educação;Administração Pública Municipal;AP;AMAPÁ;2280.00
4;2017;0969 - APOIO AO TRANSPORTE ESCOLAR NA EDUCACAO BASICA;EDUCACAO DE QUALIDADE PARA TODOS;12 - Educação;Administração Pública Municipal;AP;MAZAGÃO;23183.51
10;2017;0969 - APOIO AO TRANSPORTE ESCOLAR NA EDUCACAO BASICA;EDUCACAO DE QUALIDADE PARA TODOS;12 - Educação;Administração Pública Municipal;AP;MAZAGÃO;23183.51
6;2017;0515 - DINHEIRO DIRETO NA ESCOLA PARA A EDUCACAO BASICA;EDUCACAO DE QUALIDADE PARA TODOS;12 - Educação;Administração Pública Municipal;AP;PRACUÚBA;2410.00
12;2017;00PI - APOIO A ALIMENTACAO ESCOLAR NA EDUCACAO BASICA (PNAE);EDUCACAO DE QUALIDADE PARA TODOS;12 - Educação;Administração Pública Municipal;AP;LARANJAL DO JARI;53378.80
12;2017;20RP - APOIO A INFRAESTRUTURA PARA A EDUCACAO BASICA;EDUCACAO DE QUALIDADE PARA TODOS;12 - Educação;Administração Pública Municipal;AP;PEDRA BRANCA DO AMAPARI;242100.00
8;2017;20RM - EXAMES E AVALIACOES DA EDUCACAO BASICA;EDUCACAO DE QUALIDADE PARA TODOS;12 - Educação;Administração Pública Estadual ou do Distrito Federal;AP;MACAPÁ;68711.40
12;2017;0515 - DINHEIRO DIRETO NA ESCOLA PARA A EDUCACAO BASICA;EDUCACAO DE QUALIDADE PARA TODOS;12 - Educação;Entidades Sem Fins Lucrativos;AP;VITÓRIA DO JARI;24460.00
6;2017;0515 - DINHEIRO DIRETO NA ESCOLA PARA A EDUCACAO BASICA;EDUCACAO DE QUALIDADE PARA TODOS;12 - Educação;Administração Pública Municipal;AP;PORTO GRANDE;2040.00
6;2017;0969 - APOIO AO TRANSPORTE ESCOLAR NA EDUCACAO BASICA;EDUCACAO DE QUALIDADE PARA TODOS;12 - Educação;Administração Pública Municipal;AP;MAZAGÃO;23183.51
8;2017;00PI - APOIO A ALIMENTACAO ESCOLAR NA EDUCACAO BASICA (PNAE);EDUCACAO DE QUALIDADE PARA TODOS;12 - Educação;Administração Pública Municipal;AP;LARANJAL DO JARI;88793.60
10;2017;0969 - APOIO AO TRANSPORTE ESCOLAR NA EDUCACAO BASICA;EDUCACAO DE QUALIDADE PARA TODOS;12 - Educação;Administração Pública Municipal;AP;CALÇOENE;7217.70
12;2017;00PI - APOIO A ALIMENTACAO ESCOLAR NA EDUCACAO BASICA (PNAE);EDUCACAO DE QUALIDADE PARA TODOS;12 - Educação;Administração Pública Municipal;AP;PRACUÚBA;6083.20
7;2017;00PI - APOIO A ALIMENTACAO ESCOLAR NA EDUCACAO BASICA (PNAE);EDUCACAO DE QUALIDADE PARA TODOS;12 - Educação;Administração Pública Municipal;AP;PRACUÚBA;6083.20
11;2017;00PI - APOIO A ALIMENTACAO ESCOLAR NA EDUCACAO BASICA (PNAE);EDUCACAO DE QUALIDADE PARA TODOS;12 - Educação;Administração Pública Municipal;AP;AMAPÁ;10570.00
2;2017;0515 - DINHEIRO DIRETO NA ESCOLA PARA A EDUCACAO BASICA;EDUCACAO DE QUALIDADE PARA TODOS;12 - Educação;Entidades Sem Fins Lucrativos;AP;LARANJAL DO JARI;80000.00
10;2017;0515 - DINHEIRO DIRETO NA ESCOLA PARA A EDUCACAO BASICA;EDUCACAO DE QUALIDADE PARA TODOS;12 - Educação;Entidades Sem Fins Lucrativos;AP;FERREIRA GOMES;9580.00
2;2017;0515 - DINHEIRO DIRETO NA ESCOLA PARA A EDUCACAO BASICA;EDUCACAO DE QUALIDADE PARA TODOS;12 - Educação;Entidades Sem Fins Lucrativos;AP;SANTANA;33000.00
5;2017;00PI - APOIO A ALIMENTACAO ESCOLAR NA EDUCACAO BASICA (PNAE);EDUCACAO DE QUALIDADE PARA TODOS;12 - Educação;Administração Pública Municipal;AP;PORTO GRANDE;30622.20
7;2017;0969 - APOIO AO TRANSPORTE ESCOLAR NA EDUCACAO BASICA;EDUCACAO DE QUALIDADE PARA TODOS;12 - Educação;Administração Pública Municipal;AP;MAZAGÃO;23183.51
6;2017;0515 - DINHEIRO DIRETO NA ESCOLA PARA A EDUCACAO BASICA;EDUCACAO DE QUALIDADE PARA TODOS;12 - Educação;Administração Pública Municipal;AP;MAZAGÃO;27560.00
7;2017;00PI - APOIO A ALIMENTACAO ESCOLAR NA EDUCACAO BASICA (PNAE);EDUCACAO DE QUALIDADE PARA TODOS;12 - Educação;Administração Pública Municipal;AP;AMAPÁ;10570.00
9;2017;0515 - DINHEIRO DIRETO NA ESCOLA PARA A EDUCACAO BASICA;EDUCACAO DE QUALIDADE PARA TODOS;12 - Educação;Entidades Sem Fins Lucrativos;AP;LARANJAL DO JARI;207709.00
12;2017;0969 - APOIO AO TRANSPORTE ESCOLAR NA EDUCACAO BASICA;EDUCACAO DE QUALIDADE PARA TODOS;12 - Educação;Administração Pública Municipal;AP;CUTIAS;1308.06
12;2017;0515 - DINHEIRO DIRETO NA ESCOLA PARA A EDUCACAO BASICA;EDUCACAO DE QUALIDADE PARA TODOS;12 - Educação;Administração Pública Municipal;AP;PRACUÚBA;2410.00
3;2017;00PI - APOIO A ALIMENTACAO ESCOLAR NA EDUCACAO BASICA (PNAE);EDUCACAO DE QUALIDADE PARA TODOS;12 - Educação;Administração Pública Municipal;AP;AMAPÁ;10570.00
6;2017;0969 - APOIO AO TRANSPORTE ESCOLAR NA EDUCACAO BASICA;EDUCACAO DE QUALIDADE PARA TODOS;12 - Educação;Administração Pública Municipal;AP;TARTARUGALZINHO;8621.76
10;2017;0515 - DINHEIRO DIRETO NA ESCOLA PARA A EDUCACAO BASICA;EDUCACAO DE QUALIDADE PARA TODOS;12 - Educação;Entidades Sem Fins Lucrativos;AP;PEDRA BRANCA DO AMAPARI;13340.00
12;2017;00PI - APOIO A ALIMENTACAO ESCOLAR NA EDUCACAO BASICA (PNAE);EDUCACAO DE QUALIDADE PARA TODOS;12 - Educação;Administração Pública Municipal;AP;MACAPÁ;300888.00
12;2017;00PI - APOIO A ALIMENTACAO ESCOLAR NA EDUCACAO BASICA (PNAE);EDUCACAO DE QUALIDADE PARA TODOS;12 - Educação;Administração Pública Municipal;AP;OIAPOQUE;348214.00
4;2017;00PI - APOIO A ALIMENTACAO ESCOLAR NA EDUCACAO BASICA (PNAE);EDUCACAO DE QUALIDADE PARA TODOS;12 - Educação;Administração Pública Municipal;AP;PRACUÚBA;6083.20
7;2017;0515 - DINHEIRO DIRETO NA ESCOLA PARA A EDUCACAO BASICA;EDUCACAO DE QUALIDADE PARA TODOS;12 - Educação;Entidades Sem Fins Lucrativos;AP;MACAPÁ;0.00
12;2017;0515 - DINHEIRO DIRETO NA ESCOLA PARA A EDUCACAO BASICA;EDUCACAO DE QUALIDADE PARA TODOS;12 - Educação;Administração Pública Municipal;AP;LARANJAL DO JARI;4800.00
12;2017;0515 - DINHEIRO DIRETO NA ESCOLA PARA A EDUCACAO BASICA;EDUCACAO DE QUALIDADE PARA TODOS;12 - Educação;Entidades Sem Fins Lucrativos;AP;MACAPÁ;419240.00
11;2017;0969 - APOIO AO TRANSPORTE ESCOLAR NA EDUCACAO BASICA;EDUCACAO DE QUALIDADE PARA TODOS;12 - Educação;Administração Pública Municipal;AP;PRACUÚBA;905.05
12;2017;0969 - APOIO AO TRANSPORTE ESCOLAR NA EDUCACAO BASICA;EDUCACAO DE QUALIDADE PARA TODOS;12 - Educação;Administração Pública Municipal;AP;FERREIRA GOMES;3935.47
7;2017;00PI - APOIO A ALIMENTACAO ESCOLAR NA EDUCACAO BASICA (PNAE);EDUCACAO DE QUALIDADE PARA TODOS;12 - Educação;Administração Pública Municipal;AP;LARANJAL DO JARI;88793.60
12;2017;20RP - APOIO A INFRAESTRUTURA PARA A EDUCACAO BASICA;EDUCACAO BASICA;12 - Educação;Administração Pública Municipal;AP;VITÓRIA DO JARI;20255.91
11;2017;00PI - APOIO A ALIMENTACAO ESCOLAR NA EDUCACAO BASICA (PNAE);EDUCACAO DE QUALIDADE PARA TODOS;12 - Educação;Administração Pública Municipal;AP;PRACUÚBA;6083.20
12;2017;0515 - DINHEIRO DIRETO NA ESCOLA PARA A EDUCACAO BASICA;EDUCACAO DE QUALIDADE PARA TODOS;12 - Educação;Entidades Sem Fins Lucrativos;AP;TARTARUGALZINHO;6620.00
12;2017;0509 - APOIO AO DESENVOLVIMENTO DA EDUCACAO BASICA;EDUCACAO BASICA;12 - Educação;Administração Pública Municipal;AP;LARANJAL DO JARI;195130.94
12;2017;0515 - DINHEIRO DIRETO NA ESCOLA PARA A EDUCACAO BASICA;EDUCACAO DE QUALIDADE PARA TODOS;12 - Educação;Entidades Sem Fins Lucrativos;AP;MAZAGÃO;2560.00
3;2017;00PI - APOIO A ALIMENTACAO ESCOLAR NA EDUCACAO BASICA (PNAE);EDUCACAO DE QUALIDADE PARA TODOS;12 - Educação;Administração Pública Municipal;AP;MACAPÁ;300233.80
6;2017;0515 - DINHEIRO DIRETO NA ESCOLA PARA A EDUCACAO BASICA;EDUCACAO DE QUALIDADE PARA TODOS;12 - Educação;Entidades Sem Fins Lucrativos;AP;LARANJAL DO JARI;62500.00
12;2017;0515 - DINHEIRO DIRETO NA ESCOLA PARA A EDUCACAO BASICA;EDUCACAO DE QUALIDADE PARA TODOS;12 - Educação;Administração Pública Municipal;AP;CUTIAS;2490.00
12;2017;00PI - APOIO A ALIMENTACAO ESCOLAR NA EDUCACAO BASICA (PNAE);EDUCACAO DE QUALIDADE PARA TODOS;12 - Educação;Administração Pública Municipal;AP;MAZAGÃO;228141.60
7;2017;0969 - APOIO AO TRANSPORTE ESCOLAR NA EDUCACAO BASICA;EDUCACAO DE QUALIDADE PARA TODOS;12 - Educação;Administração Pública Municipal;AP;MACAPÁ;72986.08
9;2017;00PI - APOIO A ALIMENTACAO ESCOLAR NA EDUCACAO BASICA (PNAE);EDUCACAO DE QUALIDADE PARA TODOS;12 - Educação;Administração Pública Municipal;AP;AMAPÁ;10570.00
12;2017;00PI - APOIO A ALIMENTACAO ESCOLAR NA EDUCACAO BASICA (PNAE);EDUCACAO DE QUALIDADE PARA TODOS;12 - Educação;Administração Pública Municipal;AP;VITÓRIA DO JARI;26065.00
6;2017;0515 - DINHEIRO DIRETO NA ESCOLA PARA A EDUCACAO BASICA;EDUCACAO DE QUALIDADE PARA TODOS;12 - Educação;Administração Pública Municipal;AP;MACAPÁ;8800.00
6;2017;0969 - APOIO AO TRANSPORTE ESCOLAR NA EDUCACAO BASICA;EDUCACAO DE QUALIDADE PARA TODOS;12 - Educação;Administração Pública Municipal;AP;CALÇOENE;7217.70
9;2017;00PI - APOIO A ALIMENTACAO ESCOLAR NA EDUCACAO BASICA (PNAE);EDUCACAO DE QUALIDADE PARA TODOS;12 - Educação;Administração Pública Municipal;AP;VITÓRIA DO JARI;26065.00
12;2017;0515 - DINHEIRO DIRETO NA ESCOLA PARA A EDUCACAO BASICA;EDUCACAO DE QUALIDADE PARA TODOS;12 - Educação;Entidades Sem Fins Lucrativos;AP;PORTO GRANDE;40740.00
11;2017;0969 - APOIO AO TRANSPORTE ESCOLAR NA EDUCACAO BASICA;EDUCACAO DE QUALIDADE PARA TODOS;12 - Educação;Administração Pública Municipal;AP;PORTO GRANDE;13274.05
12;2017;0969 - APOIO AO TRANSPORTE ESCOLAR NA EDUCACAO BASICA;EDUCACAO DE QUALIDADE PARA TODOS;12 - Educação;Administração Pública Municipal;AP;PORTO GRANDE;13274.07
3;2017;20RP - APOIO A INFRAESTRUTURA PARA A EDUCACAO BASICA;EDUCACAO BASICA;12 - Educação;Administração Pública Municipal;AP;SANTANA;451105.30
12;2017;0969 - APOIO AO TRANSPORTE ESCOLAR NA EDUCACAO BASICA;EDUCACAO DE QUALIDADE PARA TODOS;12 - Educação;Administração Pública Municipal;AP;VITÓRIA DO JARI;7499.98
11;2017;0969 - APOIO AO TRANSPORTE ESCOLAR NA EDUCACAO BASICA;EDUCACAO DE QUALIDADE PARA TODOS;12 - Educação;Administração Pública Municipal;AP;FERREIRA GOMES;3935.49
12;2017;20RP - APOIO A INFRAESTRUTURA PARA A EDUCACAO BASICA;EDUCACAO BASICA;12 - Educação;Administração Pública Municipal;AP;PORTO GRANDE;123360.50
9;2017;0969 - APOIO AO TRANSPORTE ESCOLAR NA EDUCACAO BASICA;EDUCACAO DE QUALIDADE PARA TODOS;12 - Educação;Administração Pública Municipal;AP;CALÇOENE;7217.70
12;2017;0969 - APOIO AO TRANSPORTE ESCOLAR NA EDUCACAO BASICA;EDUCACAO DE QUALIDADE PARA TODOS;12 - Educação;Administração Pública Municipal;AP;OIAPOQUE;1257.28
12;2017;20RP - APOIO A INFRAESTRUTURA PARA A EDUCACAO BASICA;EDUCACAO BASICA;12 - Educação;Administração Pública Municipal;AP;SERRA DO NAVIO;48885.50
4;2017;00PI - APOIO A ALIMENTACAO ESCOLAR NA EDUCACAO BASICA (PNAE);EDUCACAO DE QUALIDADE PARA TODOS;12 - Educação;Administração Pública Municipal;AP;PORTO GRANDE;30622.20
9;2017;0515 - DINHEIRO DIRETO NA ESCOLA PARA A EDUCACAO BASICA;EDUCACAO DE QUALIDADE PARA TODOS;12 - Educação;Entidades Sem Fins Lucrativos;AP;SERRA DO NAVIO;9460.00
6;2017;0515 - DINHEIRO DIRETO NA ESCOLA PARA A EDUCACAO BASICA;EDUCACAO DE QUALIDADE PARA TODOS;12 - Educação;Administração Pública Municipal;AP;SERRA DO NAVIO;1150.00
9;2017;0969 - APOIO AO TRANSPORTE ESCOLAR NA EDUCACAO BASICA;EDUCACAO DE QUALIDADE PARA TODOS;12 - Educação;Administração Pública Municipal;AP;PORTO GRANDE;13274.05
7;2017;00PI - APOIO A ALIMENTACAO ESCOLAR NA EDUCACAO BASICA (PNAE);EDUCACAO DE QUALIDADE PARA TODOS;12 - Educação;Administração Pública Municipal;AP;MACAPÁ;300888.00
4;2017;00PI - APOIO A ALIMENTACAO ESCOLAR NA EDUCACAO BASICA (PNAE);EDUCACAO DE QUALIDADE PARA TODOS;12 - Educação;Administração Pública Municipal;AP;LARANJAL DO JARI;88786.40
3;2017;00PI - APOIO A ALIMENTACAO ESCOLAR NA EDUCACAO BASICA (PNAE);EDUCACAO DE QUALIDADE PARA TODOS;12 - Educação;Administração Pública Municipal;AP;PORTO GRANDE;30622.20
12;2017;0969 - APOIO AO TRANSPORTE ESCOLAR NA EDUCACAO BASICA;EDUCACAO DE QUALIDADE PARA TODOS;12 - Educação;Administração Pública Municipal;AP;CALÇOENE;7217.79
5;2017;0969 - APOIO AO TRANSPORTE ESCOLAR NA EDUCACAO BASICA;EDUCACAO DE QUALIDADE PARA TODOS;12 - Educação;Administração Pública Municipal;AP;TARTARUGALZINHO;8621.76
11;2017;0969 - APOIO AO TRANSPORTE ESCOLAR NA EDUCACAO BASICA;EDUCACAO DE QUALIDADE PARA TODOS;12 - Educação;Administração Pública Municipal;AP;TARTARUGALZINHO;8621.76
9;2017;00PI - APOIO A ALIMENTACAO ESCOLAR NA EDUCACAO BASICA (PNAE);EDUCACAO DE QUALIDADE PARA TODOS;12 - Educação;Administração Pública Municipal;AP;MACAPÁ;300888.00
12;2017;0515 - DINHEIRO DIRETO NA ESCOLA PARA A EDUCACAO BASICA;EDUCACAO DE QUALIDADE PARA TODOS;12 - Educação;Administração Pública Municipal;AP;AMAPÁ;2280.00
10;2017;0515 - DINHEIRO DIRETO NA ESCOLA PARA A EDUCACAO BASICA;EDUCACAO DE QUALIDADE PARA TODOS;12 - Educação;Entidades Sem Fins Lucrativos;AP;AMAPÁ;19910.00
7;2017;00PI - APOIO A ALIMENTACAO ESCOLAR NA EDUCACAO BASICA (PNAE);EDUCACAO DE QUALIDADE PARA TODOS;12 - Educação;Administração Pública Municipal;AP;VITÓRIA DO JARI;38731.40
6;2017;0515 - DINHEIRO DIRETO NA ESCOLA PARA A EDUCACAO BASICA;EDUCACAO DE QUALIDADE PARA TODOS;12 - Educação;Administração Pública Municipal;AP;TARTARUGALZINHO;4200.00
10;2017;0515 - DINHEIRO DIRETO NA ESCOLA PARA A EDUCACAO BASICA;EDUCACAO DE QUALIDADE PARA TODOS;12 - Educação;Entidades Sem Fins Lucrativos;AP;PRACUÚBA;3270.00
6;2017;0515 - DINHEIRO DIRETO NA ESCOLA PARA A EDUCACAO BASICA;EDUCACAO DE QUALIDADE PARA TODOS;12 - Educação;Entidades Sem Fins Lucrativos;AP;MACAPÁ;159610.00
10;2017;0515 - DINHEIRO DIRETO NA ESCOLA PARA A EDUCACAO BASICA;EDUCACAO DE QUALIDADE PARA TODOS;12 - Educação;Entidades Sem Fins Lucrativos;AP;MACAPÁ;314090.00
9;2017;00PI - APOIO A ALIMENTACAO ESCOLAR NA EDUCACAO BASICA (PNAE);EDUCACAO DE QUALIDADE PARA TODOS;12 - Educação;Administração Pública Municipal;AP;FERREIRA GOMES;16161.80
12;2017;0969 - APOIO AO TRANSPORTE ESCOLAR NA EDUCACAO BASICA;EDUCACAO DE QUALIDADE PARA TODOS;12 - Educação;Administração Pública Municipal;AP;TARTARUGALZINHO;8621.70
9;2017;00PI - APOIO A ALIMENTACAO ESCOLAR NA EDUCACAO BASICA (PNAE);EDUCACAO DE QUALIDADE PARA TODOS;12 - Educação;Administração Pública Municipal;AP;PORTO GRANDE;30622.20
6;2017;00PI - APOIO A ALIMENTACAO ESCOLAR NA EDUCACAO BASICA (PNAE);EDUCACAO DE QUALIDADE PARA TODOS;12 - Educação;Administração Pública Municipal;AP;LARANJAL DO JARI;88793.60
8;2017;00PI - APOIO A ALIMENTACAO ESCOLAR NA EDUCACAO BASICA (PNAE);EDUCACAO DE QUALIDADE PARA TODOS;12 - Educação;Administração Pública Municipal;AP;AMAPÁ;10570.00
12;2017;0509 - APOIO AO DESENVOLVIMENTO DA EDUCACAO BASICA;EDUCACAO BASICA;12 - Educação;Administração Pública Estadual ou do Distrito Federal;AP;MACAPÁ;6185970.25
11;2017;4014 - CENSO ESCOLAR DA EDUCACAO BASICA;EDUCACAO DE QUALIDADE PARA TODOS;12 - Educação;Administração Pública Estadual ou do Distrito Federal;AP;MACAPÁ;9912.00
5;2017;00PI - APOIO A ALIMENTACAO ESCOLAR NA EDUCACAO BASICA (PNAE);EDUCACAO DE QUALIDADE PARA TODOS;12 - Educação;Administração Pública Municipal;AP;VITÓRIA DO JARI;51397.80
9;2017;0515 - DINHEIRO DIRETO NA ESCOLA PARA A EDUCACAO BASICA;EDUCACAO DE QUALIDADE PARA TODOS;12 - Educação;Entidades Sem Fins Lucrativos;AP;VITÓRIA DO JARI;25936.00
3;2017;0969 - APOIO AO TRANSPORTE ESCOLAR NA EDUCACAO BASICA;EDUCACAO DE QUALIDADE PARA TODOS;12 - Educação;Administração Pública Municipal;AP;TARTARUGALZINHO;8621.76
10;2017;0969 - APOIO AO TRANSPORTE ESCOLAR NA EDUCACAO BASICA;EDUCACAO DE QUALIDADE PARA TODOS;12 - Educação;Administração Pública Municipal;AP;VITÓRIA DO JARI;15000.06
7;2017;0969 - APOIO AO TRANSPORTE ESCOLAR NA EDUCACAO BASICA;EDUCACAO DE QUALIDADE PARA TODOS;12 - Educação;Administração Pública Municipal;AP;PORTO GRANDE;13274.05
10;2017;0969 - APOIO AO TRANSPORTE ESCOLAR NA EDUCACAO BASICA;EDUCACAO DE QUALIDADE PARA TODOS;12 - Educação;Administração Pública Municipal;AP;PRACUÚBA;905.05
12;2017;0509 - APOIO AO DESENVOLVIMENTO DA EDUCACAO BASICA;EDUCACAO BASICA;12 - Educação;Administração Pública Municipal;AP;MACAPÁ;118086.29
4;2017;0969 - APOIO AO TRANSPORTE ESCOLAR NA EDUCACAO BASICA;EDUCACAO DE QUALIDADE PARA TODOS;12 - Educação;Administração Pública Municipal;AP;CALÇOENE;7217.70
11;2017;00PI - APOIO A ALIMENTACAO ESCOLAR NA EDUCACAO BASICA (PNAE);EDUCACAO DE QUALIDADE PARA TODOS;12 - Educação;Administração Pública Municipal;AP;VITÓRIA DO JARI;30893.00
12;2017;20RP - APOIO A INFRAESTRUTURA PARA A EDUCACAO BASICA;EDUCACAO DE QUALIDADE PARA TODOS;12 - Educação;Administração Pública Municipal;AP;MACAPÁ;242100.00
7;2017;0969 - APOIO AO TRANSPORTE ESCOLAR NA EDUCACAO BASICA;EDUCACAO DE QUALIDADE PARA TODOS;12 - Educação;Administração Pública Municipal;AP;TARTARUGALZINHO;8621.76
5;2017;0969 - APOIO AO TRANSPORTE ESCOLAR NA EDUCACAO BASICA;EDUCACAO DE QUALIDADE PARA TODOS;12 - Educação;Administração Pública Municipal;AP;CALÇOENE;7217.70
4;2017;00PI - APOIO A ALIMENTACAO ESCOLAR NA EDUCACAO BASICA (PNAE);EDUCACAO DE QUALIDADE PARA TODOS;12 - Educação;Administração Pública Municipal;AP;MACAPÁ;300233.80
5;2017;00PI - APOIO A ALIMENTACAO ESCOLAR NA EDUCACAO BASICA (PNAE);EDUCACAO DE QUALIDADE PARA TODOS;12 - Educação;Administração Pública Municipal;AP;CALÇOENE;5055.20
12;2017;0515 - DINHEIRO DIRETO NA ESCOLA PARA A EDUCACAO BASICA;EDUCACAO DE QUALIDADE PARA TODOS;12 - Educação;Administração Pública Municipal;AP;FERREIRA GOMES;1520.00
5;2017;0969 - APOIO AO TRANSPORTE ESCOLAR NA EDUCACAO BASICA;EDUCACAO DE QUALIDADE PARA TODOS;12 - Educação;Administração Pública Municipal;AP;PORTO GRANDE;13274.05
7;2017;0969 - APOIO AO TRANSPORTE ESCOLAR NA EDUCACAO BASICA;EDUCACAO DE QUALIDADE PARA TODOS;12 - Educação;Administração Pública Municipal;AP;VITÓRIA DO JARI;7500.03
12;2017;00PI - APOIO A ALIMENTACAO ESCOLAR NA EDUCACAO BASICA (PNAE);EDUCACAO DE QUALIDADE PARA TODOS;12 - Educação;Administração Pública Municipal;AP;FERREIRA GOMES;16161.80
3;2017;00PI - APOIO A ALIMENTACAO ESCOLAR NA EDUCACAO BASICA (PNAE);EDUCACAO DE QUALIDADE PARA TODOS;12 - Educação;Administração Pública Municipal;AP;CALÇOENE;16971.60
10;2017;0515 - DINHEIRO DIRETO NA ESCOLA PARA A EDUCACAO BASICA;EDUCACAO DE QUALIDADE PARA TODOS;12 - Educação;Entidades Sem Fins Lucrativos;AP;MAZAGÃO;8160.00
10;2017;0515 - DINHEIRO DIRETO NA ESCOLA PARA A EDUCACAO BASICA;EDUCACAO DE QUALIDADE PARA TODOS;12 - Educação;Administração Pública Estadual ou do Distrito Federal;AP;MACAPÁ;38590.00
11;2017;00PI - APOIO A ALIMENTACAO ESCOLAR NA EDUCACAO BASICA (PNAE);EDUCACAO DE QUALIDADE PARA TODOS;12 - Educação;Administração Pública Municipal;AP;PORTO GRANDE;30622.20
10;2017;00PI - APOIO A ALIMENTACAO ESCOLAR NA EDUCACAO BASICA (PNAE);EDUCACAO DE QUALIDADE PARA TODOS;12 - Educação;Administração Pública Municipal;AP;CALÇOENE;16971.60
10;2017;00PI - APOIO A ALIMENTACAO ESCOLAR NA EDUCACAO BASICA (PNAE);EDUCACAO DE QUALIDADE PARA TODOS;12 - Educação;Administração Pública Municipal;AP;PRACUÚBA;6083.20
12;2017;0515 - DINHEIRO DIRETO NA ESCOLA PARA A EDUCACAO BASICA;EDUCACAO DE QUALIDADE PARA TODOS;12 - Educação;Entidades Sem Fins Lucrativos;AP;SERRA DO NAVIO;9460.00
12;2017;00PI - APOIO A ALIMENTACAO ESCOLAR NA EDUCACAO BASICA (PNAE);EDUCACAO DE QUALIDADE PARA TODOS;12 - Educação;Administração Pública Municipal;AP;AMAPÁ;10570.00
5;2017;0969 - APOIO AO TRANSPORTE ESCOLAR NA EDUCACAO BASICA;EDUCACAO DE QUALIDADE PARA TODOS;12 - Educação;Administração Pública Municipal;AP;VITÓRIA DO JARI;7500.03
10;2017;0515 - DINHEIRO DIRETO NA ESCOLA PARA A EDUCACAO BASICA;EDUCACAO DE QUALIDADE PARA TODOS;12 - Educação;Entidades Sem Fins Lucrativos;AP;VITÓRIA DO JARI;33156.00
8;2017;0969 - APOIO AO TRANSPORTE ESCOLAR NA EDUCACAO BASICA;EDUCACAO DE QUALIDADE PARA TODOS;12 - Educação;Administração Pública Municipal;AP;PRACUÚBA;905.05
12;2017;00PI - APOIO A ALIMENTACAO ESCOLAR NA EDUCACAO BASICA (PNAE);EDUCACAO DE QUALIDADE PARA TODOS;12 - Educação;Administração Pública Municipal;AP;CUTIAS;49769.60
12;2017;0509 - APOIO AO DESENVOLVIMENTO DA EDUCACAO BASICA;EDUCACAO DE QUALIDADE PARA TODOS;12 - Educação;Administração Pública Estadual ou do Distrito Federal;AP;MACAPÁ;3953114.67
12;2017;12KU - APOIO A IMPLANTACAO DE ESCOLAS PARA EDUCACAO INFANTIL;EDUCACAO BASICA;12 - Educação;Administração Pública Municipal;AP;LARANJAL DO JARI;55444.42
12;2017;0515 - DINHEIRO DIRETO NA ESCOLA PARA A EDUCACAO BASICA;EDUCACAO DE QUALIDADE PARA TODOS;12 - Educação;Administração Pública Municipal;AP;VITÓRIA DO JARI;8540.00
4;2017;0969 - APOIO AO TRANSPORTE ESCOLAR NA EDUCACAO BASICA;EDUCACAO DE QUALIDADE PARA TODOS;12 - Educação;Administração Pública Municipal;AP;PORTO GRANDE;13274.05
4;2017;0969 - APOIO AO TRANSPORTE ESCOLAR NA EDUCACAO BASICA;EDUCACAO DE QUALIDADE PARA TODOS;12 - Educação;Administração Pública Municipal;AP;PRACUÚBA;905.05
12;2017;0515 - DINHEIRO DIRETO NA ESCOLA PARA A EDUCACAO BASICA;EDUCACAO DE QUALIDADE PARA TODOS;12 - Educação;Entidades Sem Fins Lucrativos;AP;FERREIRA GOMES;26540.00
6;2017;00PI - APOIO A ALIMENTACAO ESCOLAR NA EDUCACAO BASICA (PNAE);EDUCACAO DE QUALIDADE PARA TODOS;12 - Educação;Administração Pública Municipal;AP;VITÓRIA DO JARI;38731.40
12;2017;0515 - DINHEIRO DIRETO NA ESCOLA PARA A EDUCACAO BASICA;EDUCACAO DE QUALIDADE PARA TODOS;12 - Educação;Administração Pública Municipal;AP;TARTARUGALZINHO;4200.00
4;2017;0969 - APOIO AO TRANSPORTE ESCOLAR NA EDUCACAO BASICA;EDUCACAO DE QUALIDADE PARA TODOS;12 - Educação;Administração Pública Municipal;AP;TARTARUGALZINHO;8621.76
9;2017;0515 - DINHEIRO DIRETO NA ESCOLA PARA A EDUCACAO BASICA;EDUCACAO DE QUALIDADE PARA TODOS;12 - Educação;Entidades Sem Fins Lucrativos;AP;PORTO GRANDE;23112.00
12;2017;0515 - DINHEIRO DIRETO NA ESCOLA PARA A EDUCACAO BASICA;EDUCACAO DE QUALIDADE PARA TODOS;12 - Educação;Administração Pública Municipal;AP;SERRA DO NAVIO;1150.00
10;2017;0969 - APOIO AO TRANSPORTE ESCOLAR NA EDUCACAO BASICA;EDUCACAO DE QUALIDADE PARA TODOS;12 - Educação;Administração Pública Municipal;AP;FERREIRA GOMES;3935.49
4;2017;0969 - APOIO AO TRANSPORTE ESCOLAR NA EDUCACAO BASICA;EDUCACAO DE QUALIDADE PARA TODOS;12 - Educação;Administração Pública Municipal;AP;VITÓRIA DO JARI;7500.03
4;2017;00PI - APOIO A ALIMENTACAO ESCOLAR NA EDUCACAO BASICA (PNAE);EDUCACAO DE QUALIDADE PARA TODOS;12 - Educação;Administração Pública Municipal;AP;AMAPÁ;10570.00
8;2017;00PI - APOIO A ALIMENTACAO ESCOLAR NA EDUCACAO BASICA (PNAE);EDUCACAO DE QUALIDADE PARA TODOS;12 - Educação;Administração Pública Municipal;AP;FERREIRA GOMES;16161.80
12;2017;0515 - DINHEIRO DIRETO NA ESCOLA PARA A EDUCACAO BASICA;EDUCACAO DE QUALIDADE PARA TODOS;12 - Educação;Entidades Sem Fins Lucrativos;AP;LARANJAL DO JARI;63390.00
4;2017;00PI - APOIO A ALIMENTACAO ESCOLAR NA EDUCACAO BASICA (PNAE);EDUCACAO DE QUALIDADE PARA TODOS;12 - Educação;Administração Pública Estadual ou do Distrito Federal;AP;MACAPÁ;98430.00
3;2017;00PI - APOIO A ALIMENTACAO ESCOLAR NA EDUCACAO BASICA (PNAE);EDUCACAO DE QUALIDADE PARA TODOS;12 - Educação;Administração Pública Estadual ou do Distrito Federal;AP;MACAPÁ;973364.80
10;2017;0515 - DINHEIRO DIRETO NA ESCOLA PARA A EDUCACAO BASICA;EDUCACAO DE QUALIDADE PARA TODOS;12 - Educação;Entidades Sem Fins Lucrativos;AP;ITAUBAL;10300.00
9;2017;0515 - DINHEIRO DIRETO NA ESCOLA PARA A EDUCACAO BASICA;EDUCACAO DE QUALIDADE PARA TODOS;12 - Educação;Entidades Sem Fins Lucrativos;AP;MAZAGÃO;16858.00
12;2017;20RS - APOIO AO DESENVOLVIMENTO DA EDUCACAO BASICA NAS COMUNIDADES DO CAMPO, INDIGENAS, TRADICIONAIS, REMANESCENTES DE QUILOMBO E DAS TEMATICAS DE CIDADANIA, DIREITOS HUMANOS, MEIO AMBIENTE E POLITICAS DE INCLUSAO DOS ALUNOS COM DEFICIENCIA.;EDUCACAO BASICA;12 - Educação;Administração Pública Estadual ou do Distrito Federal;AP;MACAPÁ;183862.00
4;2017;00PI - APOIO A ALIMENTACAO ESCOLAR NA EDUCACAO BASICA (PNAE);EDUCACAO DE QUALIDADE PARA TODOS;12 - Educação;Administração Pública Municipal;AP;FERREIRA GOMES;16161.80
3;2017;00PI - APOIO A ALIMENTACAO ESCOLAR NA EDUCACAO BASICA (PNAE);EDUCACAO DE QUALIDADE PARA TODOS;12 - Educação;Administração Pública Municipal;AP;VITÓRIA DO JARI;26065.00
5;2017;00PI - APOIO A ALIMENTACAO ESCOLAR NA EDUCACAO BASICA (PNAE);EDUCACAO DE QUALIDADE PARA TODOS;12 - Educação;Administração Pública Municipal;AP;PRACUÚBA;6083.20
7;2017;0969 - APOIO AO TRANSPORTE ESCOLAR NA EDUCACAO BASICA;EDUCACAO DE QUALIDADE PARA TODOS;12 - Educação;Administração Pública Municipal;AP;PRACUÚBA;905.05
6;2017;0515 - DINHEIRO DIRETO NA ESCOLA PARA A EDUCACAO BASICA;EDUCACAO DE QUALIDADE PARA TODOS;12 - Educação;Administração Pública Municipal;AP;LARANJAL DO JARI;4800.00
12;2017;20RP - APOIO A INFRAESTRUTURA PARA A EDUCACAO BASICA;EDUCACAO DE QUALIDADE PARA TODOS;12 - Educação;Administração Pública Municipal;AP;VITÓRIA DO JARI;230210.00
