12;2014;0969 - APOIO AO TRANSPORTE ESCOLAR NA EDUCACAO BASICA;EDUCACAO BASICA;12 - Educação;Administração Pública Municipal;AC;SANTA ROSA DO PURUS;4362.34
5;2014;0969 - APOIO AO TRANSPORTE ESCOLAR NA EDUCACAO BASICA;EDUCACAO BASICA;12 - Educação;Administração Pública Municipal;AC;FEIJÓ;31151.68
7;2014;0969 - APOIO AO TRANSPORTE ESCOLAR NA EDUCACAO BASICA;EDUCACAO BASICA;12 - Educação;Administração Pública Municipal;AC;SENA MADUREIRA;11863.44
9;2014;0969 - APOIO AO TRANSPORTE ESCOLAR NA EDUCACAO BASICA;EDUCACAO BASICA;12 - Educação;Administração Pública Municipal;AC;PORTO WALTER;15888.85
9;2014;8790 - APOIO A ALFABETIZACAO E A EDUCACAO DE JOVENS E ADULTOS;EDUCACAO BASICA;12 - Educação;Administração Pública Municipal;AC;RODRIGUES ALVES;459855.18
12;2014;8744 - APOIO A ALIMENTACAO ESCOLAR NA EDUCACAO BASICA (PNAE);EDUCACAO BASICA;12 - Educação;Administração Pública Estadual ou do Distrito Federal;AC;RIO BRANCO;1289809.20
10;2014;0969 - APOIO AO TRANSPORTE ESCOLAR NA EDUCACAO BASICA;EDUCACAO BASICA;12 - Educação;Administração Pública Municipal;AC;MANOEL URBANO;6188.56
5;2014;8744 - APOIO A ALIMENTACAO ESCOLAR NA EDUCACAO BASICA (PNAE);EDUCACAO BASICA;12 - Educação;Administração Pública Municipal;AC;PLÁCIDO DE CASTRO;21498.00
7;2014;8744 - APOIO A ALIMENTACAO ESCOLAR NA EDUCACAO BASICA (PNAE);EDUCACAO BASICA;12 - Educação;Administração Pública Municipal;AC;XAPURI;10720.00
8;2014;0969 - APOIO AO TRANSPORTE ESCOLAR NA EDUCACAO BASICA;EDUCACAO BASICA;12 - Educação;Administração Pública Municipal;AC;PORTO ACRE;9227.16
11;2014;20RV - APOIO A MANUTENCAO DA EDUCACAO INFANTIL;EDUCACAO BASICA;12 - Educação;Administração Pública Municipal;AC;SENA MADUREIRA;107867.33
7;2014;8744 - APOIO A ALIMENTACAO ESCOLAR NA EDUCACAO BASICA (PNAE);EDUCACAO BASICA;12 - Educação;Administração Pública Municipal;AC;FEIJÓ;47484.00
8;2014;12KV - IMPLANTACAO E ADEQUACAO DE ESTRUTURAS ESPORTIVAS ESCOLARES;EDUCACAO BASICA;12 - Educação;Administração Pública Municipal;AC;CRUZEIRO DO SUL;254972.92
7;2014;20RP - APOIO A INFRAESTRUTURA PARA A EDUCACAO BASICA;EDUCACAO BASICA;12 - Educação;Administração Pública Municipal;AC;JORDÃO;706756.69
9;2014;12KV - IMPLANTACAO E ADEQUACAO DE ESTRUTURAS ESPORTIVAS ESCOLARES;EDUCACAO BASICA;12 - Educação;Administração Pública Municipal;AC;SENA MADUREIRA;203982.38
9;2014;0969 - APOIO AO TRANSPORTE ESCOLAR NA EDUCACAO BASICA;EDUCACAO BASICA;12 - Educação;Administração Pública Estadual ou do Distrito Federal;AC;RIO BRANCO;259675.04
7;2014;8744 - APOIO A ALIMENTACAO ESCOLAR NA EDUCACAO BASICA (PNAE);EDUCACAO BASICA;12 - Educação;Administração Pública Municipal;AC;CRUZEIRO DO SUL;116588.00
5;2014;0515 - DINHEIRO DIRETO NA ESCOLA PARA A EDUCACAO BASICA;EDUCACAO BASICA;12 - Educação;Administração Pública Municipal;AC;CRUZEIRO DO SUL;5700.00
7;2014;0515 - DINHEIRO DIRETO NA ESCOLA PARA A EDUCACAO BASICA;EDUCACAO BASICA;12 - Educação;Entidades Sem Fins Lucrativos;AC;BRASILÉIA;11551.75
4;2014;8744 - APOIO A ALIMENTACAO ESCOLAR NA EDUCACAO BASICA (PNAE);EDUCACAO BASICA;12 - Educação;Administração Pública Municipal;AC;RODRIGUES ALVES;109612.00
7;2014;0515 - DINHEIRO DIRETO NA ESCOLA PARA A EDUCACAO BASICA;EDUCACAO BASICA;12 - Educação;Entidades Sem Fins Lucrativos;AC;XAPURI;44410.52
4;2014;8744 - APOIO A ALIMENTACAO ESCOLAR NA EDUCACAO BASICA (PNAE);EDUCACAO BASICA;12 - Educação;Administração Pública Municipal;AC;SENADOR GUIOMARD;88168.00
7;2014;0969 - APOIO AO TRANSPORTE ESCOLAR NA EDUCACAO BASICA;EDUCACAO BASICA;12 - Educação;Administração Pública Municipal;AC;PORTO WALTER;15888.85
8;2014;0969 - APOIO AO TRANSPORTE ESCOLAR NA EDUCACAO BASICA;EDUCACAO BASICA;12 - Educação;Administração Pública Municipal;AC;XAPURI;8984.84
7;2014;0969 - APOIO AO TRANSPORTE ESCOLAR NA EDUCACAO BASICA;EDUCACAO BASICA;12 - Educação;Administração Pública Municipal;AC;CAPIXABA;12943.67
6;2014;0515 - DINHEIRO DIRETO NA ESCOLA PARA A EDUCACAO BASICA;EDUCACAO BASICA;12 - Educação;Entidades Sem Fins Lucrativos;AC;RODRIGUES ALVES;16600.00
7;2014;0969 - APOIO AO TRANSPORTE ESCOLAR NA EDUCACAO BASICA;EDUCACAO BASICA;12 - Educação;Administração Pública Municipal;AC;JORDÃO;13796.25
12;2014;8744 - APOIO A ALIMENTACAO ESCOLAR NA EDUCACAO BASICA (PNAE);EDUCACAO BASICA;12 - Educação;Administração Pública Municipal;AC;SANTA ROSA DO PURUS;29040.00
5;2014;0515 - DINHEIRO DIRETO NA ESCOLA PARA A EDUCACAO BASICA;EDUCACAO BASICA;12 - Educação;Administração Pública Municipal;AC;BUJARI;1350.00
12;2014;0969 - APOIO AO TRANSPORTE ESCOLAR NA EDUCACAO BASICA;EDUCACAO BASICA;12 - Educação;Administração Pública Municipal;AC;MARECHAL THAUMATURGO;37736.04
10;2014;8744 - APOIO A ALIMENTACAO ESCOLAR NA EDUCACAO BASICA (PNAE);EDUCACAO BASICA;12 - Educação;Administração Pública Municipal;AC;BRASILÉIA;40576.00
6;2014;8744 - APOIO A ALIMENTACAO ESCOLAR NA EDUCACAO BASICA (PNAE);EDUCACAO BASICA;12 - Educação;Administração Pública Municipal;AC;SENADOR GUIOMARD;6336.00
12;2014;8744 - APOIO A ALIMENTACAO ESCOLAR NA EDUCACAO BASICA (PNAE);EDUCACAO BASICA;12 - Educação;Administração Pública Municipal;AC;RIO BRANCO;242036.00
5;2014;0515 - DINHEIRO DIRETO NA ESCOLA PARA A EDUCACAO BASICA;EDUCACAO BASICA;12 - Educação;Administração Pública Municipal;AC;PLÁCIDO DE CASTRO;2130.00
4;2014;0515 - DINHEIRO DIRETO NA ESCOLA PARA A EDUCACAO BASICA;EDUCACAO BASICA;12 - Educação;Entidades Sem Fins Lucrativos;AC;FEIJÓ;127109.85
8;2014;0969 - APOIO AO TRANSPORTE ESCOLAR NA EDUCACAO BASICA;EDUCACAO BASICA;12 - Educação;Administração Pública Municipal;AC;SENA MADUREIRA;23726.88
12;2014;0969 - APOIO AO TRANSPORTE ESCOLAR NA EDUCACAO BASICA;EDUCACAO BASICA;12 - Educação;Administração Pública Municipal;AC;BRASILÉIA;3926.28
9;2014;12KV - IMPLANTACAO E ADEQUACAO DE ESTRUTURAS ESPORTIVAS ESCOLARES;EDUCACAO BASICA;12 - Educação;Administração Pública Municipal;AC;ACRELÂNDIA;101774.76
7;2014;8744 - APOIO A ALIMENTACAO ESCOLAR NA EDUCACAO BASICA (PNAE);EDUCACAO BASICA;12 - Educação;Administração Pública Municipal;AC;RODRIGUES ALVES;59426.00
12;2014;0969 - APOIO AO TRANSPORTE ESCOLAR NA EDUCACAO BASICA;EDUCACAO BASICA;12 - Educação;Administração Pública Municipal;AC;MÂNCIO LIMA;12317.52
8;2014;0969 - APOIO AO TRANSPORTE ESCOLAR NA EDUCACAO BASICA;EDUCACAO BASICA;12 - Educação;Administração Pública Municipal;AC;MARECHAL THAUMATURGO;75472.02
9;2014;2A95 - ELEVACAO DA ESCOLARIDADE E QUALIFICACAO PROFISSIONAL - PROJOVEM;EDUCACAO BASICA;12 - Educação;Administração Pública Municipal;AC;XAPURI;183825.00
1;2014;12KU - APOIO A IMPLANTACAO DE ESCOLAS PARA EDUCACAO INFANTIL;EDUCACAO BASICA;12 - Educação;Administração Pública Municipal;AC;CAPIXABA;224051.70
7;2014;0969 - APOIO AO TRANSPORTE ESCOLAR NA EDUCACAO BASICA;EDUCACAO BASICA;12 - Educação;Administração Pública Municipal;AC;CRUZEIRO DO SUL;22549.38
10;2014;0969 - APOIO AO TRANSPORTE ESCOLAR NA EDUCACAO BASICA;EDUCACAO BASICA;12 - Educação;Administração Pública Municipal;AC;CAPIXABA;12943.67
5;2014;0515 - DINHEIRO DIRETO NA ESCOLA PARA A EDUCACAO BASICA;EDUCACAO BASICA;12 - Educação;Administração Pública Municipal;AC;EPITACIOLÂNDIA;6150.00
6;2014;8744 - APOIO A ALIMENTACAO ESCOLAR NA EDUCACAO BASICA (PNAE);EDUCACAO BASICA;12 - Educação;Administração Pública Estadual ou do Distrito Federal;AC;RIO BRANCO;184608.00
5;2014;0969 - APOIO AO TRANSPORTE ESCOLAR NA EDUCACAO BASICA;EDUCACAO BASICA;12 - Educação;Administração Pública Municipal;AC;RODRIGUES ALVES;7896.00
5;2014;0515 - DINHEIRO DIRETO NA ESCOLA PARA A EDUCACAO BASICA;EDUCACAO BASICA;12 - Educação;Administração Pública Municipal;AC;ACRELÂNDIA;2730.00
7;2014;8744 - APOIO A ALIMENTACAO ESCOLAR NA EDUCACAO BASICA (PNAE);EDUCACAO BASICA;12 - Educação;Administração Pública Municipal;AC;MANOEL URBANO;14452.00
6;2014;0515 - DINHEIRO DIRETO NA ESCOLA PARA A EDUCACAO BASICA;EDUCACAO BASICA;12 - Educação;Entidades Sem Fins Lucrativos;AC;RIO BRANCO;2080.00
5;2014;8744 - APOIO A ALIMENTACAO ESCOLAR NA EDUCACAO BASICA (PNAE);EDUCACAO BASICA;12 - Educação;Administração Pública Estadual ou do Distrito Federal;AC;RIO BRANCO;1180597.20
11;2014;0515 - DINHEIRO DIRETO NA ESCOLA PARA A EDUCACAO BASICA;EDUCACAO BASICA;12 - Educação;Entidades Sem Fins Lucrativos;AC;CAPIXABA;7500.00
7;2014;0515 - DINHEIRO DIRETO NA ESCOLA PARA A EDUCACAO BASICA;EDUCACAO BASICA;12 - Educação;Entidades Sem Fins Lucrativos;AC;BUJARI;40831.22
8;2014;12KU - APOIO A IMPLANTACAO DE ESCOLAS PARA EDUCACAO INFANTIL;EDUCACAO BASICA;12 - Educação;Administração Pública Municipal;AC;RIO BRANCO;797798.35
8;2014;0969 - APOIO AO TRANSPORTE ESCOLAR NA EDUCACAO BASICA;EDUCACAO BASICA;12 - Educação;Administração Pública Municipal;AC;BRASILÉIA;7852.50
7;2014;0969 - APOIO AO TRANSPORTE ESCOLAR NA EDUCACAO BASICA;EDUCACAO BASICA;12 - Educação;Administração Pública Municipal;AC;MÂNCIO LIMA;12317.45
7;2014;20RM - EXAMES E AVALIACOES DA EDUCACAO BASICA;EDUCACAO BASICA;12 - Educação;Administração Pública Estadual ou do Distrito Federal;AC;RIO BRANCO;91183.80
6;2014;8744 - APOIO A ALIMENTACAO ESCOLAR NA EDUCACAO BASICA (PNAE);EDUCACAO BASICA;12 - Educação;Administração Pública Municipal;AC;SANTA ROSA DO PURUS;10608.00
8;2014;12KV - IMPLANTACAO E ADEQUACAO DE ESTRUTURAS ESPORTIVAS ESCOLARES;EDUCACAO BASICA;12 - Educação;Administração Pública Municipal;AC;BUJARI;46249.99
4;2014;8744 - APOIO A ALIMENTACAO ESCOLAR NA EDUCACAO BASICA (PNAE);EDUCACAO BASICA;12 - Educação;Administração Pública Municipal;AC;BUJARI;31420.00
4;2014;8744 - APOIO A ALIMENTACAO ESCOLAR NA EDUCACAO BASICA (PNAE);EDUCACAO BASICA;12 - Educação;Administração Pública Municipal;AC;TARAUACÁ;65622.00
10;2014;0969 - APOIO AO TRANSPORTE ESCOLAR NA EDUCACAO BASICA;EDUCACAO BASICA;12 - Educação;Administração Pública Municipal;AC;MÂNCIO LIMA;12317.45
9;2014;0969 - APOIO AO TRANSPORTE ESCOLAR NA EDUCACAO BASICA;EDUCACAO BASICA;12 - Educação;Administração Pública Municipal;AC;CAPIXABA;12943.67
3;2014;12KV - IMPLANTACAO E ADEQUACAO DE ESTRUTURAS ESPORTIVAS ESCOLARES;EDUCACAO BASICA;12 - Educação;Administração Pública Municipal;AC;PLÁCIDO DE CASTRO;36999.99
3;2014;8744 - APOIO A ALIMENTACAO ESCOLAR NA EDUCACAO BASICA (PNAE);EDUCACAO BASICA;12 - Educação;Administração Pública Municipal;AC;MANOEL URBANO;14452.00
6;2014;12KU - APOIO A IMPLANTACAO DE ESCOLAS PARA EDUCACAO INFANTIL;EDUCACAO BASICA;12 - Educação;Administração Pública Municipal;AC;RODRIGUES ALVES;427336.30
9;2014;2A95 - ELEVACAO DA ESCOLARIDADE E QUALIFICACAO PROFISSIONAL - PROJOVEM;EDUCACAO BASICA;12 - Educação;Administração Pública Municipal;AC;RIO BRANCO;205000.00
3;2014;8744 - APOIO A ALIMENTACAO ESCOLAR NA EDUCACAO BASICA (PNAE);EDUCACAO BASICA;12 - Educação;Administração Pública Municipal;AC;PORTO ACRE;14058.00
7;2014;0515 - DINHEIRO DIRETO NA ESCOLA PARA A EDUCACAO BASICA;EDUCACAO BASICA;12 - Educação;Entidades Sem Fins Lucrativos;AC;ASSIS BRASIL;10862.35
9;2014;12KV - IMPLANTACAO E ADEQUACAO DE ESTRUTURAS ESPORTIVAS ESCOLARES;EDUCACAO BASICA;12 - Educação;Administração Pública Municipal;AC;MÂNCIO LIMA;276233.12
7;2014;20RP - APOIO A INFRAESTRUTURA PARA A EDUCACAO BASICA;EDUCACAO BASICA;12 - Educação;Administração Pública Municipal;AC;TARAUACÁ;2107990.45
1;2014;12KU - APOIO A IMPLANTACAO DE ESCOLAS PARA EDUCACAO INFANTIL;EDUCACAO BASICA;12 - Educação;Administração Pública Municipal;AC;CRUZEIRO DO SUL;389756.21
7;2014;20RP - APOIO A INFRAESTRUTURA PARA A EDUCACAO BASICA;EDUCACAO BASICA;12 - Educação;Administração Pública Municipal;AC;PLÁCIDO DE CASTRO;204394.08
5;2014;12KV - IMPLANTACAO E ADEQUACAO DE ESTRUTURAS ESPORTIVAS ESCOLARES;EDUCACAO BASICA;12 - Educação;Administração Pública Municipal;AC;FEIJÓ;101992.42
8;2014;8744 - APOIO A ALIMENTACAO ESCOLAR NA EDUCACAO BASICA (PNAE);EDUCACAO BASICA;12 - Educação;Administração Pública Municipal;AC;JORDÃO;62364.00
4;2014;0969 - APOIO AO TRANSPORTE ESCOLAR NA EDUCACAO BASICA;EDUCACAO BASICA;12 - Educação;Administração Pública Municipal;AC;BRASILÉIA;2285.25
12;2014;8744 - APOIO A ALIMENTACAO ESCOLAR NA EDUCACAO BASICA (PNAE);EDUCACAO BASICA;12 - Educação;Administração Pública Municipal;AC;XAPURI;10720.00
11;2014;0515 - DINHEIRO DIRETO NA ESCOLA PARA A EDUCACAO BASICA;EDUCACAO BASICA;12 - Educação;Entidades Sem Fins Lucrativos;AC;RODRIGUES ALVES;52600.00
8;2014;0969 - APOIO AO TRANSPORTE ESCOLAR NA EDUCACAO BASICA;EDUCACAO BASICA;12 - Educação;Administração Pública Municipal;AC;PORTO WALTER;31777.70
9;2014;0969 - APOIO AO TRANSPORTE ESCOLAR NA EDUCACAO BASICA;EDUCACAO BASICA;12 - Educação;Administração Pública Municipal;AC;MANOEL URBANO;6188.56
4;2014;0969 - APOIO AO TRANSPORTE ESCOLAR NA EDUCACAO BASICA;EDUCACAO BASICA;12 - Educação;Administração Pública Municipal;AC;PORTO WALTER;31777.70
12;2014;0969 - APOIO AO TRANSPORTE ESCOLAR NA EDUCACAO BASICA;EDUCACAO BASICA;12 - Educação;Administração Pública Municipal;AC;SENA MADUREIRA;11863.41
3;2014;8744 - APOIO A ALIMENTACAO ESCOLAR NA EDUCACAO BASICA (PNAE);EDUCACAO BASICA;12 - Educação;Administração Pública Estadual ou do Distrito Federal;AC;RIO BRANCO;1180597.20
8;2014;8744 - APOIO A ALIMENTACAO ESCOLAR NA EDUCACAO BASICA (PNAE);EDUCACAO BASICA;12 - Educação;Administração Pública Municipal;AC;TARAUACÁ;132204.00
12;2014;8744 - APOIO A ALIMENTACAO ESCOLAR NA EDUCACAO BASICA (PNAE);EDUCACAO BASICA;12 - Educação;Administração Pública Municipal;AC;BRASILÉIA;71552.00
3;2014;8744 - APOIO A ALIMENTACAO ESCOLAR NA EDUCACAO BASICA (PNAE);EDUCACAO BASICA;12 - Educação;Administração Pública Municipal;AC;SENA MADUREIRA;55756.00
6;2014;20RP - APOIO A INFRAESTRUTURA PARA A EDUCACAO BASICA;EDUCACAO BASICA;12 - Educação;Administração Pública Estadual ou do Distrito Federal;AC;RIO BRANCO;339843.80
5;2014;0515 - DINHEIRO DIRETO NA ESCOLA PARA A EDUCACAO BASICA;EDUCACAO BASICA;12 - Educação;Administração Pública Municipal;AC;TARAUACÁ;3090.00
4;2014;8744 - APOIO A ALIMENTACAO ESCOLAR NA EDUCACAO BASICA (PNAE);EDUCACAO BASICA;12 - Educação;Administração Pública Municipal;AC;CRUZEIRO DO SUL;233176.00
5;2014;8744 - APOIO A ALIMENTACAO ESCOLAR NA EDUCACAO BASICA (PNAE);EDUCACAO BASICA;12 - Educação;Administração Pública Municipal;AC;MARECHAL THAUMATURGO;52280.00
5;2014;0515 - DINHEIRO DIRETO NA ESCOLA PARA A EDUCACAO BASICA;EDUCACAO BASICA;12 - Educação;Administração Pública Municipal;AC;MÂNCIO LIMA;2380.00
5;2014;0969 - APOIO AO TRANSPORTE ESCOLAR NA EDUCACAO BASICA;EDUCACAO BASICA;12 - Educação;Administração Pública Estadual ou do Distrito Federal;AC;RIO BRANCO;259675.04
10;2014;8744 - APOIO A ALIMENTACAO ESCOLAR NA EDUCACAO BASICA (PNAE);EDUCACAO BASICA;12 - Educação;Administração Pública Municipal;AC;SENADOR GUIOMARD;49942.00
5;2014;0969 - APOIO AO TRANSPORTE ESCOLAR NA EDUCACAO BASICA;EDUCACAO BASICA;12 - Educação;Administração Pública Municipal;AC;MÂNCIO LIMA;12317.45
7;2014;12KV - IMPLANTACAO E ADEQUACAO DE ESTRUTURAS ESPORTIVAS ESCOLARES;EDUCACAO BASICA;12 - Educação;Administração Pública Municipal;AC;TARAUACÁ;73496.72
7;2014;12KV - IMPLANTACAO E ADEQUACAO DE ESTRUTURAS ESPORTIVAS ESCOLARES;EDUCACAO BASICA;12 - Educação;Administração Pública Municipal;AC;FEIJÓ;189988.32
7;2014;8744 - APOIO A ALIMENTACAO ESCOLAR NA EDUCACAO BASICA (PNAE);EDUCACAO BASICA;12 - Educação;Administração Pública Municipal;AC;TARAUACÁ;66582.00
7;2014;0969 - APOIO AO TRANSPORTE ESCOLAR NA EDUCACAO BASICA;EDUCACAO BASICA;12 - Educação;Administração Pública Estadual ou do Distrito Federal;AC;RIO BRANCO;259675.04
7;2014;8790 - APOIO A ALFABETIZACAO E A EDUCACAO DE JOVENS E ADULTOS;EDUCACAO BASICA;12 - Educação;Administração Pública Municipal;AC;MÂNCIO LIMA;24405.05
7;2014;0515 - DINHEIRO DIRETO NA ESCOLA PARA A EDUCACAO BASICA;EDUCACAO BASICA;12 - Educação;Entidades Sem Fins Lucrativos;AC;PLÁCIDO DE CASTRO;83052.63
8;2014;8744 - APOIO A ALIMENTACAO ESCOLAR NA EDUCACAO BASICA (PNAE);EDUCACAO BASICA;12 - Educação;Administração Pública Municipal;AC;PORTO WALTER;51844.00
4;2014;0515 - DINHEIRO DIRETO NA ESCOLA PARA A EDUCACAO BASICA;EDUCACAO BASICA;12 - Educação;Entidades Sem Fins Lucrativos;AC;PORTO ACRE;26657.61
5;2014;0969 - APOIO AO TRANSPORTE ESCOLAR NA EDUCACAO BASICA;EDUCACAO BASICA;12 - Educação;Administração Pública Municipal;AC;CRUZEIRO DO SUL;22549.38
5;2014;0515 - DINHEIRO DIRETO NA ESCOLA PARA A EDUCACAO BASICA;EDUCACAO BASICA;12 - Educação;Administração Pública Municipal;AC;SENADOR GUIOMARD;630.00
5;2014;8744 - APOIO A ALIMENTACAO ESCOLAR NA EDUCACAO BASICA (PNAE);EDUCACAO BASICA;12 - Educação;Administração Pública Municipal;AC;XAPURI;10720.00
7;2014;12KV - IMPLANTACAO E ADEQUACAO DE ESTRUTURAS ESPORTIVAS ESCOLARES;EDUCACAO BASICA;12 - Educação;Administração Pública Municipal;AC;JORDÃO;101991.08
6;2014;8744 - APOIO A ALIMENTACAO ESCOLAR NA EDUCACAO BASICA (PNAE);EDUCACAO BASICA;12 - Educação;Administração Pública Municipal;AC;RODRIGUES ALVES;18480.00
12;2014;8744 - APOIO A ALIMENTACAO ESCOLAR NA EDUCACAO BASICA (PNAE);EDUCACAO BASICA;12 - Educação;Administração Pública Municipal;AC;MANOEL URBANO;14452.00
6;2014;8744 - APOIO A ALIMENTACAO ESCOLAR NA EDUCACAO BASICA (PNAE);EDUCACAO BASICA;12 - Educação;Administração Pública Municipal;AC;EPITACIOLÂNDIA;16512.00
4;2014;0515 - DINHEIRO DIRETO NA ESCOLA PARA A EDUCACAO BASICA;EDUCACAO BASICA;12 - Educação;Entidades Sem Fins Lucrativos;AC;EPITACIOLÂNDIA;62090.00
12;2014;8744 - APOIO A ALIMENTACAO ESCOLAR NA EDUCACAO BASICA (PNAE);EDUCACAO BASICA;12 - Educação;Administração Pública Municipal;AC;TARAUACÁ;70134.00
5;2014;0515 - DINHEIRO DIRETO NA ESCOLA PARA A EDUCACAO BASICA;EDUCACAO BASICA;12 - Educação;Administração Pública Municipal;AC;SENA MADUREIRA;40370.00
3;2014;8744 - APOIO A ALIMENTACAO ESCOLAR NA EDUCACAO BASICA (PNAE);EDUCACAO BASICA;12 - Educação;Administração Pública Municipal;AC;RODRIGUES ALVES;54806.00
11;2014;0515 - DINHEIRO DIRETO NA ESCOLA PARA A EDUCACAO BASICA;EDUCACAO BASICA;12 - Educação;Entidades Sem Fins Lucrativos;AC;SENA MADUREIRA;14000.00
12;2014;8744 - APOIO A ALIMENTACAO ESCOLAR NA EDUCACAO BASICA (PNAE);EDUCACAO BASICA;12 - Educação;Administração Pública Municipal;AC;FEIJÓ;48000.00
3;2014;8744 - APOIO A ALIMENTACAO ESCOLAR NA EDUCACAO BASICA (PNAE);EDUCACAO BASICA;12 - Educação;Administração Pública Municipal;AC;CRUZEIRO DO SUL;116588.00
4;2014;8744 - APOIO A ALIMENTACAO ESCOLAR NA EDUCACAO BASICA (PNAE);EDUCACAO BASICA;12 - Educação;Administração Pública Municipal;AC;MÂNCIO LIMA;63116.00
8;2014;8744 - APOIO A ALIMENTACAO ESCOLAR NA EDUCACAO BASICA (PNAE);EDUCACAO BASICA;12 - Educação;Administração Pública Municipal;AC;RIO BRANCO;470800.00
10;2014;0969 - APOIO AO TRANSPORTE ESCOLAR NA EDUCACAO BASICA;EDUCACAO BASICA;12 - Educação;Administração Pública Municipal;AC;ACRELÂNDIA;13096.42
9;2014;0969 - APOIO AO TRANSPORTE ESCOLAR NA EDUCACAO BASICA;EDUCACAO BASICA;12 - Educação;Administração Pública Municipal;AC;RODRIGUES ALVES;7896.00
5;2014;12KU - APOIO A IMPLANTACAO DE ESCOLAS PARA EDUCACAO INFANTIL;EDUCACAO BASICA;12 - Educação;Administração Pública Municipal;AC;RIO BRANCO;863696.68
12;2014;8744 - APOIO A ALIMENTACAO ESCOLAR NA EDUCACAO BASICA (PNAE);EDUCACAO BASICA;12 - Educação;Administração Pública Municipal;AC;SENA MADUREIRA;112016.00
1;2014;0509 - APOIO AO DESENVOLVIMENTO DA EDUCACAO BASICA;EDUCACAO BASICA;12 - Educação;Administração Pública Municipal;AC;SENA MADUREIRA;465606.59
2;2014;20RP - APOIO A INFRAESTRUTURA PARA A EDUCACAO BASICA;EDUCACAO BASICA;12 - Educação;Administração Pública Municipal;AC;SENA MADUREIRA;1194580.31
4;2014;0969 - APOIO AO TRANSPORTE ESCOLAR NA EDUCACAO BASICA;EDUCACAO BASICA;12 - Educação;Administração Pública Municipal;AC;CRUZEIRO DO SUL;45098.76
4;2014;0969 - APOIO AO TRANSPORTE ESCOLAR NA EDUCACAO BASICA;EDUCACAO BASICA;12 - Educação;Administração Pública Municipal;AC;SENADOR GUIOMARD;17764.40
10;2014;8744 - APOIO A ALIMENTACAO ESCOLAR NA EDUCACAO BASICA (PNAE);EDUCACAO BASICA;12 - Educação;Administração Pública Municipal;AC;MANOEL URBANO;28904.00
11;2014;8744 - APOIO A ALIMENTACAO ESCOLAR NA EDUCACAO BASICA (PNAE);EDUCACAO BASICA;12 - Educação;Administração Pública Municipal;AC;CAPIXABA;1440.00
6;2014;8744 - APOIO A ALIMENTACAO ESCOLAR NA EDUCACAO BASICA (PNAE);EDUCACAO BASICA;12 - Educação;Administração Pública Municipal;AC;SENA MADUREIRA;1008.00
11;2014;8744 - APOIO A ALIMENTACAO ESCOLAR NA EDUCACAO BASICA (PNAE);EDUCACAO BASICA;12 - Educação;Administração Pública Municipal;AC;TARAUACÁ;4512.00
9;2014;0515 - DINHEIRO DIRETO NA ESCOLA PARA A EDUCACAO BASICA;EDUCACAO BASICA;12 - Educação;Entidades Sem Fins Lucrativos;AC;TARAUACÁ;69229.00
7;2014;0515 - DINHEIRO DIRETO NA ESCOLA PARA A EDUCACAO BASICA;EDUCACAO BASICA;12 - Educação;Entidades Sem Fins Lucrativos;AC;CRUZEIRO DO SUL;333400.65
9;2014;12KV - IMPLANTACAO E ADEQUACAO DE ESTRUTURAS ESPORTIVAS ESCOLARES;EDUCACAO BASICA;12 - Educação;Administração Pública Municipal;AC;FEIJÓ;18499.85
7;2014;8744 - APOIO A ALIMENTACAO ESCOLAR NA EDUCACAO BASICA (PNAE);EDUCACAO BASICA;12 - Educação;Administração Pública Municipal;AC;CAPIXABA;13932.00
6;2014;8744 - APOIO A ALIMENTACAO ESCOLAR NA EDUCACAO BASICA (PNAE);EDUCACAO BASICA;12 - Educação;Administração Pública Municipal;AC;BRASILÉIA;20736.00
1;2014;12KU - APOIO A IMPLANTACAO DE ESCOLAS PARA EDUCACAO INFANTIL;EDUCACAO BASICA;12 - Educação;Administração Pública Municipal;AC;BRASILÉIA;226838.92
6;2014;0969 - APOIO AO TRANSPORTE ESCOLAR NA EDUCACAO BASICA;EDUCACAO BASICA;12 - Educação;Administração Pública Municipal;AC;EPITACIOLÂNDIA;5891.03
12;2014;0969 - APOIO AO TRANSPORTE ESCOLAR NA EDUCACAO BASICA;EDUCACAO BASICA;12 - Educação;Administração Pública Municipal;AC;CRUZEIRO DO SUL;22549.36
12;2014;0969 - APOIO AO TRANSPORTE ESCOLAR NA EDUCACAO BASICA;EDUCACAO BASICA;12 - Educação;Administração Pública Municipal;AC;ACRELÂNDIA;13096.39
4;2014;0515 - DINHEIRO DIRETO NA ESCOLA PARA A EDUCACAO BASICA;EDUCACAO BASICA;12 - Educação;Entidades Sem Fins Lucrativos;AC;ACRELÂNDIA;26132.09
4;2014;0515 - DINHEIRO DIRETO NA ESCOLA PARA A EDUCACAO BASICA;EDUCACAO BASICA;12 - Educação;Entidades Sem Fins Lucrativos;AC;JORDÃO;5000.00
3;2014;8744 - APOIO A ALIMENTACAO ESCOLAR NA EDUCACAO BASICA (PNAE);EDUCACAO BASICA;12 - Educação;Administração Pública Municipal;AC;SENADOR GUIOMARD;39334.00
5;2014;12KV - IMPLANTACAO E ADEQUACAO DE ESTRUTURAS ESPORTIVAS ESCOLARES;EDUCACAO BASICA;12 - Educação;Administração Pública Municipal;AC;RIO BRANCO;510000.00
3;2014;20RW - APOIO A FORMACAO PROFISSIONAL, CIENTIFICA E TECNOLOGICA;EDUCACAO PROFISSIONAL E TECNOLOGICA;12 - Educação;Administração Pública Estadual ou do Distrito Federal;AC;RIO BRANCO;12375540.00
4;2014;8744 - APOIO A ALIMENTACAO ESCOLAR NA EDUCACAO BASICA (PNAE);EDUCACAO BASICA;12 - Educação;Administração Pública Municipal;AC;RIO BRANCO;468808.00
12;2014;0969 - APOIO AO TRANSPORTE ESCOLAR NA EDUCACAO BASICA;EDUCACAO BASICA;12 - Educação;Administração Pública Municipal;AC;TARAUACÁ;37292.65
11;2014;0515 - DINHEIRO DIRETO NA ESCOLA PARA A EDUCACAO BASICA;EDUCACAO BASICA;12 - Educação;Entidades Sem Fins Lucrativos;AC;SENADOR GUIOMARD;12300.00
12;2014;8744 - APOIO A ALIMENTACAO ESCOLAR NA EDUCACAO BASICA (PNAE);EDUCACAO BASICA;12 - Educação;Administração Pública Municipal;AC;JORDÃO;31320.00
8;2014;8744 - APOIO A ALIMENTACAO ESCOLAR NA EDUCACAO BASICA (PNAE);EDUCACAO BASICA;12 - Educação;Administração Pública Municipal;AC;ACRELÂNDIA;42584.00
7;2014;0969 - APOIO AO TRANSPORTE ESCOLAR NA EDUCACAO BASICA;EDUCACAO BASICA;12 - Educação;Administração Pública Municipal;AC;MANOEL URBANO;6188.56
4;2014;0969 - APOIO AO TRANSPORTE ESCOLAR NA EDUCACAO BASICA;EDUCACAO BASICA;12 - Educação;Administração Pública Municipal;AC;EPITACIOLÂNDIA;11782.06
5;2014;8744 - APOIO A ALIMENTACAO ESCOLAR NA EDUCACAO BASICA (PNAE);EDUCACAO BASICA;12 - Educação;Administração Pública Municipal;AC;EPITACIOLÂNDIA;20760.00
10;2014;8744 - APOIO A ALIMENTACAO ESCOLAR NA EDUCACAO BASICA (PNAE);EDUCACAO BASICA;12 - Educação;Administração Pública Municipal;AC;CAPIXABA;27864.00
7;2014;8744 - APOIO A ALIMENTACAO ESCOLAR NA EDUCACAO BASICA (PNAE);EDUCACAO BASICA;12 - Educação;Administração Pública Municipal;AC;MARECHAL THAUMATURGO;52280.00
12;2014;8744 - APOIO A ALIMENTACAO ESCOLAR NA EDUCACAO BASICA (PNAE);EDUCACAO BASICA;12 - Educação;Administração Pública Municipal;AC;CRUZEIRO DO SUL;112968.00
11;2014;8744 - APOIO A ALIMENTACAO ESCOLAR NA EDUCACAO BASICA (PNAE);EDUCACAO BASICA;12 - Educação;Administração Pública Municipal;AC;BRASILÉIA;5952.00
4;2014;8744 - APOIO A ALIMENTACAO ESCOLAR NA EDUCACAO BASICA (PNAE);EDUCACAO BASICA;12 - Educação;Administração Pública Municipal;AC;PORTO WALTER;36460.00
5;2014;8744 - APOIO A ALIMENTACAO ESCOLAR NA EDUCACAO BASICA (PNAE);EDUCACAO BASICA;12 - Educação;Administração Pública Municipal;AC;MÂNCIO LIMA;63116.00
10;2014;0969 - APOIO AO TRANSPORTE ESCOLAR NA EDUCACAO BASICA;EDUCACAO BASICA;12 - Educação;Administração Pública Municipal;AC;TARAUACÁ;37292.69
9;2014;0515 - DINHEIRO DIRETO NA ESCOLA PARA A EDUCACAO BASICA;EDUCACAO BASICA;12 - Educação;Entidades Sem Fins Lucrativos;AC;MÂNCIO LIMA;11979.00
9;2014;2A95 - ELEVACAO DA ESCOLARIDADE E QUALIFICACAO PROFISSIONAL - PROJOVEM;EDUCACAO BASICA;12 - Educação;Administração Pública Municipal;AC;MÂNCIO LIMA;122550.00
5;2014;8744 - APOIO A ALIMENTACAO ESCOLAR NA EDUCACAO BASICA (PNAE);EDUCACAO BASICA;12 - Educação;Administração Pública Municipal;AC;MANOEL URBANO;14452.00
12;2014;8744 - APOIO A ALIMENTACAO ESCOLAR NA EDUCACAO BASICA (PNAE);EDUCACAO BASICA;12 - Educação;Administração Pública Municipal;AC;PORTO ACRE;14058.00
11;2014;0515 - DINHEIRO DIRETO NA ESCOLA PARA A EDUCACAO BASICA;EDUCACAO BASICA;12 - Educação;Entidades Sem Fins Lucrativos;AC;PORTO ACRE;14000.00
5;2014;0515 - DINHEIRO DIRETO NA ESCOLA PARA A EDUCACAO BASICA;EDUCACAO BASICA;12 - Educação;Administração Pública Estadual ou do Distrito Federal;AC;RIO BRANCO;182880.00
10;2014;8744 - APOIO A ALIMENTACAO ESCOLAR NA EDUCACAO BASICA (PNAE);EDUCACAO BASICA;12 - Educação;Administração Pública Municipal;AC;PORTO WALTER;48998.00
5;2014;0515 - DINHEIRO DIRETO NA ESCOLA PARA A EDUCACAO BASICA;EDUCACAO BASICA;12 - Educação;Entidades Sem Fins Lucrativos;AC;PLÁCIDO DE CASTRO;64300.99
4;2014;0515 - DINHEIRO DIRETO NA ESCOLA PARA A EDUCACAO BASICA;EDUCACAO BASICA;12 - Educação;Entidades Sem Fins Lucrativos;AC;BRASILÉIA;51859.30
10;2014;0515 - DINHEIRO DIRETO NA ESCOLA PARA A EDUCACAO BASICA;EDUCACAO BASICA;12 - Educação;Entidades Sem Fins Lucrativos;AC;MÂNCIO LIMA;20000.00
9;2014;0969 - APOIO AO TRANSPORTE ESCOLAR NA EDUCACAO BASICA;EDUCACAO BASICA;12 - Educação;Administração Pública Municipal;AC;FEIJÓ;31151.68
5;2014;0515 - DINHEIRO DIRETO NA ESCOLA PARA A EDUCACAO BASICA;EDUCACAO BASICA;12 - Educação;Entidades Sem Fins Lucrativos;AC;MÂNCIO LIMA;27762.77
7;2014;0969 - APOIO AO TRANSPORTE ESCOLAR NA EDUCACAO BASICA;EDUCACAO BASICA;12 - Educação;Administração Pública Municipal;AC;RIO BRANCO;12953.76
1;2014;12KU - APOIO A IMPLANTACAO DE ESCOLAS PARA EDUCACAO INFANTIL;EDUCACAO BASICA;12 - Educação;Administração Pública Municipal;AC;SANTA ROSA DO PURUS;226951.42
11;2014;0515 - DINHEIRO DIRETO NA ESCOLA PARA A EDUCACAO BASICA;EDUCACAO BASICA;12 - Educação;Entidades Sem Fins Lucrativos;AC;FEIJÓ;40300.00
5;2014;0969 - APOIO AO TRANSPORTE ESCOLAR NA EDUCACAO BASICA;EDUCACAO BASICA;12 - Educação;Administração Pública Municipal;AC;XAPURI;4492.42
6;2014;8744 - APOIO A ALIMENTACAO ESCOLAR NA EDUCACAO BASICA (PNAE);EDUCACAO BASICA;12 - Educação;Administração Pública Municipal;AC;PORTO WALTER;61536.00
8;2014;0969 - APOIO AO TRANSPORTE ESCOLAR NA EDUCACAO BASICA;EDUCACAO BASICA;12 - Educação;Administração Pública Municipal;AC;SANTA ROSA DO PURUS;8724.68
10;2014;8744 - APOIO A ALIMENTACAO ESCOLAR NA EDUCACAO BASICA (PNAE);EDUCACAO BASICA;12 - Educação;Administração Pública Municipal;AC;MÂNCIO LIMA;36550.00
11;2014;8744 - APOIO A ALIMENTACAO ESCOLAR NA EDUCACAO BASICA (PNAE);EDUCACAO BASICA;12 - Educação;Administração Pública Municipal;AC;PLÁCIDO DE CASTRO;7560.00
4;2014;0969 - APOIO AO TRANSPORTE ESCOLAR NA EDUCACAO BASICA;EDUCACAO BASICA;12 - Educação;Administração Pública Municipal;AC;SENA MADUREIRA;23726.88
8;2014;0515 - DINHEIRO DIRETO NA ESCOLA PARA A EDUCACAO BASICA;EDUCACAO BASICA;12 - Educação;Entidades Sem Fins Lucrativos;AC;PORTO ACRE;18602.00
4;2014;0969 - APOIO AO TRANSPORTE ESCOLAR NA EDUCACAO BASICA;EDUCACAO BASICA;12 - Educação;Administração Pública Municipal;AC;RODRIGUES ALVES;15792.00
6;2014;0969 - APOIO AO TRANSPORTE ESCOLAR NA EDUCACAO BASICA;EDUCACAO BASICA;12 - Educação;Administração Pública Municipal;AC;SENA MADUREIRA;11863.44
4;2014;8744 - APOIO A ALIMENTACAO ESCOLAR NA EDUCACAO BASICA (PNAE);EDUCACAO BASICA;12 - Educação;Administração Pública Municipal;AC;EPITACIOLÂNDIA;41520.00
3;2014;8744 - APOIO A ALIMENTACAO ESCOLAR NA EDUCACAO BASICA (PNAE);EDUCACAO BASICA;12 - Educação;Administração Pública Municipal;AC;EPITACIOLÂNDIA;20760.00
8;2014;0515 - DINHEIRO DIRETO NA ESCOLA PARA A EDUCACAO BASICA;EDUCACAO BASICA;12 - Educação;Entidades Sem Fins Lucrativos;AC;XAPURI;78363.92
10;2014;0969 - APOIO AO TRANSPORTE ESCOLAR NA EDUCACAO BASICA;EDUCACAO BASICA;12 - Educação;Administração Pública Municipal;AC;XAPURI;4492.42
5;2014;8744 - APOIO A ALIMENTACAO ESCOLAR NA EDUCACAO BASICA (PNAE);EDUCACAO BASICA;12 - Educação;Administração Pública Municipal;AC;PORTO WALTER;18230.00
8;2014;8744 - APOIO A ALIMENTACAO ESCOLAR NA EDUCACAO BASICA (PNAE);EDUCACAO BASICA;12 - Educação;Administração Pública Municipal;AC;BUJARI;31420.00
8;2014;12KV - IMPLANTACAO E ADEQUACAO DE ESTRUTURAS ESPORTIVAS ESCOLARES;EDUCACAO BASICA;12 - Educação;Administração Pública Municipal;AC;MANOEL URBANO;101991.19
10;2014;8744 - APOIO A ALIMENTACAO ESCOLAR NA EDUCACAO BASICA (PNAE);EDUCACAO BASICA;12 - Educação;Administração Pública Municipal;AC;EPITACIOLÂNDIA;29016.00
10;2014;0515 - DINHEIRO DIRETO NA ESCOLA PARA A EDUCACAO BASICA;EDUCACAO BASICA;12 - Educação;Entidades Sem Fins Lucrativos;AC;CAPIXABA;33650.00
4;2014;0969 - APOIO AO TRANSPORTE ESCOLAR NA EDUCACAO BASICA;EDUCACAO BASICA;12 - Educação;Administração Pública Municipal;AC;SANTA ROSA DO PURUS;8724.68
10;2014;0969 - APOIO AO TRANSPORTE ESCOLAR NA EDUCACAO BASICA;EDUCACAO BASICA;12 - Educação;Administração Pública Municipal;AC;SENADOR GUIOMARD;8882.20
4;2014;0969 - APOIO AO TRANSPORTE ESCOLAR NA EDUCACAO BASICA;EDUCACAO BASICA;12 - Educação;Administração Pública Municipal;AC;TARAUACÁ;74585.38
4;2014;0969 - APOIO AO TRANSPORTE ESCOLAR NA EDUCACAO BASICA;EDUCACAO BASICA;12 - Educação;Administração Pública Municipal;AC;MANOEL URBANO;12377.12
7;2014;8744 - APOIO A ALIMENTACAO ESCOLAR NA EDUCACAO BASICA (PNAE);EDUCACAO BASICA;12 - Educação;Administração Pública Municipal;AC;EPITACIOLÂNDIA;24888.00
5;2014;0515 - DINHEIRO DIRETO NA ESCOLA PARA A EDUCACAO BASICA;EDUCACAO BASICA;12 - Educação;Administração Pública Municipal;AC;RODRIGUES ALVES;15270.00
10;2014;0515 - DINHEIRO DIRETO NA ESCOLA PARA A EDUCACAO BASICA;EDUCACAO BASICA;12 - Educação;Entidades Sem Fins Lucrativos;AC;SENA MADUREIRA;50000.00
9;2014;0969 - APOIO AO TRANSPORTE ESCOLAR NA EDUCACAO BASICA;EDUCACAO BASICA;12 - Educação;Administração Pública Municipal;AC;MARECHAL THAUMATURGO;37736.01
10;2014;0969 - APOIO AO TRANSPORTE ESCOLAR NA EDUCACAO BASICA;EDUCACAO BASICA;12 - Educação;Administração Pública Municipal;AC;BRASILÉIA;3926.25
7;2014;0515 - DINHEIRO DIRETO NA ESCOLA PARA A EDUCACAO BASICA;EDUCACAO BASICA;12 - Educação;Administração Pública Municipal;AC;CAPIXABA;5520.00
5;2014;0969 - APOIO AO TRANSPORTE ESCOLAR NA EDUCACAO BASICA;EDUCACAO BASICA;12 - Educação;Administração Pública Municipal;AC;MANOEL URBANO;6188.56
10;2014;12KU - APOIO A IMPLANTACAO DE ESCOLAS PARA EDUCACAO INFANTIL;QUALIDADE NA ESCOLA;12 - Educação;Administração Pública Municipal;AC;MÂNCIO LIMA;154999.99
7;2014;0515 - DINHEIRO DIRETO NA ESCOLA PARA A EDUCACAO BASICA;EDUCACAO BASICA;12 - Educação;Entidades Sem Fins Lucrativos;AC;TARAUACÁ;293221.74
6;2014;0515 - DINHEIRO DIRETO NA ESCOLA PARA A EDUCACAO BASICA;EDUCACAO BASICA;12 - Educação;Entidades Sem Fins Lucrativos;AC;EPITACIOLÂNDIA;10000.00
5;2014;0515 - DINHEIRO DIRETO NA ESCOLA PARA A EDUCACAO BASICA;EDUCACAO BASICA;12 - Educação;Entidades Sem Fins Lucrativos;AC;BUJARI;20787.51
7;2014;8744 - APOIO A ALIMENTACAO ESCOLAR NA EDUCACAO BASICA (PNAE);EDUCACAO BASICA;12 - Educação;Administração Pública Estadual ou do Distrito Federal;AC;RIO BRANCO;1226749.20
10;2014;8744 - APOIO A ALIMENTACAO ESCOLAR NA EDUCACAO BASICA (PNAE);EDUCACAO BASICA;12 - Educação;Administração Pública Estadual ou do Distrito Federal;AC;RIO BRANCO;1286557.20
10;2014;8744 - APOIO A ALIMENTACAO ESCOLAR NA EDUCACAO BASICA (PNAE);EDUCACAO BASICA;12 - Educação;Administração Pública Municipal;AC;CRUZEIRO DO SUL;110568.00
9;2014;12KV - IMPLANTACAO E ADEQUACAO DE ESTRUTURAS ESPORTIVAS ESCOLARES;EDUCACAO BASICA;12 - Educação;Administração Pública Municipal;AC;SANTA ROSA DO PURUS;127498.24
5;2014;0969 - APOIO AO TRANSPORTE ESCOLAR NA EDUCACAO BASICA;EDUCACAO BASICA;12 - Educação;Administração Pública Municipal;AC;MARECHAL THAUMATURGO;37736.01
7;2014;12KV - IMPLANTACAO E ADEQUACAO DE ESTRUTURAS ESPORTIVAS ESCOLARES;EDUCACAO BASICA;12 - Educação;Administração Pública Municipal;AC;CAPIXABA;101999.99
8;2014;0969 - APOIO AO TRANSPORTE ESCOLAR NA EDUCACAO BASICA;EDUCACAO BASICA;12 - Educação;Administração Pública Municipal;AC;TARAUACÁ;74585.38
7;2014;20RP - APOIO A INFRAESTRUTURA PARA A EDUCACAO BASICA;EDUCACAO BASICA;12 - Educação;Administração Pública Municipal;AC;BUJARI;909950.02
7;2014;8744 - APOIO A ALIMENTACAO ESCOLAR NA EDUCACAO BASICA (PNAE);EDUCACAO BASICA;12 - Educação;Administração Pública Municipal;AC;ACRELÂNDIA;63876.00
5;2014;0515 - DINHEIRO DIRETO NA ESCOLA PARA A EDUCACAO BASICA;EDUCACAO BASICA;12 - Educação;Entidades Sem Fins Lucrativos;AC;XAPURI;58229.25
10;2014;20RP - APOIO A INFRAESTRUTURA PARA A EDUCACAO BASICA;EDUCACAO BASICA;12 - Educação;Administração Pública Estadual ou do Distrito Federal;AC;RIO BRANCO;3283542.11
10;2014;0515 - DINHEIRO DIRETO NA ESCOLA PARA A EDUCACAO BASICA;EDUCACAO BASICA;12 - Educação;Entidades Sem Fins Lucrativos;AC;ACRELÂNDIA;21000.00
5;2014;0515 - DINHEIRO DIRETO NA ESCOLA PARA A EDUCACAO BASICA;EDUCACAO BASICA;12 - Educação;Administração Pública Municipal;AC;PORTO ACRE;791.99
12;2014;0515 - DINHEIRO DIRETO NA ESCOLA PARA A EDUCACAO BASICA;EDUCACAO BASICA;12 - Educação;Entidades Sem Fins Lucrativos;AC;CAPIXABA;5144.33
8;2014;12KV - IMPLANTACAO E ADEQUACAO DE ESTRUTURAS ESPORTIVAS ESCOLARES;EDUCACAO BASICA;12 - Educação;Administração Pública Municipal;AC;PORTO ACRE;100392.65
6;2014;8744 - APOIO A ALIMENTACAO ESCOLAR NA EDUCACAO BASICA (PNAE);EDUCACAO BASICA;12 - Educação;Administração Pública Municipal;AC;PLÁCIDO DE CASTRO;960.00
4;2014;0969 - APOIO AO TRANSPORTE ESCOLAR NA EDUCACAO BASICA;EDUCACAO BASICA;12 - Educação;Administração Pública Municipal;AC;CAPIXABA;25887.34
8;2014;12KV - IMPLANTACAO E ADEQUACAO DE ESTRUTURAS ESPORTIVAS ESCOLARES;EDUCACAO BASICA;12 - Educação;Administração Pública Municipal;AC;JORDÃO;50995.54
5;2014;0515 - DINHEIRO DIRETO NA ESCOLA PARA A EDUCACAO BASICA;EDUCACAO BASICA;12 - Educação;Entidades Sem Fins Lucrativos;AC;MANOEL URBANO;13158.80
7;2014;0515 - DINHEIRO DIRETO NA ESCOLA PARA A EDUCACAO BASICA;EDUCACAO BASICA;12 - Educação;Entidades Sem Fins Lucrativos;AC;JORDÃO;25750.00
5;2014;0515 - DINHEIRO DIRETO NA ESCOLA PARA A EDUCACAO BASICA;EDUCACAO BASICA;12 - Educação;Entidades Sem Fins Lucrativos;AC;SENADOR GUIOMARD;83323.68
5;2014;0515 - DINHEIRO DIRETO NA ESCOLA PARA A EDUCACAO BASICA;EDUCACAO BASICA;12 - Educação;Entidades Sem Fins Lucrativos;AC;CAPIXABA;16230.00
7;2014;8744 - APOIO A ALIMENTACAO ESCOLAR NA EDUCACAO BASICA (PNAE);EDUCACAO BASICA;12 - Educação;Administração Pública Municipal;AC;SANTA ROSA DO PURUS;25248.00
8;2014;0515 - DINHEIRO DIRETO NA ESCOLA PARA A EDUCACAO BASICA;EDUCACAO BASICA;12 - Educação;Entidades Sem Fins Lucrativos;AC;SENADOR GUIOMARD;242270.52
9;2014;0969 - APOIO AO TRANSPORTE ESCOLAR NA EDUCACAO BASICA;EDUCACAO BASICA;12 - Educação;Administração Pública Municipal;AC;RIO BRANCO;12953.76
7;2014;0E53 - AQUISICAO DE VEICULOS PARA O TRANSPORTE ESCOLAR DA EDUCACAO BASICA - CAMINHO DA ESCOLA;EDUCACAO BASICA;12 - Educação;Administração Pública Municipal;AC;RIO BRANCO;697500.00
7;2014;8744 - APOIO A ALIMENTACAO ESCOLAR NA EDUCACAO BASICA (PNAE);EDUCACAO BASICA;12 - Educação;Administração Pública Municipal;AC;BUJARI;15710.00
7;2014;0515 - DINHEIRO DIRETO NA ESCOLA PARA A EDUCACAO BASICA;EDUCACAO BASICA;12 - Educação;Entidades Sem Fins Lucrativos;AC;FEIJÓ;349724.82
8;2014;0969 - APOIO AO TRANSPORTE ESCOLAR NA EDUCACAO BASICA;EDUCACAO BASICA;12 - Educação;Administração Pública Municipal;AC;JORDÃO;27592.50
4;2014;0515 - DINHEIRO DIRETO NA ESCOLA PARA A EDUCACAO BASICA;EDUCACAO BASICA;12 - Educação;Entidades Sem Fins Lucrativos;AC;BUJARI;29120.00
9;2014;0515 - DINHEIRO DIRETO NA ESCOLA PARA A EDUCACAO BASICA;EDUCACAO BASICA;12 - Educação;Entidades Sem Fins Lucrativos;AC;CRUZEIRO DO SUL;296792.78
12;2014;8744 - APOIO A ALIMENTACAO ESCOLAR NA EDUCACAO BASICA (PNAE);EDUCACAO BASICA;12 - Educação;Administração Pública Municipal;AC;PORTO WALTER;67228.00
8;2014;8744 - APOIO A ALIMENTACAO ESCOLAR NA EDUCACAO BASICA (PNAE);EDUCACAO BASICA;12 - Educação;Administração Pública Municipal;AC;EPITACIOLÂNDIA;45648.00
3;2014;0509 - APOIO AO DESENVOLVIMENTO DA EDUCACAO BASICA;EDUCACAO BASICA;12 - Educação;Administração Pública Estadual ou do Distrito Federal;AC;RIO BRANCO;21228.70
8;2014;8744 - APOIO A ALIMENTACAO ESCOLAR NA EDUCACAO BASICA (PNAE);EDUCACAO BASICA;12 - Educação;Administração Pública Municipal;AC;MARECHAL THAUMATURGO;104560.00
10;2014;8744 - APOIO A ALIMENTACAO ESCOLAR NA EDUCACAO BASICA (PNAE);EDUCACAO BASICA;12 - Educação;Administração Pública Municipal;AC;JORDÃO;62640.00
8;2014;0515 - DINHEIRO DIRETO NA ESCOLA PARA A EDUCACAO BASICA;EDUCACAO BASICA;12 - Educação;Entidades Sem Fins Lucrativos;AC;PLÁCIDO DE CASTRO;165736.56
12;2014;0969 - APOIO AO TRANSPORTE ESCOLAR NA EDUCACAO BASICA;EDUCACAO BASICA;12 - Educação;Administração Pública Municipal;AC;JORDÃO;13796.21
4;2014;8652 - APOIO A REDE PUBLICA NAO FEDERAL DE EDUCACAO PROFISSIONAL, CIENTIFICA E TECNOLOGICA;DESENVOLVIMENTO DA EDUCAÇÃO PROFISSIONAL E TECNOLÓGICA;12 - Educação;Administração Pública Estadual ou do Distrito Federal;AC;RIO BRANCO;5470720.96
5;2014;0515 - DINHEIRO DIRETO NA ESCOLA PARA A EDUCACAO BASICA;EDUCACAO BASICA;12 - Educação;Administração Pública Municipal;AC;MARECHAL THAUMATURGO;22740.00
8;2014;0515 - DINHEIRO DIRETO NA ESCOLA PARA A EDUCACAO BASICA;EDUCACAO BASICA;12 - Educação;Entidades Sem Fins Lucrativos;AC;TARAUACÁ;142829.01
4;2014;8744 - APOIO A ALIMENTACAO ESCOLAR NA EDUCACAO BASICA (PNAE);EDUCACAO BASICA;12 - Educação;Administração Pública Municipal;AC;FEIJÓ;140832.00
4;2014;0969 - APOIO AO TRANSPORTE ESCOLAR NA EDUCACAO BASICA;EDUCACAO BASICA;12 - Educação;Administração Pública Municipal;AC;RIO BRANCO;25907.52
3;2014;8744 - APOIO A ALIMENTACAO ESCOLAR NA EDUCACAO BASICA (PNAE);EDUCACAO BASICA;12 - Educação;Administração Pública Municipal;AC;MARECHAL THAUMATURGO;52280.00
3;2014;12KV - IMPLANTACAO E ADEQUACAO DE ESTRUTURAS ESPORTIVAS ESCOLARES;EDUCACAO BASICA;12 - Educação;Administração Pública Municipal;AC;RIO BRANCO;36704.31
8;2014;0969 - APOIO AO TRANSPORTE ESCOLAR NA EDUCACAO BASICA;EDUCACAO BASICA;12 - Educação;Administração Pública Municipal;AC;MÂNCIO LIMA;24634.90
6;2014;8744 - APOIO A ALIMENTACAO ESCOLAR NA EDUCACAO BASICA (PNAE);EDUCACAO BASICA;12 - Educação;Administração Pública Municipal;AC;RIO BRANCO;7968.00
10;2014;0969 - APOIO AO TRANSPORTE ESCOLAR NA EDUCACAO BASICA;EDUCACAO BASICA;12 - Educação;Administração Pública Municipal;AC;PORTO WALTER;15888.85
11;2014;8744 - APOIO A ALIMENTACAO ESCOLAR NA EDUCACAO BASICA (PNAE);EDUCACAO BASICA;12 - Educação;Administração Pública Municipal;AC;SANTA ROSA DO PURUS;2652.00
1;2014;0509 - APOIO AO DESENVOLVIMENTO DA EDUCACAO BASICA;EDUCACAO BASICA;12 - Educação;Administração Pública Municipal;AC;MÂNCIO LIMA;66802.70
8;2014;8744 - APOIO A ALIMENTACAO ESCOLAR NA EDUCACAO BASICA (PNAE);EDUCACAO BASICA;12 - Educação;Administração Pública Municipal;AC;CAPIXABA;27864.00
10;2014;0969 - APOIO AO TRANSPORTE ESCOLAR NA EDUCACAO BASICA;EDUCACAO BASICA;12 - Educação;Administração Pública Municipal;AC;RIO BRANCO;12953.76
7;2014;20RH - GERENCIAMENTO DAS POLITICAS DE EDUCACAO;PROGRAMA DE GESTAO E MANUTENCAO DO MINISTERIO DA EDUCACAO;12 - Educação;Administração Pública Estadual ou do Distrito Federal;AC;RIO BRANCO;676.22
10;2014;8744 - APOIO A ALIMENTACAO ESCOLAR NA EDUCACAO BASICA (PNAE);EDUCACAO BASICA;12 - Educação;Administração Pública Municipal;AC;RODRIGUES ALVES;64046.00
7;2014;0515 - DINHEIRO DIRETO NA ESCOLA PARA A EDUCACAO BASICA;EDUCACAO BASICA;12 - Educação;Entidades Sem Fins Lucrativos;AC;SENA MADUREIRA;174249.85
4;2014;8744 - APOIO A ALIMENTACAO ESCOLAR NA EDUCACAO BASICA (PNAE);EDUCACAO BASICA;12 - Educação;Administração Pública Municipal;AC;SENA MADUREIRA;111512.00
8;2014;0969 - APOIO AO TRANSPORTE ESCOLAR NA EDUCACAO BASICA;EDUCACAO BASICA;12 - Educação;Administração Pública Municipal;AC;ACRELÂNDIA;26192.84
5;2014;8744 - APOIO A ALIMENTACAO ESCOLAR NA EDUCACAO BASICA (PNAE);EDUCACAO BASICA;12 - Educação;Administração Pública Municipal;AC;SENADOR GUIOMARD;39334.00
5;2014;0969 - APOIO AO TRANSPORTE ESCOLAR NA EDUCACAO BASICA;EDUCACAO BASICA;12 - Educação;Administração Pública Municipal;AC;SANTA ROSA DO PURUS;4362.34
10;2014;8744 - APOIO A ALIMENTACAO ESCOLAR NA EDUCACAO BASICA (PNAE);EDUCACAO BASICA;12 - Educação;Administração Pública Municipal;AC;SENA MADUREIRA;56260.00
5;2014;8744 - APOIO A ALIMENTACAO ESCOLAR NA EDUCACAO BASICA (PNAE);EDUCACAO BASICA;12 - Educação;Administração Pública Municipal;AC;JORDÃO;31044.00
10;2014;0969 - APOIO AO TRANSPORTE ESCOLAR NA EDUCACAO BASICA;EDUCACAO BASICA;12 - Educação;Administração Pública Municipal;AC;RODRIGUES ALVES;7896.00
8;2014;8744 - APOIO A ALIMENTACAO ESCOLAR NA EDUCACAO BASICA (PNAE);EDUCACAO BASICA;12 - Educação;Administração Pública Municipal;AC;CRUZEIRO DO SUL;191036.00
7;2014;0509 - APOIO AO DESENVOLVIMENTO DA EDUCACAO BASICA;EDUCACAO BASICA;12 - Educação;Administração Pública Estadual ou do Distrito Federal;AC;RIO BRANCO;948064.60
5;2014;0969 - APOIO AO TRANSPORTE ESCOLAR NA EDUCACAO BASICA;EDUCACAO BASICA;12 - Educação;Administração Pública Municipal;AC;RIO BRANCO;12953.76
3;2014;20RV - APOIO A MANUTENCAO DA EDUCACAO INFANTIL;EDUCACAO BASICA;12 - Educação;Administração Pública Municipal;AC;PLÁCIDO DE CASTRO;34436.82
5;2014;0969 - APOIO AO TRANSPORTE ESCOLAR NA EDUCACAO BASICA;EDUCACAO BASICA;12 - Educação;Administração Pública Municipal;AC;PORTO WALTER;15888.85
1;2014;0509 - APOIO AO DESENVOLVIMENTO DA EDUCACAO BASICA;EDUCACAO BASICA;12 - Educação;Administração Pública Estadual ou do Distrito Federal;AC;RIO BRANCO;7865824.76
5;2014;8744 - APOIO A ALIMENTACAO ESCOLAR NA EDUCACAO BASICA (PNAE);EDUCACAO BASICA;12 - Educação;Administração Pública Municipal;AC;BUJARI;15710.00
5;2014;8744 - APOIO A ALIMENTACAO ESCOLAR NA EDUCACAO BASICA (PNAE);EDUCACAO BASICA;12 - Educação;Administração Pública Municipal;AC;SANTA ROSA DO PURUS;22596.00
10;2014;0969 - APOIO AO TRANSPORTE ESCOLAR NA EDUCACAO BASICA;EDUCACAO BASICA;12 - Educação;Administração Pública Municipal;AC;JORDÃO;13796.25
8;2014;8744 - APOIO A ALIMENTACAO ESCOLAR NA EDUCACAO BASICA (PNAE);EDUCACAO BASICA;12 - Educação;Administração Pública Municipal;AC;SANTA ROSA DO PURUS;47844.00
7;2014;0969 - APOIO AO TRANSPORTE ESCOLAR NA EDUCACAO BASICA;EDUCACAO BASICA;12 - Educação;Administração Pública Municipal;AC;FEIJÓ;31151.68
4;2014;0515 - DINHEIRO DIRETO NA ESCOLA PARA A EDUCACAO BASICA;EDUCACAO BASICA;12 - Educação;Entidades Sem Fins Lucrativos;AC;RIO BRANCO;695519.60
7;2014;0969 - APOIO AO TRANSPORTE ESCOLAR NA EDUCACAO BASICA;EDUCACAO BASICA;12 - Educação;Administração Pública Municipal;AC;BRASILÉIA;3926.25
9;2014;0515 - DINHEIRO DIRETO NA ESCOLA PARA A EDUCACAO BASICA;EDUCACAO BASICA;12 - Educação;Entidades Sem Fins Lucrativos;AC;EPITACIOLÂNDIA;1200.00
8;2014;8744 - APOIO A ALIMENTACAO ESCOLAR NA EDUCACAO BASICA (PNAE);EDUCACAO BASICA;12 - Educação;Administração Pública Municipal;AC;SENADOR GUIOMARD;80252.00
7;2014;0515 - DINHEIRO DIRETO NA ESCOLA PARA A EDUCACAO BASICA;EDUCACAO BASICA;12 - Educação;Entidades Sem Fins Lucrativos;AC;MARECHAL THAUMATURGO;20000.00
10;2014;12KV - IMPLANTACAO E ADEQUACAO DE ESTRUTURAS ESPORTIVAS ESCOLARES;EDUCACAO BASICA;12 - Educação;Administração Pública Municipal;AC;ASSIS BRASIL;55499.74
8;2014;8744 - APOIO A ALIMENTACAO ESCOLAR NA EDUCACAO BASICA (PNAE);EDUCACAO BASICA;12 - Educação;Administração Pública Municipal;AC;RODRIGUES ALVES;114232.00
7;2014;0969 - APOIO AO TRANSPORTE ESCOLAR NA EDUCACAO BASICA;EDUCACAO BASICA;12 - Educação;Administração Pública Municipal;AC;XAPURI;4492.42
8;2014;8744 - APOIO A ALIMENTACAO ESCOLAR NA EDUCACAO BASICA (PNAE);EDUCACAO BASICA;12 - Educação;Administração Pública Municipal;AC;FEIJÓ;94428.00
10;2014;20RH - GERENCIAMENTO DAS POLITICAS DE EDUCACAO;PROGRAMA DE GESTAO E MANUTENCAO DO MINISTERIO DA EDUCACAO;12 - Educação;Administração Pública Estadual ou do Distrito Federal;AC;RIO BRANCO;1352.44
11;2014;8744 - APOIO A ALIMENTACAO ESCOLAR NA EDUCACAO BASICA (PNAE);EDUCACAO BASICA;12 - Educação;Administração Pública Municipal;AC;FEIJÓ;1056.00
1;2014;12KU - APOIO A IMPLANTACAO DE ESCOLAS PARA EDUCACAO INFANTIL;EDUCACAO BASICA;12 - Educação;Administração Pública Municipal;AC;PLÁCIDO DE CASTRO;130000.00
4;2014;0969 - APOIO AO TRANSPORTE ESCOLAR NA EDUCACAO BASICA;EDUCACAO BASICA;12 - Educação;Administração Pública Municipal;AC;ACRELÂNDIA;26192.84
6;2014;8744 - APOIO A ALIMENTACAO ESCOLAR NA EDUCACAO BASICA (PNAE);EDUCACAO BASICA;12 - Educação;Administração Pública Municipal;AC;TARAUACÁ;3840.00
7;2014;0969 - APOIO AO TRANSPORTE ESCOLAR NA EDUCACAO BASICA;EDUCACAO BASICA;12 - Educação;Administração Pública Municipal;AC;SENADOR GUIOMARD;8882.20
5;2014;0969 - APOIO AO TRANSPORTE ESCOLAR NA EDUCACAO BASICA;EDUCACAO BASICA;12 - Educação;Administração Pública Municipal;AC;PORTO ACRE;4613.58
12;2014;0969 - APOIO AO TRANSPORTE ESCOLAR NA EDUCACAO BASICA;EDUCACAO BASICA;12 - Educação;Administração Pública Municipal;AC;PORTO ACRE;4613.61
5;2014;0515 - DINHEIRO DIRETO NA ESCOLA PARA A EDUCACAO BASICA;EDUCACAO BASICA;12 - Educação;Administração Pública Municipal;AC;RIO BRANCO;5190.00
4;2014;20RP - APOIO A INFRAESTRUTURA PARA A EDUCACAO BASICA;EDUCACAO BASICA;12 - Educação;Administração Pública Estadual ou do Distrito Federal;AC;RIO BRANCO;238189.28
5;2014;0969 - APOIO AO TRANSPORTE ESCOLAR NA EDUCACAO BASICA;EDUCACAO BASICA;12 - Educação;Administração Pública Municipal;AC;ACRELÂNDIA;13096.42
10;2014;8744 - APOIO A ALIMENTACAO ESCOLAR NA EDUCACAO BASICA (PNAE);EDUCACAO BASICA;12 - Educação;Administração Pública Municipal;AC;SANTA ROSA DO PURUS;54288.00
8;2014;8744 - APOIO A ALIMENTACAO ESCOLAR NA EDUCACAO BASICA (PNAE);EDUCACAO BASICA;12 - Educação;Administração Pública Municipal;AC;PLÁCIDO DE CASTRO;43236.00
8;2014;0515 - DINHEIRO DIRETO NA ESCOLA PARA A EDUCACAO BASICA;EDUCACAO BASICA;12 - Educação;Entidades Sem Fins Lucrativos;AC;MANOEL URBANO;14675.00
8;2014;0969 - APOIO AO TRANSPORTE ESCOLAR NA EDUCACAO BASICA;EDUCACAO BASICA;12 - Educação;Administração Pública Estadual ou do Distrito Federal;AC;RIO BRANCO;519350.08
4;2014;8744 - APOIO A ALIMENTACAO ESCOLAR NA EDUCACAO BASICA (PNAE);EDUCACAO BASICA;12 - Educação;Administração Pública Municipal;AC;MARECHAL THAUMATURGO;104560.00
7;2014;0515 - DINHEIRO DIRETO NA ESCOLA PARA A EDUCACAO BASICA;EDUCACAO BASICA;12 - Educação;Entidades Sem Fins Lucrativos;AC;MÂNCIO LIMA;12784.18
9;2014;0515 - DINHEIRO DIRETO NA ESCOLA PARA A EDUCACAO BASICA;EDUCACAO BASICA;12 - Educação;Entidades Sem Fins Lucrativos;AC;PLÁCIDO DE CASTRO;33830.31
8;2014;8744 - APOIO A ALIMENTACAO ESCOLAR NA EDUCACAO BASICA (PNAE);EDUCACAO BASICA;12 - Educação;Administração Pública Municipal;AC;XAPURI;21440.00
8;2014;0969 - APOIO AO TRANSPORTE ESCOLAR NA EDUCACAO BASICA;EDUCACAO BASICA;12 - Educação;Administração Pública Municipal;AC;RODRIGUES ALVES;15792.00
9;2014;0969 - APOIO AO TRANSPORTE ESCOLAR NA EDUCACAO BASICA;EDUCACAO BASICA;12 - Educação;Administração Pública Municipal;AC;JORDÃO;13796.25
7;2014;0969 - APOIO AO TRANSPORTE ESCOLAR NA EDUCACAO BASICA;EDUCACAO BASICA;12 - Educação;Administração Pública Municipal;AC;EPITACIOLÂNDIA;5891.03
10;2014;0969 - APOIO AO TRANSPORTE ESCOLAR NA EDUCACAO BASICA;EDUCACAO BASICA;12 - Educação;Administração Pública Municipal;AC;EPITACIOLÂNDIA;11782.06
8;2014;0969 - APOIO AO TRANSPORTE ESCOLAR NA EDUCACAO BASICA;EDUCACAO BASICA;12 - Educação;Administração Pública Municipal;AC;RIO BRANCO;25907.52
12;2014;0969 - APOIO AO TRANSPORTE ESCOLAR NA EDUCACAO BASICA;EDUCACAO BASICA;12 - Educação;Administração Pública Municipal;AC;SENADOR GUIOMARD;8882.20
3;2014;8744 - APOIO A ALIMENTACAO ESCOLAR NA EDUCACAO BASICA (PNAE);EDUCACAO BASICA;12 - Educação;Administração Pública Municipal;AC;BUJARI;15710.00
4;2014;0969 - APOIO AO TRANSPORTE ESCOLAR NA EDUCACAO BASICA;EDUCACAO BASICA;12 - Educação;Administração Pública Municipal;AC;XAPURI;6467.07
7;2014;0515 - DINHEIRO DIRETO NA ESCOLA PARA A EDUCACAO BASICA;EDUCACAO BASICA;12 - Educação;Entidades Sem Fins Lucrativos;AC;SENADOR GUIOMARD;250352.24
8;2014;8744 - APOIO A ALIMENTACAO ESCOLAR NA EDUCACAO BASICA (PNAE);EDUCACAO BASICA;12 - Educação;Administração Pública Municipal;AC;SENA MADUREIRA;111764.00
10;2014;0969 - APOIO AO TRANSPORTE ESCOLAR NA EDUCACAO BASICA;EDUCACAO BASICA;12 - Educação;Administração Pública Municipal;AC;FEIJÓ;31151.68
4;2014;8744 - APOIO A ALIMENTACAO ESCOLAR NA EDUCACAO BASICA (PNAE);EDUCACAO BASICA;12 - Educação;Administração Pública Municipal;AC;MANOEL URBANO;28904.00
9;2014;0969 - APOIO AO TRANSPORTE ESCOLAR NA EDUCACAO BASICA;EDUCACAO BASICA;12 - Educação;Administração Pública Municipal;AC;SANTA ROSA DO PURUS;4362.34
9;2014;0969 - APOIO AO TRANSPORTE ESCOLAR NA EDUCACAO BASICA;EDUCACAO BASICA;12 - Educação;Administração Pública Municipal;AC;MÂNCIO LIMA;12317.45
4;2014;8744 - APOIO A ALIMENTACAO ESCOLAR NA EDUCACAO BASICA (PNAE);EDUCACAO BASICA;12 - Educação;Administração Pública Municipal;AC;XAPURI;21440.00
5;2014;0515 - DINHEIRO DIRETO NA ESCOLA PARA A EDUCACAO BASICA;EDUCACAO BASICA;12 - Educação;Entidades Sem Fins Lucrativos;AC;BRASILÉIA;50449.62
4;2014;8744 - APOIO A ALIMENTACAO ESCOLAR NA EDUCACAO BASICA (PNAE);EDUCACAO BASICA;12 - Educação;Administração Pública Municipal;AC;PORTO ACRE;28116.00
6;2014;8744 - APOIO A ALIMENTACAO ESCOLAR NA EDUCACAO BASICA (PNAE);EDUCACAO BASICA;12 - Educação;Administração Pública Municipal;AC;FEIJÓ;2160.00
7;2014;0515 - DINHEIRO DIRETO NA ESCOLA PARA A EDUCACAO BASICA;EDUCACAO BASICA;12 - Educação;Entidades Sem Fins Lucrativos;AC;ACRELÂNDIA;23448.81
8;2014;0969 - APOIO AO TRANSPORTE ESCOLAR NA EDUCACAO BASICA;EDUCACAO BASICA;12 - Educação;Administração Pública Municipal;AC;MANOEL URBANO;12377.12
7;2014;0969 - APOIO AO TRANSPORTE ESCOLAR NA EDUCACAO BASICA;EDUCACAO BASICA;12 - Educação;Administração Pública Municipal;AC;MARECHAL THAUMATURGO;37736.01
3;2014;8744 - APOIO A ALIMENTACAO ESCOLAR NA EDUCACAO BASICA (PNAE);EDUCACAO BASICA;12 - Educação;Administração Pública Municipal;AC;JORDÃO;31044.00
4;2014;12KU - APOIO A IMPLANTACAO DE ESCOLAS PARA EDUCACAO INFANTIL;EDUCACAO BASICA;12 - Educação;Administração Pública Municipal;AC;RIO BRANCO;1297534.14
6;2014;0515 - DINHEIRO DIRETO NA ESCOLA PARA A EDUCACAO BASICA;EDUCACAO BASICA;12 - Educação;Entidades Sem Fins Lucrativos;AC;CRUZEIRO DO SUL;8320.00
4;2014;0515 - DINHEIRO DIRETO NA ESCOLA PARA A EDUCACAO BASICA;EDUCACAO BASICA;12 - Educação;Entidades Sem Fins Lucrativos;AC;RODRIGUES ALVES;117960.00
9;2014;0515 - DINHEIRO DIRETO NA ESCOLA PARA A EDUCACAO BASICA;EDUCACAO BASICA;12 - Educação;Entidades Sem Fins Lucrativos;AC;PORTO WALTER;28771.00
9;2014;0969 - APOIO AO TRANSPORTE ESCOLAR NA EDUCACAO BASICA;EDUCACAO BASICA;12 - Educação;Administração Pública Municipal;AC;SENA MADUREIRA;11863.44
8;2014;12KV - IMPLANTACAO E ADEQUACAO DE ESTRUTURAS ESPORTIVAS ESCOLARES;EDUCACAO BASICA;12 - Educação;Administração Pública Municipal;AC;PORTO WALTER;127494.82
8;2014;12KV - IMPLANTACAO E ADEQUACAO DE ESTRUTURAS ESPORTIVAS ESCOLARES;EDUCACAO BASICA;12 - Educação;Administração Pública Municipal;AC;ASSIS BRASIL;138999.83
10;2014;8744 - APOIO A ALIMENTACAO ESCOLAR NA EDUCACAO BASICA (PNAE);EDUCACAO BASICA;12 - Educação;Administração Pública Municipal;AC;XAPURI;21440.00
12;2014;0969 - APOIO AO TRANSPORTE ESCOLAR NA EDUCACAO BASICA;EDUCACAO BASICA;12 - Educação;Administração Pública Municipal;AC;RODRIGUES ALVES;7896.00
10;2014;8744 - APOIO A ALIMENTACAO ESCOLAR NA EDUCACAO BASICA (PNAE);EDUCACAO BASICA;12 - Educação;Administração Pública Municipal;AC;PLÁCIDO DE CASTRO;57156.00
9;2014;0515 - DINHEIRO DIRETO NA ESCOLA PARA A EDUCACAO BASICA;EDUCACAO BASICA;12 - Educação;Entidades Sem Fins Lucrativos;AC;ACRELÂNDIA;51364.00
9;2014;0969 - APOIO AO TRANSPORTE ESCOLAR NA EDUCACAO BASICA;EDUCACAO BASICA;12 - Educação;Administração Pública Municipal;AC;TARAUACÁ;37292.69
7;2014;8744 - APOIO A ALIMENTACAO ESCOLAR NA EDUCACAO BASICA (PNAE);EDUCACAO BASICA;12 - Educação;Administração Pública Municipal;AC;SENA MADUREIRA;56008.00
8;2014;0515 - DINHEIRO DIRETO NA ESCOLA PARA A EDUCACAO BASICA;EDUCACAO BASICA;12 - Educação;Entidades Sem Fins Lucrativos;AC;RIO BRANCO;1005485.86
5;2014;8744 - APOIO A ALIMENTACAO ESCOLAR NA EDUCACAO BASICA (PNAE);EDUCACAO BASICA;12 - Educação;Administração Pública Municipal;AC;CRUZEIRO DO SUL;116588.00
4;2014;8744 - APOIO A ALIMENTACAO ESCOLAR NA EDUCACAO BASICA (PNAE);EDUCACAO BASICA;12 - Educação;Administração Pública Municipal;AC;BRASILÉIA;90624.00
7;2014;8790 - APOIO A ALFABETIZACAO E A EDUCACAO DE JOVENS E ADULTOS;EDUCACAO BASICA;12 - Educação;Administração Pública Municipal;AC;SANTA ROSA DO PURUS;16320.00
8;2014;0515 - DINHEIRO DIRETO NA ESCOLA PARA A EDUCACAO BASICA;EDUCACAO BASICA;12 - Educação;Entidades Sem Fins Lucrativos;AC;PORTO WALTER;156625.00
5;2014;0969 - APOIO AO TRANSPORTE ESCOLAR NA EDUCACAO BASICA;EDUCACAO BASICA;12 - Educação;Administração Pública Municipal;AC;CAPIXABA;12943.67
9;2014;0969 - APOIO AO TRANSPORTE ESCOLAR NA EDUCACAO BASICA;EDUCACAO BASICA;12 - Educação;Administração Pública Municipal;AC;CRUZEIRO DO SUL;22549.38
5;2014;0515 - DINHEIRO DIRETO NA ESCOLA PARA A EDUCACAO BASICA;EDUCACAO BASICA;12 - Educação;Entidades Sem Fins Lucrativos;AC;ASSIS BRASIL;10610.00
6;2014;12KU - APOIO A IMPLANTACAO DE ESCOLAS PARA EDUCACAO INFANTIL;EDUCACAO BASICA;12 - Educação;Administração Pública Municipal;AC;CRUZEIRO DO SUL;854726.62
5;2014;8744 - APOIO A ALIMENTACAO ESCOLAR NA EDUCACAO BASICA (PNAE);EDUCACAO BASICA;12 - Educação;Administração Pública Municipal;AC;FEIJÓ;46944.00
7;2014;8744 - APOIO A ALIMENTACAO ESCOLAR NA EDUCACAO BASICA (PNAE);EDUCACAO BASICA;12 - Educação;Administração Pública Municipal;AC;PLÁCIDO DE CASTRO;21738.00
1;2014;20RP - APOIO A INFRAESTRUTURA PARA A EDUCACAO BASICA;EDUCACAO BASICA;12 - Educação;Administração Pública Municipal;AC;RIO BRANCO;94076.49
4;2014;0515 - DINHEIRO DIRETO NA ESCOLA PARA A EDUCACAO BASICA;EDUCACAO BASICA;12 - Educação;Entidades Sem Fins Lucrativos;AC;PLÁCIDO DE CASTRO;48358.07
3;2014;20RV - APOIO A MANUTENCAO DA EDUCACAO INFANTIL;EDUCACAO BASICA;12 - Educação;Administração Pública Municipal;AC;RODRIGUES ALVES;415412.75
5;2014;8744 - APOIO A ALIMENTACAO ESCOLAR NA EDUCACAO BASICA (PNAE);EDUCACAO BASICA;12 - Educação;Administração Pública Municipal;AC;SENA MADUREIRA;55756.00
11;2014;8744 - APOIO A ALIMENTACAO ESCOLAR NA EDUCACAO BASICA (PNAE);EDUCACAO BASICA;12 - Educação;Administração Pública Municipal;AC;MARECHAL THAUMATURGO;38832.00
5;2014;8744 - APOIO A ALIMENTACAO ESCOLAR NA EDUCACAO BASICA (PNAE);EDUCACAO BASICA;12 - Educação;Administração Pública Municipal;AC;RODRIGUES ALVES;54806.00
7;2014;8744 - APOIO A ALIMENTACAO ESCOLAR NA EDUCACAO BASICA (PNAE);EDUCACAO BASICA;12 - Educação;Administração Pública Municipal;AC;BRASILÉIA;35392.00
9;2014;0515 - DINHEIRO DIRETO NA ESCOLA PARA A EDUCACAO BASICA;EDUCACAO BASICA;12 - Educação;Entidades Sem Fins Lucrativos;AC;CAPIXABA;15330.91
4;2014;8744 - APOIO A ALIMENTACAO ESCOLAR NA EDUCACAO BASICA (PNAE);EDUCACAO BASICA;12 - Educação;Administração Pública Municipal;AC;SANTA ROSA DO PURUS;45192.00
6;2014;8744 - APOIO A ALIMENTACAO ESCOLAR NA EDUCACAO BASICA (PNAE);EDUCACAO BASICA;12 - Educação;Administração Pública Municipal;AC;JORDÃO;1104.00
9;2014;0969 - APOIO AO TRANSPORTE ESCOLAR NA EDUCACAO BASICA;EDUCACAO BASICA;12 - Educação;Administração Pública Municipal;AC;PORTO ACRE;4613.58
3;2014;8744 - APOIO A ALIMENTACAO ESCOLAR NA EDUCACAO BASICA (PNAE);EDUCACAO BASICA;12 - Educação;Administração Pública Municipal;AC;CAPIXABA;13932.00
11;2014;0515 - DINHEIRO DIRETO NA ESCOLA PARA A EDUCACAO BASICA;EDUCACAO BASICA;12 - Educação;Entidades Sem Fins Lucrativos;AC;TARAUACÁ;14000.00
7;2014;0969 - APOIO AO TRANSPORTE ESCOLAR NA EDUCACAO BASICA;EDUCACAO BASICA;12 - Educação;Administração Pública Municipal;AC;SANTA ROSA DO PURUS;4362.34
10;2014;8744 - APOIO A ALIMENTACAO ESCOLAR NA EDUCACAO BASICA (PNAE);EDUCACAO BASICA;12 - Educação;Administração Pública Municipal;AC;ACRELÂNDIA;62408.00
8;2014;0969 - APOIO AO TRANSPORTE ESCOLAR NA EDUCACAO BASICA;EDUCACAO BASICA;12 - Educação;Administração Pública Municipal;AC;CAPIXABA;25887.34
5;2014;8744 - APOIO A ALIMENTACAO ESCOLAR NA EDUCACAO BASICA (PNAE);EDUCACAO BASICA;12 - Educação;Administração Pública Municipal;AC;BRASILÉIA;30208.00
4;2014;0969 - APOIO AO TRANSPORTE ESCOLAR NA EDUCACAO BASICA;EDUCACAO BASICA;12 - Educação;Administração Pública Estadual ou do Distrito Federal;AC;RIO BRANCO;519350.08
8;2014;0969 - APOIO AO TRANSPORTE ESCOLAR NA EDUCACAO BASICA;EDUCACAO BASICA;12 - Educação;Administração Pública Municipal;AC;SENADOR GUIOMARD;17764.40
5;2014;0515 - DINHEIRO DIRETO NA ESCOLA PARA A EDUCACAO BASICA;EDUCACAO BASICA;12 - Educação;Entidades Sem Fins Lucrativos;AC;PORTO ACRE;96520.00
4;2014;0969 - APOIO AO TRANSPORTE ESCOLAR NA EDUCACAO BASICA;EDUCACAO BASICA;12 - Educação;Administração Pública Municipal;AC;MARECHAL THAUMATURGO;75472.02
9;2014;0969 - APOIO AO TRANSPORTE ESCOLAR NA EDUCACAO BASICA;EDUCACAO BASICA;12 - Educação;Administração Pública Municipal;AC;XAPURI;4492.42
12;2014;0969 - APOIO AO TRANSPORTE ESCOLAR NA EDUCACAO BASICA;EDUCACAO BASICA;12 - Educação;Administração Pública Municipal;AC;RIO BRANCO;12953.78
3;2014;12KV - IMPLANTACAO E ADEQUACAO DE ESTRUTURAS ESPORTIVAS ESCOLARES;QUALIDADE NA ESCOLA;12 - Educação;Administração Pública Estadual ou do Distrito Federal;AC;RIO BRANCO;917999.64
9;2014;0515 - DINHEIRO DIRETO NA ESCOLA PARA A EDUCACAO BASICA;EDUCACAO BASICA;12 - Educação;Entidades Sem Fins Lucrativos;AC;PORTO ACRE;19183.99
1;2014;20RW - APOIO A FORMACAO PROFISSIONAL, CIENTIFICA E TECNOLOGICA;EDUCACAO PROFISSIONAL E TECNOLOGICA;12 - Educação;Administração Pública Estadual ou do Distrito Federal;AC;RIO BRANCO;2500000.00
4;2014;0969 - APOIO AO TRANSPORTE ESCOLAR NA EDUCACAO BASICA;EDUCACAO BASICA;12 - Educação;Administração Pública Municipal;AC;PORTO ACRE;9227.16
9;2014;0969 - APOIO AO TRANSPORTE ESCOLAR NA EDUCACAO BASICA;EDUCACAO BASICA;12 - Educação;Administração Pública Municipal;AC;ACRELÂNDIA;13096.42
7;2014;20RP - APOIO A INFRAESTRUTURA PARA A EDUCACAO BASICA;EDUCACAO BASICA;12 - Educação;Administração Pública Estadual ou do Distrito Federal;AC;RIO BRANCO;342312.68
5;2014;0515 - DINHEIRO DIRETO NA ESCOLA PARA A EDUCACAO BASICA;EDUCACAO BASICA;12 - Educação;Entidades Sem Fins Lucrativos;AC;EPITACIOLÂNDIA;15271.32
8;2014;0515 - DINHEIRO DIRETO NA ESCOLA PARA A EDUCACAO BASICA;EDUCACAO BASICA;12 - Educação;Entidades Sem Fins Lucrativos;AC;CAPIXABA;86812.90
11;2014;8744 - APOIO A ALIMENTACAO ESCOLAR NA EDUCACAO BASICA (PNAE);EDUCACAO BASICA;12 - Educação;Administração Pública Municipal;AC;ACRELÂNDIA;11112.00
5;2014;0515 - DINHEIRO DIRETO NA ESCOLA PARA A EDUCACAO BASICA;EDUCACAO BASICA;12 - Educação;Entidades Sem Fins Lucrativos;AC;CRUZEIRO DO SUL;437274.09
5;2014;0969 - APOIO AO TRANSPORTE ESCOLAR NA EDUCACAO BASICA;EDUCACAO BASICA;12 - Educação;Administração Pública Municipal;AC;SENADOR GUIOMARD;8882.20
11;2014;0515 - DINHEIRO DIRETO NA ESCOLA PARA A EDUCACAO BASICA;EDUCACAO BASICA;12 - Educação;Entidades Sem Fins Lucrativos;AC;BRASILÉIA;5800.00
5;2014;8744 - APOIO A ALIMENTACAO ESCOLAR NA EDUCACAO BASICA (PNAE);EDUCACAO BASICA;12 - Educação;Administração Pública Municipal;AC;CAPIXABA;13932.00
3;2014;8744 - APOIO A ALIMENTACAO ESCOLAR NA EDUCACAO BASICA (PNAE);EDUCACAO BASICA;12 - Educação;Administração Pública Municipal;AC;SANTA ROSA DO PURUS;22596.00
10;2014;0969 - APOIO AO TRANSPORTE ESCOLAR NA EDUCACAO BASICA;EDUCACAO BASICA;12 - Educação;Administração Pública Municipal;AC;PORTO ACRE;4613.58
5;2014;0509 - APOIO AO DESENVOLVIMENTO DA EDUCACAO BASICA;EDUCACAO BASICA;12 - Educação;Administração Pública Estadual ou do Distrito Federal;AC;RIO BRANCO;339658.98
7;2014;0969 - APOIO AO TRANSPORTE ESCOLAR NA EDUCACAO BASICA;EDUCACAO BASICA;12 - Educação;Administração Pública Municipal;AC;RODRIGUES ALVES;7896.00
8;2014;0515 - DINHEIRO DIRETO NA ESCOLA PARA A EDUCACAO BASICA;EDUCACAO BASICA;12 - Educação;Entidades Sem Fins Lucrativos;AC;BRASILÉIA;19761.00
12;2014;8744 - APOIO A ALIMENTACAO ESCOLAR NA EDUCACAO BASICA (PNAE);EDUCACAO BASICA;12 - Educação;Administração Pública Municipal;AC;ACRELÂNDIA;32404.00
4;2014;0969 - APOIO AO TRANSPORTE ESCOLAR NA EDUCACAO BASICA;EDUCACAO BASICA;12 - Educação;Administração Pública Municipal;AC;JORDÃO;27592.50
1;2014;12KU - APOIO A IMPLANTACAO DE ESCOLAS PARA EDUCACAO INFANTIL;EDUCACAO BASICA;12 - Educação;Administração Pública Municipal;AC;TARAUACÁ;362944.28
4;2014;8744 - APOIO A ALIMENTACAO ESCOLAR NA EDUCACAO BASICA (PNAE);EDUCACAO BASICA;12 - Educação;Administração Pública Municipal;AC;CAPIXABA;27864.00
4;2014;0509 - APOIO AO DESENVOLVIMENTO DA EDUCACAO BASICA;EDUCACAO BASICA;12 - Educação;Administração Pública Estadual ou do Distrito Federal;AC;RIO BRANCO;1489699.70
8;2014;8744 - APOIO A ALIMENTACAO ESCOLAR NA EDUCACAO BASICA (PNAE);EDUCACAO BASICA;12 - Educação;Administração Pública Municipal;AC;MÂNCIO LIMA;63116.00
5;2014;0969 - APOIO AO TRANSPORTE ESCOLAR NA EDUCACAO BASICA;EDUCACAO BASICA;12 - Educação;Administração Pública Municipal;AC;TARAUACÁ;37292.69
6;2014;2A95 - ELEVACAO DA ESCOLARIDADE E QUALIFICACAO PROFISSIONAL - PROJOVEM;EDUCACAO BASICA;12 - Educação;Administração Pública Estadual ou do Distrito Federal;AC;RIO BRANCO;73848.00
7;2014;8790 - APOIO A ALFABETIZACAO E A EDUCACAO DE JOVENS E ADULTOS;EDUCACAO BASICA;12 - Educação;Administração Pública Municipal;AC;TARAUACÁ;29188.56
9;2014;0969 - APOIO AO TRANSPORTE ESCOLAR NA EDUCACAO BASICA;EDUCACAO BASICA;12 - Educação;Administração Pública Municipal;AC;SENADOR GUIOMARD;8882.20
7;2014;0515 - DINHEIRO DIRETO NA ESCOLA PARA A EDUCACAO BASICA;EDUCACAO BASICA;12 - Educação;Administração Pública Municipal;AC;ASSIS BRASIL;15990.00
5;2014;0969 - APOIO AO TRANSPORTE ESCOLAR NA EDUCACAO BASICA;EDUCACAO BASICA;12 - Educação;Administração Pública Municipal;AC;JORDÃO;13796.25
9;2014;20RH - GERENCIAMENTO DAS POLITICAS DE EDUCACAO;PROGRAMA DE GESTAO E MANUTENCAO DO MINISTERIO DA EDUCACAO;12 - Educação;Administração Pública Estadual ou do Distrito Federal;AC;RIO BRANCO;4733.54
10;2014;8744 - APOIO A ALIMENTACAO ESCOLAR NA EDUCACAO BASICA (PNAE);EDUCACAO BASICA;12 - Educação;Administração Pública Municipal;AC;MARECHAL THAUMATURGO;104560.00
11;2014;8744 - APOIO A ALIMENTACAO ESCOLAR NA EDUCACAO BASICA (PNAE);EDUCACAO BASICA;12 - Educação;Administração Pública Municipal;AC;RIO BRANCO;7632.00
11;2014;0515 - DINHEIRO DIRETO NA ESCOLA PARA A EDUCACAO BASICA;EDUCACAO BASICA;12 - Educação;Entidades Sem Fins Lucrativos;AC;CRUZEIRO DO SUL;19500.00
3;2014;0509 - APOIO AO DESENVOLVIMENTO DA EDUCACAO BASICA;EDUCACAO BASICA;12 - Educação;Administração Pública Municipal;AC;SENA MADUREIRA;70630.47
4;2014;0515 - DINHEIRO DIRETO NA ESCOLA PARA A EDUCACAO BASICA;EDUCACAO BASICA;12 - Educação;Entidades Sem Fins Lucrativos;AC;SANTA ROSA DO PURUS;52610.00
10;2014;8744 - APOIO A ALIMENTACAO ESCOLAR NA EDUCACAO BASICA (PNAE);EDUCACAO BASICA;12 - Educação;Administração Pública Municipal;AC;PORTO ACRE;28116.00
11;2014;0515 - DINHEIRO DIRETO NA ESCOLA PARA A EDUCACAO BASICA;EDUCACAO BASICA;12 - Educação;Entidades Sem Fins Lucrativos;AC;ASSIS BRASIL;10000.00
5;2014;0515 - DINHEIRO DIRETO NA ESCOLA PARA A EDUCACAO BASICA;EDUCACAO BASICA;12 - Educação;Entidades Sem Fins Lucrativos;AC;RIO BRANCO;859823.95
8;2014;20RP - APOIO A INFRAESTRUTURA PARA A EDUCACAO BASICA;EDUCACAO BASICA;12 - Educação;Administração Pública Estadual ou do Distrito Federal;AC;RIO BRANCO;1328831.99
7;2014;0515 - DINHEIRO DIRETO NA ESCOLA PARA A EDUCACAO BASICA;EDUCACAO BASICA;12 - Educação;Entidades Sem Fins Lucrativos;AC;RODRIGUES ALVES;268283.15
5;2014;0515 - DINHEIRO DIRETO NA ESCOLA PARA A EDUCACAO BASICA;EDUCACAO BASICA;12 - Educação;Entidades Sem Fins Lucrativos;AC;TARAUACÁ;103229.28
8;2014;8744 - APOIO A ALIMENTACAO ESCOLAR NA EDUCACAO BASICA (PNAE);EDUCACAO BASICA;12 - Educação;Administração Pública Estadual ou do Distrito Federal;AC;RIO BRANCO;2407346.40
7;2014;0515 - DINHEIRO DIRETO NA ESCOLA PARA A EDUCACAO BASICA;EDUCACAO BASICA;12 - Educação;Entidades Sem Fins Lucrativos;AC;RIO BRANCO;639079.79
5;2014;2A95 - ELEVACAO DA ESCOLARIDADE E QUALIFICACAO PROFISSIONAL - PROJOVEM;EDUCACAO BASICA;12 - Educação;Administração Pública Estadual ou do Distrito Federal;AC;RIO BRANCO;646170.00
6;2014;0515 - DINHEIRO DIRETO NA ESCOLA PARA A EDUCACAO BASICA;EDUCACAO BASICA;12 - Educação;Entidades Sem Fins Lucrativos;AC;FEIJÓ;100000.00
8;2014;8744 - APOIO A ALIMENTACAO ESCOLAR NA EDUCACAO BASICA (PNAE);EDUCACAO BASICA;12 - Educação;Administração Pública Municipal;AC;MANOEL URBANO;28904.00
3;2014;8744 - APOIO A ALIMENTACAO ESCOLAR NA EDUCACAO BASICA (PNAE);EDUCACAO BASICA;12 - Educação;Administração Pública Municipal;AC;PORTO WALTER;18230.00
4;2014;12KU - APOIO A IMPLANTACAO DE ESCOLAS PARA EDUCACAO INFANTIL;EDUCACAO BASICA;12 - Educação;Administração Pública Municipal;AC;CRUZEIRO DO SUL;228081.11
12;2014;8744 - APOIO A ALIMENTACAO ESCOLAR NA EDUCACAO BASICA (PNAE);EDUCACAO BASICA;12 - Educação;Administração Pública Municipal;AC;PLÁCIDO DE CASTRO;29058.00
10;2014;0969 - APOIO AO TRANSPORTE ESCOLAR NA EDUCACAO BASICA;EDUCACAO BASICA;12 - Educação;Administração Pública Municipal;AC;SENA MADUREIRA;11863.44
4;2014;0515 - DINHEIRO DIRETO NA ESCOLA PARA A EDUCACAO BASICA;EDUCACAO BASICA;12 - Educação;Entidades Sem Fins Lucrativos;AC;CRUZEIRO DO SUL;121252.29
4;2014;8744 - APOIO A ALIMENTACAO ESCOLAR NA EDUCACAO BASICA (PNAE);EDUCACAO BASICA;12 - Educação;Administração Pública Estadual ou do Distrito Federal;AC;RIO BRANCO;2361194.40
5;2014;20RP - APOIO A INFRAESTRUTURA PARA A EDUCACAO BASICA;EDUCACAO BASICA;12 - Educação;Administração Pública Estadual ou do Distrito Federal;AC;RIO BRANCO;536249.48
4;2014;8652 - APOIO A REDE PUBLICA NAO FEDERAL DE EDUCACAO PROFISSIONAL, CIENTIFICA E TECNOLOGICA;EDUCACAO PROFISSIONAL E TECNOLOGICA;12 - Educação;Administração Pública Estadual ou do Distrito Federal;AC;RIO BRANCO;256776.05
7;2014;8744 - APOIO A ALIMENTACAO ESCOLAR NA EDUCACAO BASICA (PNAE);EDUCACAO BASICA;12 - Educação;Administração Pública Municipal;AC;MÂNCIO LIMA;31558.00
5;2014;0515 - DINHEIRO DIRETO NA ESCOLA PARA A EDUCACAO BASICA;EDUCACAO BASICA;12 - Educação;Entidades Sem Fins Lucrativos;AC;RODRIGUES ALVES;110623.29
9;2014;0515 - DINHEIRO DIRETO NA ESCOLA PARA A EDUCACAO BASICA;EDUCACAO BASICA;12 - Educação;Entidades Sem Fins Lucrativos;AC;BRASILÉIA;189483.00
4;2014;0969 - APOIO AO TRANSPORTE ESCOLAR NA EDUCACAO BASICA;EDUCACAO BASICA;12 - Educação;Administração Pública Municipal;AC;MÂNCIO LIMA;24634.90
12;2014;0969 - APOIO AO TRANSPORTE ESCOLAR NA EDUCACAO BASICA;EDUCACAO BASICA;12 - Educação;Administração Pública Municipal;AC;XAPURI;4492.45
4;2014;0515 - DINHEIRO DIRETO NA ESCOLA PARA A EDUCACAO BASICA;EDUCACAO BASICA;12 - Educação;Entidades Sem Fins Lucrativos;AC;CAPIXABA;32500.00
10;2014;0969 - APOIO AO TRANSPORTE ESCOLAR NA EDUCACAO BASICA;EDUCACAO BASICA;12 - Educação;Administração Pública Estadual ou do Distrito Federal;AC;RIO BRANCO;259675.04
8;2014;0515 - DINHEIRO DIRETO NA ESCOLA PARA A EDUCACAO BASICA;EDUCACAO BASICA;12 - Educação;Entidades Sem Fins Lucrativos;AC;SENA MADUREIRA;78641.07
5;2014;0515 - DINHEIRO DIRETO NA ESCOLA PARA A EDUCACAO BASICA;EDUCACAO BASICA;12 - Educação;Entidades Sem Fins Lucrativos;AC;SENA MADUREIRA;57219.11
7;2014;0515 - DINHEIRO DIRETO NA ESCOLA PARA A EDUCACAO BASICA;EDUCACAO BASICA;12 - Educação;Entidades Sem Fins Lucrativos;AC;EPITACIOLÂNDIA;82181.00
10;2014;12KV - IMPLANTACAO E ADEQUACAO DE ESTRUTURAS ESPORTIVAS ESCOLARES;EDUCACAO BASICA;12 - Educação;Administração Pública Municipal;AC;PLÁCIDO DE CASTRO;152871.58
6;2014;0509 - APOIO AO DESENVOLVIMENTO DA EDUCACAO BASICA;EDUCACAO BASICA;12 - Educação;Administração Pública Estadual ou do Distrito Federal;AC;RIO BRANCO;339658.98
7;2014;0515 - DINHEIRO DIRETO NA ESCOLA PARA A EDUCACAO BASICA;EDUCACAO BASICA;12 - Educação;Entidades Sem Fins Lucrativos;AC;PORTO ACRE;40006.74
7;2014;8790 - APOIO A ALFABETIZACAO E A EDUCACAO DE JOVENS E ADULTOS;EDUCACAO BASICA;12 - Educação;Administração Pública Estadual ou do Distrito Federal;AC;RIO BRANCO;73387.03
12;2014;0969 - APOIO AO TRANSPORTE ESCOLAR NA EDUCACAO BASICA;EDUCACAO BASICA;12 - Educação;Administração Pública Municipal;AC;PORTO WALTER;15888.83
7;2014;8744 - APOIO A ALIMENTACAO ESCOLAR NA EDUCACAO BASICA (PNAE);EDUCACAO BASICA;12 - Educação;Administração Pública Municipal;AC;RIO BRANCO;236396.00
12;2014;0969 - APOIO AO TRANSPORTE ESCOLAR NA EDUCACAO BASICA;EDUCACAO BASICA;12 - Educação;Administração Pública Municipal;AC;MANOEL URBANO;6188.55
7;2014;20RP - APOIO A INFRAESTRUTURA PARA A EDUCACAO BASICA;EDUCACAO BASICA;12 - Educação;Administração Pública Municipal;AC;MANOEL URBANO;20255.91
7;2014;0969 - APOIO AO TRANSPORTE ESCOLAR NA EDUCACAO BASICA;EDUCACAO BASICA;12 - Educação;Administração Pública Municipal;AC;PORTO ACRE;4613.58
5;2014;0515 - DINHEIRO DIRETO NA ESCOLA PARA A EDUCACAO BASICA;EDUCACAO BASICA;12 - Educação;Entidades Sem Fins Lucrativos;AC;ACRELÂNDIA;54344.92
1;2014;12KU - APOIO A IMPLANTACAO DE ESCOLAS PARA EDUCACAO INFANTIL;EDUCACAO BASICA;12 - Educação;Administração Pública Municipal;AC;JORDÃO;223045.30
5;2014;20RP - APOIO A INFRAESTRUTURA PARA A EDUCACAO BASICA;EDUCACAO BASICA;12 - Educação;Administração Pública Municipal;AC;SENA MADUREIRA;32108.31
4;2014;0515 - DINHEIRO DIRETO NA ESCOLA PARA A EDUCACAO BASICA;EDUCACAO BASICA;12 - Educação;Entidades Sem Fins Lucrativos;AC;TARAUACÁ;130561.82
10;2014;0969 - APOIO AO TRANSPORTE ESCOLAR NA EDUCACAO BASICA;EDUCACAO BASICA;12 - Educação;Administração Pública Municipal;AC;MARECHAL THAUMATURGO;37736.01
4;2014;0515 - DINHEIRO DIRETO NA ESCOLA PARA A EDUCACAO BASICA;EDUCACAO BASICA;12 - Educação;Entidades Sem Fins Lucrativos;AC;XAPURI;29310.00
8;2014;20RV - APOIO A MANUTENCAO DA EDUCACAO INFANTIL;EDUCACAO BASICA;12 - Educação;Administração Pública Municipal;AC;RODRIGUES ALVES;21476.71
10;2014;20RP - APOIO A INFRAESTRUTURA PARA A EDUCACAO BASICA;EDUCACAO BASICA;12 - Educação;Administração Pública Municipal;AC;RIO BRANCO;228088.00
8;2014;12KV - IMPLANTACAO E ADEQUACAO DE ESTRUTURAS ESPORTIVAS ESCOLARES;EDUCACAO BASICA;12 - Educação;Administração Pública Municipal;AC;PLÁCIDO DE CASTRO;305743.17
4;2014;4014 - CENSO ESCOLAR DA EDUCACAO BASICA;EDUCACAO BASICA;12 - Educação;Administração Pública Estadual ou do Distrito Federal;AC;RIO BRANCO;23366.04
7;2014;8744 - APOIO A ALIMENTACAO ESCOLAR NA EDUCACAO BASICA (PNAE);EDUCACAO BASICA;12 - Educação;Administração Pública Municipal;AC;SENADOR GUIOMARD;40918.00
5;2014;12KV - IMPLANTACAO E ADEQUACAO DE ESTRUTURAS ESPORTIVAS ESCOLARES;EDUCACAO BASICA;12 - Educação;Administração Pública Municipal;AC;MÂNCIO LIMA;48158.30
11;2014;8744 - APOIO A ALIMENTACAO ESCOLAR NA EDUCACAO BASICA (PNAE);EDUCACAO BASICA;12 - Educação;Administração Pública Municipal;AC;JORDÃO;276.00
9;2014;0515 - DINHEIRO DIRETO NA ESCOLA PARA A EDUCACAO BASICA;EDUCACAO BASICA;12 - Educação;Entidades Sem Fins Lucrativos;AC;RIO BRANCO;352778.26
7;2014;4014 - CENSO ESCOLAR DA EDUCACAO BASICA;EDUCACAO BASICA;12 - Educação;Administração Pública Estadual ou do Distrito Federal;AC;RIO BRANCO;312368.19
8;2014;0515 - DINHEIRO DIRETO NA ESCOLA PARA A EDUCACAO BASICA;EDUCACAO BASICA;12 - Educação;Entidades Sem Fins Lucrativos;AC;RODRIGUES ALVES;107680.57
6;2014;0969 - APOIO AO TRANSPORTE ESCOLAR NA EDUCACAO BASICA;EDUCACAO BASICA;12 - Educação;Administração Pública Municipal;AC;BRASILÉIA;3926.25
4;2014;0969 - APOIO AO TRANSPORTE ESCOLAR NA EDUCACAO BASICA;EDUCACAO BASICA;12 - Educação;Administração Pública Municipal;AC;FEIJÓ;62303.36
3;2014;8744 - APOIO A ALIMENTACAO ESCOLAR NA EDUCACAO BASICA (PNAE);EDUCACAO BASICA;12 - Educação;Administração Pública Municipal;AC;PLÁCIDO DE CASTRO;21498.00
5;2014;0515 - DINHEIRO DIRETO NA ESCOLA PARA A EDUCACAO BASICA;EDUCACAO BASICA;12 - Educação;Administração Pública Municipal;AC;XAPURI;15840.00
12;2014;8744 - APOIO A ALIMENTACAO ESCOLAR NA EDUCACAO BASICA (PNAE);EDUCACAO BASICA;12 - Educação;Administração Pública Municipal;AC;CAPIXABA;15372.00
10;2014;8744 - APOIO A ALIMENTACAO ESCOLAR NA EDUCACAO BASICA (PNAE);EDUCACAO BASICA;12 - Educação;Administração Pública Municipal;AC;TARAUACÁ;133164.00
9;2014;0515 - DINHEIRO DIRETO NA ESCOLA PARA A EDUCACAO BASICA;EDUCACAO BASICA;12 - Educação;Entidades Sem Fins Lucrativos;AC;SANTA ROSA DO PURUS;29885.00
4;2014;0515 - DINHEIRO DIRETO NA ESCOLA PARA A EDUCACAO BASICA;EDUCACAO BASICA;12 - Educação;Entidades Sem Fins Lucrativos;AC;PORTO WALTER;44198.79
6;2014;20RW - APOIO A FORMACAO PROFISSIONAL, CIENTIFICA E TECNOLOGICA;EDUCACAO PROFISSIONAL E TECNOLOGICA;12 - Educação;Administração Pública Estadual ou do Distrito Federal;AC;RIO BRANCO;7000000.00
5;2014;8744 - APOIO A ALIMENTACAO ESCOLAR NA EDUCACAO BASICA (PNAE);EDUCACAO BASICA;12 - Educação;Administração Pública Municipal;AC;TARAUACÁ;131244.00
8;2014;0515 - DINHEIRO DIRETO NA ESCOLA PARA A EDUCACAO BASICA;EDUCACAO BASICA;12 - Educação;Entidades Sem Fins Lucrativos;AC;MÂNCIO LIMA;70318.00
9;2014;0969 - APOIO AO TRANSPORTE ESCOLAR NA EDUCACAO BASICA;EDUCACAO BASICA;12 - Educação;Administração Pública Municipal;AC;BRASILÉIA;3926.25
10;2014;8744 - APOIO A ALIMENTACAO ESCOLAR NA EDUCACAO BASICA (PNAE);EDUCACAO BASICA;12 - Educação;Administração Pública Municipal;AC;FEIJÓ;96000.00
5;2014;0515 - DINHEIRO DIRETO NA ESCOLA PARA A EDUCACAO BASICA;EDUCACAO BASICA;12 - Educação;Administração Pública Municipal;AC;SANTA ROSA DO PURUS;13740.00
11;2014;0515 - DINHEIRO DIRETO NA ESCOLA PARA A EDUCACAO BASICA;EDUCACAO BASICA;12 - Educação;Entidades Sem Fins Lucrativos;AC;RIO BRANCO;107600.00
2;2014;20RP - APOIO A INFRAESTRUTURA PARA A EDUCACAO BASICA;EDUCACAO BASICA;12 - Educação;Administração Pública Municipal;AC;TARAUACÁ;204391.04
10;2014;8744 - APOIO A ALIMENTACAO ESCOLAR NA EDUCACAO BASICA (PNAE);EDUCACAO BASICA;12 - Educação;Administração Pública Municipal;AC;BUJARI;15710.00
1;2014;12KU - APOIO A IMPLANTACAO DE ESCOLAS PARA EDUCACAO INFANTIL;EDUCACAO BASICA;12 - Educação;Administração Pública Municipal;AC;PORTO WALTER;657791.00
8;2014;0515 - DINHEIRO DIRETO NA ESCOLA PARA A EDUCACAO BASICA;EDUCACAO BASICA;12 - Educação;Entidades Sem Fins Lucrativos;AC;BUJARI;14775.00
5;2014;12KV - IMPLANTACAO E ADEQUACAO DE ESTRUTURAS ESPORTIVAS ESCOLARES;EDUCACAO BASICA;12 - Educação;Administração Pública Municipal;AC;TARAUACÁ;252997.16
9;2014;0515 - DINHEIRO DIRETO NA ESCOLA PARA A EDUCACAO BASICA;EDUCACAO BASICA;12 - Educação;Entidades Sem Fins Lucrativos;AC;MARECHAL THAUMATURGO;112152.65
3;2014;8744 - APOIO A ALIMENTACAO ESCOLAR NA EDUCACAO BASICA (PNAE);EDUCACAO BASICA;12 - Educação;Administração Pública Municipal;AC;XAPURI;10720.00
8;2014;0515 - DINHEIRO DIRETO NA ESCOLA PARA A EDUCACAO BASICA;EDUCACAO BASICA;12 - Educação;Entidades Sem Fins Lucrativos;AC;CRUZEIRO DO SUL;241651.27
8;2014;0969 - APOIO AO TRANSPORTE ESCOLAR NA EDUCACAO BASICA;EDUCACAO BASICA;12 - Educação;Administração Pública Municipal;AC;CRUZEIRO DO SUL;45098.76
11;2014;0515 - DINHEIRO DIRETO NA ESCOLA PARA A EDUCACAO BASICA;EDUCACAO BASICA;12 - Educação;Entidades Sem Fins Lucrativos;AC;ACRELÂNDIA;7500.00
7;2014;0969 - APOIO AO TRANSPORTE ESCOLAR NA EDUCACAO BASICA;EDUCACAO BASICA;12 - Educação;Administração Pública Municipal;AC;ACRELÂNDIA;13096.42
9;2014;0515 - DINHEIRO DIRETO NA ESCOLA PARA A EDUCACAO BASICA;EDUCACAO BASICA;12 - Educação;Entidades Sem Fins Lucrativos;AC;MANOEL URBANO;15000.00
4;2014;8744 - APOIO A ALIMENTACAO ESCOLAR NA EDUCACAO BASICA (PNAE);EDUCACAO BASICA;12 - Educação;Administração Pública Municipal;AC;ACRELÂNDIA;42584.00
3;2014;20RV - APOIO A MANUTENCAO DA EDUCACAO INFANTIL;EDUCACAO BASICA;12 - Educação;Administração Pública Municipal;AC;CRUZEIRO DO SUL;498260.11
9;2014;0515 - DINHEIRO DIRETO NA ESCOLA PARA A EDUCACAO BASICA;EDUCACAO BASICA;12 - Educação;Entidades Sem Fins Lucrativos;AC;XAPURI;19974.79
10;2014;0969 - APOIO AO TRANSPORTE ESCOLAR NA EDUCACAO BASICA;EDUCACAO BASICA;12 - Educação;Administração Pública Municipal;AC;SANTA ROSA DO PURUS;4362.34
5;2014;8744 - APOIO A ALIMENTACAO ESCOLAR NA EDUCACAO BASICA (PNAE);EDUCACAO BASICA;12 - Educação;Administração Pública Municipal;AC;RIO BRANCO;234404.00
5;2014;0515 - DINHEIRO DIRETO NA ESCOLA PARA A EDUCACAO BASICA;EDUCACAO BASICA;12 - Educação;Entidades Sem Fins Lucrativos;AC;JORDÃO;9360.00
10;2014;12KV - IMPLANTACAO E ADEQUACAO DE ESTRUTURAS ESPORTIVAS ESCOLARES;EDUCACAO BASICA;12 - Educação;Administração Pública Municipal;AC;MÂNCIO LIMA;152996.76
4;2014;0515 - DINHEIRO DIRETO NA ESCOLA PARA A EDUCACAO BASICA;EDUCACAO BASICA;12 - Educação;Entidades Sem Fins Lucrativos;AC;SENADOR GUIOMARD;47770.94
12;2014;0969 - APOIO AO TRANSPORTE ESCOLAR NA EDUCACAO BASICA;EDUCACAO BASICA;12 - Educação;Administração Pública Municipal;AC;FEIJÓ;31151.65
7;2014;0969 - APOIO AO TRANSPORTE ESCOLAR NA EDUCACAO BASICA;EDUCACAO BASICA;12 - Educação;Administração Pública Municipal;AC;ASSIS BRASIL;3617.76
4;2014;0515 - DINHEIRO DIRETO NA ESCOLA PARA A EDUCACAO BASICA;EDUCACAO BASICA;12 - Educação;Entidades Sem Fins Lucrativos;AC;MÂNCIO LIMA;56446.02
8;2014;12KV - IMPLANTACAO E ADEQUACAO DE ESTRUTURAS ESPORTIVAS ESCOLARES;EDUCACAO BASICA;12 - Educação;Administração Pública Municipal;AC;RODRIGUES ALVES;148245.79
8;2014;8744 - APOIO A ALIMENTACAO ESCOLAR NA EDUCACAO BASICA (PNAE);EDUCACAO BASICA;12 - Educação;Administração Pública Municipal;AC;BRASILÉIA;65600.00
9;2014;0515 - DINHEIRO DIRETO NA ESCOLA PARA A EDUCACAO BASICA;EDUCACAO BASICA;12 - Educação;Entidades Sem Fins Lucrativos;AC;FEIJÓ;13987.49
8;2014;12KU - APOIO A IMPLANTACAO DE ESCOLAS PARA EDUCACAO INFANTIL;EDUCACAO BASICA;12 - Educação;Administração Pública Municipal;AC;CRUZEIRO DO SUL;450668.30
9;2014;0515 - DINHEIRO DIRETO NA ESCOLA PARA A EDUCACAO BASICA;EDUCACAO BASICA;12 - Educação;Entidades Sem Fins Lucrativos;AC;SENA MADUREIRA;69313.31
12;2014;0969 - APOIO AO TRANSPORTE ESCOLAR NA EDUCACAO BASICA;EDUCACAO BASICA;12 - Educação;Administração Pública Municipal;AC;EPITACIOLÂNDIA;17673.07
7;2014;20RP - APOIO A INFRAESTRUTURA PARA A EDUCACAO BASICA;EDUCACAO BASICA;12 - Educação;Administração Pública Municipal;AC;ACRELÂNDIA;91580.00
7;2014;0969 - APOIO AO TRANSPORTE ESCOLAR NA EDUCACAO BASICA;EDUCACAO BASICA;12 - Educação;Administração Pública Municipal;AC;TARAUACÁ;37292.69
12;2014;0969 - APOIO AO TRANSPORTE ESCOLAR NA EDUCACAO BASICA;EDUCACAO BASICA;12 - Educação;Administração Pública Estadual ou do Distrito Federal;AC;RIO BRANCO;259675.17
9;2014;0515 - DINHEIRO DIRETO NA ESCOLA PARA A EDUCACAO BASICA;EDUCACAO BASICA;12 - Educação;Entidades Sem Fins Lucrativos;AC;RODRIGUES ALVES;45478.54
8;2014;0515 - DINHEIRO DIRETO NA ESCOLA PARA A EDUCACAO BASICA;EDUCACAO BASICA;12 - Educação;Entidades Sem Fins Lucrativos;AC;MARECHAL THAUMATURGO;233330.66
5;2014;0515 - DINHEIRO DIRETO NA ESCOLA PARA A EDUCACAO BASICA;EDUCACAO BASICA;12 - Educação;Entidades Sem Fins Lucrativos;AC;MARECHAL THAUMATURGO;7710.00
3;2014;8744 - APOIO A ALIMENTACAO ESCOLAR NA EDUCACAO BASICA (PNAE);EDUCACAO BASICA;12 - Educação;Administração Pública Municipal;AC;RIO BRANCO;234404.00
7;2014;0515 - DINHEIRO DIRETO NA ESCOLA PARA A EDUCACAO BASICA;EDUCACAO BASICA;12 - Educação;Entidades Sem Fins Lucrativos;AC;SANTA ROSA DO PURUS;62700.00
10;2014;8744 - APOIO A ALIMENTACAO ESCOLAR NA EDUCACAO BASICA (PNAE);EDUCACAO BASICA;12 - Educação;Administração Pública Municipal;AC;RIO BRANCO;472792.00
11;2014;8790 - APOIO A ALFABETIZACAO E A EDUCACAO DE JOVENS E ADULTOS;EDUCACAO BASICA;12 - Educação;Administração Pública Municipal;AC;MÂNCIO LIMA;134391.08
5;2014;0515 - DINHEIRO DIRETO NA ESCOLA PARA A EDUCACAO BASICA;EDUCACAO BASICA;12 - Educação;Administração Pública Municipal;AC;PORTO WALTER;14370.00
8;2014;0515 - DINHEIRO DIRETO NA ESCOLA PARA A EDUCACAO BASICA;EDUCACAO BASICA;12 - Educação;Entidades Sem Fins Lucrativos;AC;EPITACIOLÂNDIA;16342.50
8;2014;8744 - APOIO A ALIMENTACAO ESCOLAR NA EDUCACAO BASICA (PNAE);EDUCACAO BASICA;12 - Educação;Administração Pública Municipal;AC;PORTO ACRE;56232.00
9;2014;0515 - DINHEIRO DIRETO NA ESCOLA PARA A EDUCACAO BASICA;EDUCACAO BASICA;12 - Educação;Entidades Sem Fins Lucrativos;AC;BUJARI;5904.66
4;2014;8744 - APOIO A ALIMENTACAO ESCOLAR NA EDUCACAO BASICA (PNAE);EDUCACAO BASICA;12 - Educação;Administração Pública Municipal;AC;PLÁCIDO DE CASTRO;42996.00
4;2014;0515 - DINHEIRO DIRETO NA ESCOLA PARA A EDUCACAO BASICA;EDUCACAO BASICA;12 - Educação;Entidades Sem Fins Lucrativos;AC;MARECHAL THAUMATURGO;55009.56
4;2014;8744 - APOIO A ALIMENTACAO ESCOLAR NA EDUCACAO BASICA (PNAE);EDUCACAO BASICA;12 - Educação;Administração Pública Municipal;AC;JORDÃO;62088.00
1;2014;12KU - APOIO A IMPLANTACAO DE ESCOLAS PARA EDUCACAO INFANTIL;EDUCACAO BASICA;12 - Educação;Administração Pública Municipal;AC;RIO BRANCO;1293019.77
7;2014;8744 - APOIO A ALIMENTACAO ESCOLAR NA EDUCACAO BASICA (PNAE);EDUCACAO BASICA;12 - Educação;Administração Pública Municipal;AC;JORDÃO;31320.00
5;2014;2A95 - ELEVACAO DA ESCOLARIDADE E QUALIFICACAO PROFISSIONAL - PROJOVEM;EDUCACAO BASICA;12 - Educação;Administração Pública Municipal;AC;RIO BRANCO;561330.00
9;2014;0515 - DINHEIRO DIRETO NA ESCOLA PARA A EDUCACAO BASICA;EDUCACAO BASICA;12 - Educação;Entidades Sem Fins Lucrativos;AC;SENADOR GUIOMARD;86382.96
5;2014;0515 - DINHEIRO DIRETO NA ESCOLA PARA A EDUCACAO BASICA;EDUCACAO BASICA;12 - Educação;Entidades Sem Fins Lucrativos;AC;PORTO WALTER;27647.79
8;2014;0515 - DINHEIRO DIRETO NA ESCOLA PARA A EDUCACAO BASICA;EDUCACAO BASICA;12 - Educação;Entidades Sem Fins Lucrativos;AC;ACRELÂNDIA;166135.00
3;2014;8744 - APOIO A ALIMENTACAO ESCOLAR NA EDUCACAO BASICA (PNAE);EDUCACAO BASICA;12 - Educação;Administração Pública Municipal;AC;TARAUACÁ;65622.00
1;2014;20RH - GERENCIAMENTO DAS POLITICAS DE EDUCACAO;PROGRAMA DE GESTAO E MANUTENCAO DO MINISTERIO DA EDUCACAO;12 - Educação;Administração Pública Estadual ou do Distrito Federal;AC;RIO BRANCO;1800.00
5;2014;0515 - DINHEIRO DIRETO NA ESCOLA PARA A EDUCACAO BASICA;EDUCACAO BASICA;12 - Educação;Administração Pública Municipal;AC;FEIJÓ;4080.00
7;2014;0515 - DINHEIRO DIRETO NA ESCOLA PARA A EDUCACAO BASICA;EDUCACAO BASICA;12 - Educação;Entidades Sem Fins Lucrativos;AC;CAPIXABA;14475.23
5;2014;0515 - DINHEIRO DIRETO NA ESCOLA PARA A EDUCACAO BASICA;EDUCACAO BASICA;12 - Educação;Entidades Sem Fins Lucrativos;AC;FEIJÓ;73280.00
8;2014;0969 - APOIO AO TRANSPORTE ESCOLAR NA EDUCACAO BASICA;EDUCACAO BASICA;12 - Educação;Administração Pública Municipal;AC;FEIJÓ;62303.36
10;2014;0969 - APOIO AO TRANSPORTE ESCOLAR NA EDUCACAO BASICA;EDUCACAO BASICA;12 - Educação;Administração Pública Municipal;AC;CRUZEIRO DO SUL;22549.38
8;2014;0515 - DINHEIRO DIRETO NA ESCOLA PARA A EDUCACAO BASICA;EDUCACAO BASICA;12 - Educação;Entidades Sem Fins Lucrativos;AC;SANTA ROSA DO PURUS;80996.00
8;2014;0515 - DINHEIRO DIRETO NA ESCOLA PARA A EDUCACAO BASICA;EDUCACAO BASICA;12 - Educação;Entidades Sem Fins Lucrativos;AC;FEIJÓ;136263.57
4;2014;0515 - DINHEIRO DIRETO NA ESCOLA PARA A EDUCACAO BASICA;EDUCACAO BASICA;12 - Educação;Entidades Sem Fins Lucrativos;AC;SENA MADUREIRA;71150.00
9;2014;2A95 - ELEVACAO DA ESCOLARIDADE E QUALIFICACAO PROFISSIONAL - PROJOVEM;EDUCACAO BASICA;12 - Educação;Administração Pública Municipal;AC;RODRIGUES ALVES;183825.00
5;2014;0515 - DINHEIRO DIRETO NA ESCOLA PARA A EDUCACAO BASICA;EDUCACAO BASICA;12 - Educação;Entidades Sem Fins Lucrativos;AC;SANTA ROSA DO PURUS;31030.00
8;2014;20RP - APOIO A INFRAESTRUTURA PARA A EDUCACAO BASICA;EDUCACAO BASICA;12 - Educação;Administração Pública Municipal;AC;SENA MADUREIRA;22471.91
12;2014;8744 - APOIO A ALIMENTACAO ESCOLAR NA EDUCACAO BASICA (PNAE);EDUCACAO BASICA;12 - Educação;Administração Pública Municipal;AC;MARECHAL THAUMATURGO;91112.00
12;2014;0969 - APOIO AO TRANSPORTE ESCOLAR NA EDUCACAO BASICA;EDUCACAO BASICA;12 - Educação;Administração Pública Municipal;AC;CAPIXABA;12943.64
