5;2015;2A60 - SERVICOS DE PROTECAO SOCIAL BASICA;CONSOLIDACAO DO SISTEMA UNICO DE ASSISTENCIA SOCIAL (SUAS);08 - Assistência social;Fundo Público;AP;OIAPOQUE;16800.00
6;2015;8893 - APOIO A ORGANIZACAO, A GESTAO E A VIGILANCIA SOCIAL NO TERRITORIO, NO AMBITO DO SISTEMA UNICO DE ASSISTENCIA SOCIAL - SUAS;CONSOLIDACAO DO SISTEMA UNICO DE ASSISTENCIA SOCIAL (SUAS);08 - Assistência social;Fundo Público;AP;VITÓRIA DO JARI;7823.48
11;2015;8446 - SERVICO DE APOIO A GESTAO DESCENTRALIZADA DO PROGRAMA BOLSA FAMILIA;INCLUSAO SOCIAL POR MEIO DO BOLSA FAMILIA, DO CADASTRO UNICO;08 - Assistência social;Fundo Público;AP;FERREIRA GOMES;4552.83
12;2015;8893 - APOIO A ORGANIZACAO, A GESTAO E A VIGILANCIA SOCIAL NO TERRITORIO, NO AMBITO DO SISTEMA UNICO DE ASSISTENCIA SOCIAL - SUAS;CONSOLIDACAO DO SISTEMA UNICO DE ASSISTENCIA SOCIAL (SUAS);08 - Assistência social;Fundo Público;AP;VITÓRIA DO JARI;3661.05
1;2015;2A60 - SERVICOS DE PROTECAO SOCIAL BASICA;CONSOLIDACAO DO SISTEMA UNICO DE ASSISTENCIA SOCIAL (SUAS);08 - Assistência social;Fundo Público;AP;VITÓRIA DO JARI;4500.00
12;2015;8446 - SERVICO DE APOIO A GESTAO DESCENTRALIZADA DO PROGRAMA BOLSA FAMILIA;INCLUSAO SOCIAL POR MEIO DO BOLSA FAMILIA, DO CADASTRO UNICO;08 - Assistência social;Fundo Público;AP;MAZAGÃO;6704.16
2;2015;2A60 - SERVICOS DE PROTECAO SOCIAL BASICA;CONSOLIDACAO DO SISTEMA UNICO DE ASSISTENCIA SOCIAL (SUAS);08 - Assistência social;Fundo Público;AP;CALÇOENE;26640.00
7;2015;8446 - SERVICO DE APOIO A GESTAO DESCENTRALIZADA DO PROGRAMA BOLSA FAMILIA;INCLUSAO SOCIAL POR MEIO DO BOLSA FAMILIA, DO CADASTRO UNICO;08 - Assistência social;Fundo Público;AP;OIAPOQUE;11873.92
10;2015;8893 - APOIO A ORGANIZACAO, A GESTAO E A VIGILANCIA SOCIAL NO TERRITORIO, NO AMBITO DO SISTEMA UNICO DE ASSISTENCIA SOCIAL - SUAS;CONSOLIDACAO DO SISTEMA UNICO DE ASSISTENCIA SOCIAL (SUAS);08 - Assistência social;Fundo Público;AP;VITÓRIA DO JARI;7823.48
9;2015;2A60 - SERVICOS DE PROTECAO SOCIAL BASICA;CONSOLIDACAO DO SISTEMA UNICO DE ASSISTENCIA SOCIAL (SUAS);08 - Assistência social;Fundo Público;AP;AMAPÁ;6000.00
2;2015;2A60 - SERVICOS DE PROTECAO SOCIAL BASICA;CONSOLIDACAO DO SISTEMA UNICO DE ASSISTENCIA SOCIAL (SUAS);08 - Assistência social;Fundo Público;AP;TARTARUGALZINHO;16933.33
7;2015;8446 - SERVICO DE APOIO A GESTAO DESCENTRALIZADA DO PROGRAMA BOLSA FAMILIA;INCLUSAO SOCIAL POR MEIO DO BOLSA FAMILIA, DO CADASTRO UNICO;08 - Assistência social;Administração Pública Municipal;AP;ITAUBAL;4341.48
11;2015;8446 - SERVICO DE APOIO A GESTAO DESCENTRALIZADA DO PROGRAMA BOLSA FAMILIA;INCLUSAO SOCIAL POR MEIO DO BOLSA FAMILIA, DO CADASTRO UNICO;08 - Assistência social;Fundo Público;AP;SANTANA;50997.37
7;2015;2A65 - SERVICOS DE PROTECAO SOCIAL ESPECIAL DE MEDIA COMPLEXIDADE;CONSOLIDACAO DO SISTEMA UNICO DE ASSISTENCIA SOCIAL (SUAS);08 - Assistência social;Fundo Público;AP;MAZAGÃO;3600.00
8;2015;2A60 - SERVICOS DE PROTECAO SOCIAL BASICA;CONSOLIDACAO DO SISTEMA UNICO DE ASSISTENCIA SOCIAL (SUAS);08 - Assistência social;Fundo Público;AP;CUTIAS;9900.00
9;2015;8446 - SERVICO DE APOIO A GESTAO DESCENTRALIZADA DO PROGRAMA BOLSA FAMILIA;INCLUSAO SOCIAL POR MEIO DO BOLSA FAMILIA, DO CADASTRO UNICO;08 - Assistência social;Fundo Público;AP;CALÇOENE;3957.15
12;2015;8446 - SERVICO DE APOIO A GESTAO DESCENTRALIZADA DO PROGRAMA BOLSA FAMILIA;INCLUSAO SOCIAL POR MEIO DO BOLSA FAMILIA, DO CADASTRO UNICO;08 - Assistência social;Fundo Público;AP;OIAPOQUE;5432.06
5;2015;2A60 - SERVICOS DE PROTECAO SOCIAL BASICA;CONSOLIDACAO DO SISTEMA UNICO DE ASSISTENCIA SOCIAL (SUAS);08 - Assistência social;Fundo Público;AP;MAZAGÃO;28975.00
1;2015;2A60 - SERVICOS DE PROTECAO SOCIAL BASICA;CONSOLIDACAO DO SISTEMA UNICO DE ASSISTENCIA SOCIAL (SUAS);08 - Assistência social;Fundo Público;AP;CUTIAS;18000.00
6;2015;2A60 - SERVICOS DE PROTECAO SOCIAL BASICA;CONSOLIDACAO DO SISTEMA UNICO DE ASSISTENCIA SOCIAL (SUAS);08 - Assistência social;Fundo Público;AP;LARANJAL DO JARI;76650.18
9;2015;8446 - SERVICO DE APOIO A GESTAO DESCENTRALIZADA DO PROGRAMA BOLSA FAMILIA;INCLUSAO SOCIAL POR MEIO DO BOLSA FAMILIA, DO CADASTRO UNICO;08 - Assistência social;Fundo Público;AP;TARTARUGALZINHO;7192.35
11;2015;8446 - SERVICO DE APOIO A GESTAO DESCENTRALIZADA DO PROGRAMA BOLSA FAMILIA;INCLUSAO SOCIAL POR MEIO DO BOLSA FAMILIA, DO CADASTRO UNICO;08 - Assistência social;Administração Pública Municipal;AP;ITAUBAL;4396.69
10;2015;8446 - SERVICO DE APOIO A GESTAO DESCENTRALIZADA DO PROGRAMA BOLSA FAMILIA;INCLUSAO SOCIAL POR MEIO DO BOLSA FAMILIA, DO CADASTRO UNICO;08 - Assistência social;Administração Pública Municipal;AP;ITAUBAL;2170.74
7;2015;8446 - SERVICO DE APOIO A GESTAO DESCENTRALIZADA DO PROGRAMA BOLSA FAMILIA;INCLUSAO SOCIAL POR MEIO DO BOLSA FAMILIA, DO CADASTRO UNICO;08 - Assistência social;Fundo Público;AP;FERREIRA GOMES;4760.28
6;2015;2A65 - SERVICOS DE PROTECAO SOCIAL ESPECIAL DE MEDIA COMPLEXIDADE;CONSOLIDACAO DO SISTEMA UNICO DE ASSISTENCIA SOCIAL (SUAS);08 - Assistência social;Fundo Público;AP;PEDRA BRANCA DO AMAPARI;35400.00
7;2015;8893 - APOIO A ORGANIZACAO, A GESTAO E A VIGILANCIA SOCIAL NO TERRITORIO, NO AMBITO DO SISTEMA UNICO DE ASSISTENCIA SOCIAL - SUAS;CONSOLIDACAO DO SISTEMA UNICO DE ASSISTENCIA SOCIAL (SUAS);08 - Assistência social;Fundo Público;AP;PEDRA BRANCA DO AMAPARI;7416.63
9;2015;2A65 - SERVICOS DE PROTECAO SOCIAL ESPECIAL DE MEDIA COMPLEXIDADE;CONSOLIDACAO DO SISTEMA UNICO DE ASSISTENCIA SOCIAL (SUAS);08 - Assistência social;Fundo Público;AP;MACAPÁ;180000.00
5;2015;2A60 - SERVICOS DE PROTECAO SOCIAL BASICA;CONSOLIDACAO DO SISTEMA UNICO DE ASSISTENCIA SOCIAL (SUAS);08 - Assistência social;Fundo Público;AP;VITÓRIA DO JARI;12000.00
10;2015;8446 - SERVICO DE APOIO A GESTAO DESCENTRALIZADA DO PROGRAMA BOLSA FAMILIA;INCLUSAO SOCIAL POR MEIO DO BOLSA FAMILIA, DO CADASTRO UNICO;08 - Assistência social;Fundo Público;AP;LARANJAL DO JARI;17389.06
12;2015;8446 - SERVICO DE APOIO A GESTAO DESCENTRALIZADA DO PROGRAMA BOLSA FAMILIA;INCLUSAO SOCIAL POR MEIO DO BOLSA FAMILIA, DO CADASTRO UNICO;08 - Assistência social;Fundo Público;AP;CALÇOENE;3777.39
1;2015;8893 - APOIO A ORGANIZACAO, A GESTAO E A VIGILANCIA SOCIAL NO TERRITORIO, NO AMBITO DO SISTEMA UNICO DE ASSISTENCIA SOCIAL - SUAS;CONSOLIDACAO DO SISTEMA UNICO DE ASSISTENCIA SOCIAL (SUAS);08 - Assistência social;Fundo Público;AP;VITÓRIA DO JARI;1955.87
2;2015;2A60 - SERVICOS DE PROTECAO SOCIAL BASICA;CONSOLIDACAO DO SISTEMA UNICO DE ASSISTENCIA SOCIAL (SUAS);08 - Assistência social;Fundo Público;AP;MAZAGÃO;32150.00
5;2015;8893 - APOIO A ORGANIZACAO, A GESTAO E A VIGILANCIA SOCIAL NO TERRITORIO, NO AMBITO DO SISTEMA UNICO DE ASSISTENCIA SOCIAL - SUAS;CONSOLIDACAO DO SISTEMA UNICO DE ASSISTENCIA SOCIAL (SUAS);08 - Assistência social;Fundo Público;AP;MACAPÁ;10000.00
1;2015;8893 - APOIO A ORGANIZACAO, A GESTAO E A VIGILANCIA SOCIAL NO TERRITORIO, NO AMBITO DO SISTEMA UNICO DE ASSISTENCIA SOCIAL - SUAS;CONSOLIDACAO DO SISTEMA UNICO DE ASSISTENCIA SOCIAL (SUAS);08 - Assistência social;Fundo Público;AP;MACAPÁ;17414.77
5;2015;8893 - APOIO A ORGANIZACAO, A GESTAO E A VIGILANCIA SOCIAL NO TERRITORIO, NO AMBITO DO SISTEMA UNICO DE ASSISTENCIA SOCIAL - SUAS;CONSOLIDACAO DO SISTEMA UNICO DE ASSISTENCIA SOCIAL (SUAS);08 - Assistência social;Fundo Público;AP;VITÓRIA DO JARI;1955.87
11;2015;2A65 - SERVICOS DE PROTECAO SOCIAL ESPECIAL DE MEDIA COMPLEXIDADE;CONSOLIDACAO DO SISTEMA UNICO DE ASSISTENCIA SOCIAL (SUAS);08 - Assistência social;Fundo Público;AP;LARANJAL DO JARI;43600.00
12;2015;8446 - SERVICO DE APOIO A GESTAO DESCENTRALIZADA DO PROGRAMA BOLSA FAMILIA;INCLUSAO SOCIAL POR MEIO DO BOLSA FAMILIA, DO CADASTRO UNICO;08 - Assistência social;Fundo Público;AP;PRACUÚBA;1430.00
8;2015;8446 - SERVICO DE APOIO A GESTAO DESCENTRALIZADA DO PROGRAMA BOLSA FAMILIA;INCLUSAO SOCIAL POR MEIO DO BOLSA FAMILIA, DO CADASTRO UNICO;08 - Assistência social;Fundo Público;AP;TARTARUGALZINHO;5839.11
7;2015;8446 - SERVICO DE APOIO A GESTAO DESCENTRALIZADA DO PROGRAMA BOLSA FAMILIA;INCLUSAO SOCIAL POR MEIO DO BOLSA FAMILIA, DO CADASTRO UNICO;08 - Assistência social;Fundo Público;AP;CALÇOENE;7895.14
7;2015;8446 - SERVICO DE APOIO A GESTAO DESCENTRALIZADA DO PROGRAMA BOLSA FAMILIA;INCLUSAO SOCIAL POR MEIO DO BOLSA FAMILIA, DO CADASTRO UNICO;08 - Assistência social;Fundo Público;AP;MAZAGÃO;13931.10
12;2015;2A60 - SERVICOS DE PROTECAO SOCIAL BASICA;CONSOLIDACAO DO SISTEMA UNICO DE ASSISTENCIA SOCIAL (SUAS);08 - Assistência social;Fundo Público;AP;MAZAGÃO;6000.00
11;2015;2A60 - SERVICOS DE PROTECAO SOCIAL BASICA;CONSOLIDACAO DO SISTEMA UNICO DE ASSISTENCIA SOCIAL (SUAS);08 - Assistência social;Fundo Público;AP;MAZAGÃO;56775.00
6;2015;2A60 - SERVICOS DE PROTECAO SOCIAL BASICA;CONSOLIDACAO DO SISTEMA UNICO DE ASSISTENCIA SOCIAL (SUAS);08 - Assistência social;Fundo Público;AP;TARTARUGALZINHO;48717.08
9;2015;8893 - APOIO A ORGANIZACAO, A GESTAO E A VIGILANCIA SOCIAL NO TERRITORIO, NO AMBITO DO SISTEMA UNICO DE ASSISTENCIA SOCIAL - SUAS;CONSOLIDACAO DO SISTEMA UNICO DE ASSISTENCIA SOCIAL (SUAS);08 - Assistência social;Fundo Público;AP;CUTIAS;3954.00
10;2015;8446 - SERVICO DE APOIO A GESTAO DESCENTRALIZADA DO PROGRAMA BOLSA FAMILIA;INCLUSAO SOCIAL POR MEIO DO BOLSA FAMILIA, DO CADASTRO UNICO;08 - Assistência social;Fundo Público;AP;OIAPOQUE;5711.50
9;2015;8446 - SERVICO DE APOIO A GESTAO DESCENTRALIZADA DO PROGRAMA BOLSA FAMILIA;INCLUSAO SOCIAL POR MEIO DO BOLSA FAMILIA, DO CADASTRO UNICO;08 - Assistência social;Fundo Público;AP;FERREIRA GOMES;2369.37
11;2015;8446 - SERVICO DE APOIO A GESTAO DESCENTRALIZADA DO PROGRAMA BOLSA FAMILIA;INCLUSAO SOCIAL POR MEIO DO BOLSA FAMILIA, DO CADASTRO UNICO;08 - Assistência social;Fundo Público;AP;AMAPÁ;5754.37
10;2015;8893 - APOIO A ORGANIZACAO, A GESTAO E A VIGILANCIA SOCIAL NO TERRITORIO, NO AMBITO DO SISTEMA UNICO DE ASSISTENCIA SOCIAL - SUAS;CONSOLIDACAO DO SISTEMA UNICO DE ASSISTENCIA SOCIAL (SUAS);08 - Assistência social;Fundo Público;AP;CALÇOENE;1778.49
11;2015;2A60 - SERVICOS DE PROTECAO SOCIAL BASICA;CONSOLIDACAO DO SISTEMA UNICO DE ASSISTENCIA SOCIAL (SUAS);08 - Assistência social;Fundo Público;AP;AMAPÁ;6000.00
6;2015;2A60 - SERVICOS DE PROTECAO SOCIAL BASICA;CONSOLIDACAO DO SISTEMA UNICO DE ASSISTENCIA SOCIAL (SUAS);08 - Assistência social;Fundo Público;AP;CUTIAS;12000.00
9;2015;8893 - APOIO A ORGANIZACAO, A GESTAO E A VIGILANCIA SOCIAL NO TERRITORIO, NO AMBITO DO SISTEMA UNICO DE ASSISTENCIA SOCIAL - SUAS;CONSOLIDACAO DO SISTEMA UNICO DE ASSISTENCIA SOCIAL (SUAS);08 - Assistência social;Fundo Público;AP;TARTARUGALZINHO;3234.93
7;2015;8446 - SERVICO DE APOIO A GESTAO DESCENTRALIZADA DO PROGRAMA BOLSA FAMILIA;INCLUSAO SOCIAL POR MEIO DO BOLSA FAMILIA, DO CADASTRO UNICO;08 - Assistência social;Fundo Público;AP;PRACUÚBA;1684.28
6;2015;8893 - APOIO A ORGANIZACAO, A GESTAO E A VIGILANCIA SOCIAL NO TERRITORIO, NO AMBITO DO SISTEMA UNICO DE ASSISTENCIA SOCIAL - SUAS;CONSOLIDACAO DO SISTEMA UNICO DE ASSISTENCIA SOCIAL (SUAS);08 - Assistência social;Fundo Público;AP;CALÇOENE;3556.98
2;2015;2A65 - SERVICOS DE PROTECAO SOCIAL ESPECIAL DE MEDIA COMPLEXIDADE;CONSOLIDACAO DO SISTEMA UNICO DE ASSISTENCIA SOCIAL (SUAS);08 - Assistência social;Fundo Público;AP;VITÓRIA DO JARI;8700.00
12;2015;8893 - APOIO A ORGANIZACAO, A GESTAO E A VIGILANCIA SOCIAL NO TERRITORIO, NO AMBITO DO SISTEMA UNICO DE ASSISTENCIA SOCIAL - SUAS;CONSOLIDACAO DO SISTEMA UNICO DE ASSISTENCIA SOCIAL (SUAS);08 - Assistência social;Fundo Público;AP;CUTIAS;3566.90
9;2015;8446 - SERVICO DE APOIO A GESTAO DESCENTRALIZADA DO PROGRAMA BOLSA FAMILIA;INCLUSAO SOCIAL POR MEIO DO BOLSA FAMILIA, DO CADASTRO UNICO;08 - Assistência social;Fundo Público;AP;LARANJAL DO JARI;19712.84
7;2015;8446 - SERVICO DE APOIO A GESTAO DESCENTRALIZADA DO PROGRAMA BOLSA FAMILIA;INCLUSAO SOCIAL POR MEIO DO BOLSA FAMILIA, DO CADASTRO UNICO;08 - Assistência social;Fundo Público;AP;PEDRA BRANCA DO AMAPARI;7101.98
6;2015;8446 - SERVICO DE APOIO A GESTAO DESCENTRALIZADA DO PROGRAMA BOLSA FAMILIA;INCLUSAO SOCIAL POR MEIO DO BOLSA FAMILIA, DO CADASTRO UNICO;08 - Assistência social;Fundo Público;AP;CUTIAS;6094.72
8;2015;8446 - SERVICO DE APOIO A GESTAO DESCENTRALIZADA DO PROGRAMA BOLSA FAMILIA;INCLUSAO SOCIAL POR MEIO DO BOLSA FAMILIA, DO CADASTRO UNICO;08 - Assistência social;Fundo Público;AP;SANTANA;28263.56
1;2015;2A60 - SERVICOS DE PROTECAO SOCIAL BASICA;CONSOLIDACAO DO SISTEMA UNICO DE ASSISTENCIA SOCIAL (SUAS);08 - Assistência social;Fundo Público;AP;OIAPOQUE;4500.00
8;2015;8446 - SERVICO DE APOIO A GESTAO DESCENTRALIZADA DO PROGRAMA BOLSA FAMILIA;INCLUSAO SOCIAL POR MEIO DO BOLSA FAMILIA, DO CADASTRO UNICO;08 - Assistência social;Fundo Público;AP;FERREIRA GOMES;2380.14
1;2015;8893 - APOIO A ORGANIZACAO, A GESTAO E A VIGILANCIA SOCIAL NO TERRITORIO, NO AMBITO DO SISTEMA UNICO DE ASSISTENCIA SOCIAL - SUAS;CONSOLIDACAO DO SISTEMA UNICO DE ASSISTENCIA SOCIAL (SUAS);08 - Assistência social;Fundo Público;AP;CALÇOENE;1778.49
9;2015;2A60 - SERVICOS DE PROTECAO SOCIAL BASICA;CONSOLIDACAO DO SISTEMA UNICO DE ASSISTENCIA SOCIAL (SUAS);08 - Assistência social;Fundo Público;AP;MAZAGÃO;62775.00
3;2015;2A60 - SERVICOS DE PROTECAO SOCIAL BASICA;CONSOLIDACAO DO SISTEMA UNICO DE ASSISTENCIA SOCIAL (SUAS);08 - Assistência social;Fundo Público;AP;LARANJAL DO JARI;9124.53
4;2015;2A60 - SERVICOS DE PROTECAO SOCIAL BASICA;CONSOLIDACAO DO SISTEMA UNICO DE ASSISTENCIA SOCIAL (SUAS);08 - Assistência social;Fundo Público;AP;VITÓRIA DO JARI;12000.00
7;2015;8446 - SERVICO DE APOIO A GESTAO DESCENTRALIZADA DO PROGRAMA BOLSA FAMILIA;INCLUSAO SOCIAL POR MEIO DO BOLSA FAMILIA, DO CADASTRO UNICO;08 - Assistência social;Fundo Público;AP;PORTO GRANDE;13350.99
2;2015;8446 - SERVICO DE APOIO A GESTAO DESCENTRALIZADA DO PROGRAMA BOLSA FAMILIA;INCLUSAO SOCIAL POR MEIO DO BOLSA FAMILIA, DO CADASTRO UNICO;08 - Assistência social;Fundo Público;AP;CALÇOENE;3592.74
12;2015;8893 - APOIO A ORGANIZACAO, A GESTAO E A VIGILANCIA SOCIAL NO TERRITORIO, NO AMBITO DO SISTEMA UNICO DE ASSISTENCIA SOCIAL - SUAS;CONSOLIDACAO DO SISTEMA UNICO DE ASSISTENCIA SOCIAL (SUAS);08 - Assistência social;Fundo Público;AP;SERRA DO NAVIO;2790.34
1;2015;8893 - APOIO A ORGANIZACAO, A GESTAO E A VIGILANCIA SOCIAL NO TERRITORIO, NO AMBITO DO SISTEMA UNICO DE ASSISTENCIA SOCIAL - SUAS;CONSOLIDACAO DO SISTEMA UNICO DE ASSISTENCIA SOCIAL (SUAS);08 - Assistência social;Fundo Público;AP;TARTARUGALZINHO;1078.31
2;2015;20V5 - ACOES COMPLEMENTARES DE PROTECAO SOCIAL BASICA;CONSOLIDACAO DO SISTEMA UNICO DE ASSISTENCIA SOCIAL (SUAS);08 - Assistência social;Fundo Público;AP;LARANJAL DO JARI;100533.00
2;2015;8446 - SERVICO DE APOIO A GESTAO DESCENTRALIZADA DO PROGRAMA BOLSA FAMILIA;INCLUSAO SOCIAL POR MEIO DO BOLSA FAMILIA, DO CADASTRO UNICO;08 - Assistência social;Fundo Público;AP;PORTO GRANDE;6437.11
4;2015;2A60 - SERVICOS DE PROTECAO SOCIAL BASICA;CONSOLIDACAO DO SISTEMA UNICO DE ASSISTENCIA SOCIAL (SUAS);08 - Assistência social;Fundo Público;AP;OIAPOQUE;24900.00
9;2015;8893 - APOIO A ORGANIZACAO, A GESTAO E A VIGILANCIA SOCIAL NO TERRITORIO, NO AMBITO DO SISTEMA UNICO DE ASSISTENCIA SOCIAL - SUAS;CONSOLIDACAO DO SISTEMA UNICO DE ASSISTENCIA SOCIAL (SUAS);08 - Assistência social;Fundo Público;AP;MAZAGÃO;4933.44
10;2015;8446 - SERVICO DE APOIO A GESTAO DESCENTRALIZADA DO PROGRAMA BOLSA FAMILIA;INCLUSAO SOCIAL POR MEIO DO BOLSA FAMILIA, DO CADASTRO UNICO;08 - Assistência social;Fundo Público;AP;MACAPÁ;88796.67
6;2015;8893 - APOIO A ORGANIZACAO, A GESTAO E A VIGILANCIA SOCIAL NO TERRITORIO, NO AMBITO DO SISTEMA UNICO DE ASSISTENCIA SOCIAL - SUAS;CONSOLIDACAO DO SISTEMA UNICO DE ASSISTENCIA SOCIAL (SUAS);08 - Assistência social;Fundo Público;AP;MAZAGÃO;822.24
12;2015;8893 - APOIO A ORGANIZACAO, A GESTAO E A VIGILANCIA SOCIAL NO TERRITORIO, NO AMBITO DO SISTEMA UNICO DE ASSISTENCIA SOCIAL - SUAS;CONSOLIDACAO DO SISTEMA UNICO DE ASSISTENCIA SOCIAL (SUAS);08 - Assistência social;Fundo Público;AP;AMAPÁ;4099.80
2;2015;2A60 - SERVICOS DE PROTECAO SOCIAL BASICA;CONSOLIDACAO DO SISTEMA UNICO DE ASSISTENCIA SOCIAL (SUAS);08 - Assistência social;Fundo Público;AP;PEDRA BRANCA DO AMAPARI;20200.00
11;2015;8893 - APOIO A ORGANIZACAO, A GESTAO E A VIGILANCIA SOCIAL NO TERRITORIO, NO AMBITO DO SISTEMA UNICO DE ASSISTENCIA SOCIAL - SUAS;CONSOLIDACAO DO SISTEMA UNICO DE ASSISTENCIA SOCIAL (SUAS);08 - Assistência social;Fundo Público;AP;OIAPOQUE;5947.12
9;2015;8446 - SERVICO DE APOIO A GESTAO DESCENTRALIZADA DO PROGRAMA BOLSA FAMILIA;INCLUSAO SOCIAL POR MEIO DO BOLSA FAMILIA, DO CADASTRO UNICO;08 - Assistência social;Administração Pública Municipal;AP;ITAUBAL;2449.02
9;2015;2A65 - SERVICOS DE PROTECAO SOCIAL ESPECIAL DE MEDIA COMPLEXIDADE;CONSOLIDACAO DO SISTEMA UNICO DE ASSISTENCIA SOCIAL (SUAS);08 - Assistência social;Fundo Público;AP;SANTANA;137947.00
12;2015;2A65 - SERVICOS DE PROTECAO SOCIAL ESPECIAL DE MEDIA COMPLEXIDADE;CONSOLIDACAO DO SISTEMA UNICO DE ASSISTENCIA SOCIAL (SUAS);08 - Assistência social;Fundo Público;AP;PEDRA BRANCA DO AMAPARI;14100.00
12;2015;2A60 - SERVICOS DE PROTECAO SOCIAL BASICA;CONSOLIDACAO DO SISTEMA UNICO DE ASSISTENCIA SOCIAL (SUAS);08 - Assistência social;Fundo Público;AP;CALÇOENE;10500.00
6;2015;8446 - SERVICO DE APOIO A GESTAO DESCENTRALIZADA DO PROGRAMA BOLSA FAMILIA;INCLUSAO SOCIAL POR MEIO DO BOLSA FAMILIA, DO CADASTRO UNICO;08 - Assistência social;Fundo Público;AP;CALÇOENE;10866.92
6;2015;2A65 - SERVICOS DE PROTECAO SOCIAL ESPECIAL DE MEDIA COMPLEXIDADE;CONSOLIDACAO DO SISTEMA UNICO DE ASSISTENCIA SOCIAL (SUAS);08 - Assistência social;Fundo Público;AP;MAZAGÃO;10800.00
9;2015;8446 - SERVICO DE APOIO A GESTAO DESCENTRALIZADA DO PROGRAMA BOLSA FAMILIA;INCLUSAO SOCIAL POR MEIO DO BOLSA FAMILIA, DO CADASTRO UNICO;08 - Assistência social;Fundo Público;AP;PEDRA BRANCA DO AMAPARI;3317.86
10;2015;8893 - APOIO A ORGANIZACAO, A GESTAO E A VIGILANCIA SOCIAL NO TERRITORIO, NO AMBITO DO SISTEMA UNICO DE ASSISTENCIA SOCIAL - SUAS;CONSOLIDACAO DO SISTEMA UNICO DE ASSISTENCIA SOCIAL (SUAS);08 - Assistência social;Fundo Público;AP;FERREIRA GOMES;2699.80
11;2015;8446 - SERVICO DE APOIO A GESTAO DESCENTRALIZADA DO PROGRAMA BOLSA FAMILIA;INCLUSAO SOCIAL POR MEIO DO BOLSA FAMILIA, DO CADASTRO UNICO;08 - Assistência social;Fundo Público;AP;VITÓRIA DO JARI;10603.83
8;2015;8446 - SERVICO DE APOIO A GESTAO DESCENTRALIZADA DO PROGRAMA BOLSA FAMILIA;INCLUSAO SOCIAL POR MEIO DO BOLSA FAMILIA, DO CADASTRO UNICO;08 - Assistência social;Fundo Público;AP;MAZAGÃO;6965.55
9;2015;2A60 - SERVICOS DE PROTECAO SOCIAL BASICA;CONSOLIDACAO DO SISTEMA UNICO DE ASSISTENCIA SOCIAL (SUAS);08 - Assistência social;Fundo Público;AP;TARTARUGALZINHO;32025.00
10;2015;8446 - SERVICO DE APOIO A GESTAO DESCENTRALIZADA DO PROGRAMA BOLSA FAMILIA;INCLUSAO SOCIAL POR MEIO DO BOLSA FAMILIA, DO CADASTRO UNICO;08 - Assistência social;Fundo Público;AP;PORTO GRANDE;6723.52
9;2015;2A60 - SERVICOS DE PROTECAO SOCIAL BASICA;CONSOLIDACAO DO SISTEMA UNICO DE ASSISTENCIA SOCIAL (SUAS);08 - Assistência social;Fundo Público;AP;FERREIRA GOMES;18000.00
5;2015;8893 - APOIO A ORGANIZACAO, A GESTAO E A VIGILANCIA SOCIAL NO TERRITORIO, NO AMBITO DO SISTEMA UNICO DE ASSISTENCIA SOCIAL - SUAS;CONSOLIDACAO DO SISTEMA UNICO DE ASSISTENCIA SOCIAL (SUAS);08 - Assistência social;Fundo Público;AP;LARANJAL DO JARI;2323.78
8;2015;8446 - SERVICO DE APOIO A GESTAO DESCENTRALIZADA DO PROGRAMA BOLSA FAMILIA;INCLUSAO SOCIAL POR MEIO DO BOLSA FAMILIA, DO CADASTRO UNICO;08 - Assistência social;Fundo Público;AP;CUTIAS;2062.13
8;2015;2A60 - SERVICOS DE PROTECAO SOCIAL BASICA;CONSOLIDACAO DO SISTEMA UNICO DE ASSISTENCIA SOCIAL (SUAS);08 - Assistência social;Fundo Público;AP;SERRA DO NAVIO;16950.00
12;2015;8893 - APOIO A ORGANIZACAO, A GESTAO E A VIGILANCIA SOCIAL NO TERRITORIO, NO AMBITO DO SISTEMA UNICO DE ASSISTENCIA SOCIAL - SUAS;CONSOLIDACAO DO SISTEMA UNICO DE ASSISTENCIA SOCIAL (SUAS);08 - Assistência social;Fundo Público;AP;SANTANA;8500.71
2;2015;8446 - SERVICO DE APOIO A GESTAO DESCENTRALIZADA DO PROGRAMA BOLSA FAMILIA;INCLUSAO SOCIAL POR MEIO DO BOLSA FAMILIA, DO CADASTRO UNICO;08 - Assistência social;Fundo Público;AP;VITÓRIA DO JARI;5034.12
11;2015;8446 - SERVICO DE APOIO A GESTAO DESCENTRALIZADA DO PROGRAMA BOLSA FAMILIA;INCLUSAO SOCIAL POR MEIO DO BOLSA FAMILIA, DO CADASTRO UNICO;08 - Assistência social;Fundo Público;AP;TARTARUGALZINHO;11012.11
10;2015;8893 - APOIO A ORGANIZACAO, A GESTAO E A VIGILANCIA SOCIAL NO TERRITORIO, NO AMBITO DO SISTEMA UNICO DE ASSISTENCIA SOCIAL - SUAS;CONSOLIDACAO DO SISTEMA UNICO DE ASSISTENCIA SOCIAL (SUAS);08 - Assistência social;Fundo Público;AP;PORTO GRANDE;7251.36
2;2015;8446 - SERVICO DE APOIO A GESTAO DESCENTRALIZADA DO PROGRAMA BOLSA FAMILIA;INCLUSAO SOCIAL POR MEIO DO BOLSA FAMILIA, DO CADASTRO UNICO;08 - Assistência social;Fundo Público;AP;CUTIAS;2039.21
10;2015;8446 - SERVICO DE APOIO A GESTAO DESCENTRALIZADA DO PROGRAMA BOLSA FAMILIA;INCLUSAO SOCIAL POR MEIO DO BOLSA FAMILIA, DO CADASTRO UNICO;08 - Assistência social;Fundo Público;AP;AMAPÁ;3169.63
12;2015;8893 - APOIO A ORGANIZACAO, A GESTAO E A VIGILANCIA SOCIAL NO TERRITORIO, NO AMBITO DO SISTEMA UNICO DE ASSISTENCIA SOCIAL - SUAS;CONSOLIDACAO DO SISTEMA UNICO DE ASSISTENCIA SOCIAL (SUAS);08 - Assistência social;Fundo Público;AP;FERREIRA GOMES;1349.90
12;2015;2A60 - SERVICOS DE PROTECAO SOCIAL BASICA;CONSOLIDACAO DO SISTEMA UNICO DE ASSISTENCIA SOCIAL (SUAS);08 - Assistência social;Fundo Público;AP;VITÓRIA DO JARI;4500.00
10;2015;8893 - APOIO A ORGANIZACAO, A GESTAO E A VIGILANCIA SOCIAL NO TERRITORIO, NO AMBITO DO SISTEMA UNICO DE ASSISTENCIA SOCIAL - SUAS;CONSOLIDACAO DO SISTEMA UNICO DE ASSISTENCIA SOCIAL (SUAS);08 - Assistência social;Fundo Público;AP;PEDRA BRANCA DO AMAPARI;2472.21
1;2015;2A60 - SERVICOS DE PROTECAO SOCIAL BASICA;CONSOLIDACAO DO SISTEMA UNICO DE ASSISTENCIA SOCIAL (SUAS);08 - Assistência social;Fundo Público;AP;LARANJAL DO JARI;16800.00
7;2015;2A60 - SERVICOS DE PROTECAO SOCIAL BASICA;CONSOLIDACAO DO SISTEMA UNICO DE ASSISTENCIA SOCIAL (SUAS);08 - Assistência social;Fundo Público;AP;TARTARUGALZINHO;10225.00
11;2015;8893 - APOIO A ORGANIZACAO, A GESTAO E A VIGILANCIA SOCIAL NO TERRITORIO, NO AMBITO DO SISTEMA UNICO DE ASSISTENCIA SOCIAL - SUAS;CONSOLIDACAO DO SISTEMA UNICO DE ASSISTENCIA SOCIAL (SUAS);08 - Assistência social;Fundo Público;AP;VITÓRIA DO JARI;1955.87
10;2015;8446 - SERVICO DE APOIO A GESTAO DESCENTRALIZADA DO PROGRAMA BOLSA FAMILIA;INCLUSAO SOCIAL POR MEIO DO BOLSA FAMILIA, DO CADASTRO UNICO;08 - Assistência social;Fundo Público;AP;PEDRA BRANCA DO AMAPARI;2931.10
1;2015;8893 - APOIO A ORGANIZACAO, A GESTAO E A VIGILANCIA SOCIAL NO TERRITORIO, NO AMBITO DO SISTEMA UNICO DE ASSISTENCIA SOCIAL - SUAS;CONSOLIDACAO DO SISTEMA UNICO DE ASSISTENCIA SOCIAL (SUAS);08 - Assistência social;Fundo Público;AP;LARANJAL DO JARI;2323.78
10;2015;2A60 - SERVICOS DE PROTECAO SOCIAL BASICA;CONSOLIDACAO DO SISTEMA UNICO DE ASSISTENCIA SOCIAL (SUAS);08 - Assistência social;Fundo Público;AP;MAZAGÃO;6000.00
5;2015;8893 - APOIO A ORGANIZACAO, A GESTAO E A VIGILANCIA SOCIAL NO TERRITORIO, NO AMBITO DO SISTEMA UNICO DE ASSISTENCIA SOCIAL - SUAS;CONSOLIDACAO DO SISTEMA UNICO DE ASSISTENCIA SOCIAL (SUAS);08 - Assistência social;Fundo Público;AP;CALÇOENE;7113.96
12;2015;2A65 - SERVICOS DE PROTECAO SOCIAL ESPECIAL DE MEDIA COMPLEXIDADE;CONSOLIDACAO DO SISTEMA UNICO DE ASSISTENCIA SOCIAL (SUAS);08 - Assistência social;Fundo Público;AP;SANTANA;6569.40
1;2015;8893 - APOIO A ORGANIZACAO, A GESTAO E A VIGILANCIA SOCIAL NO TERRITORIO, NO AMBITO DO SISTEMA UNICO DE ASSISTENCIA SOCIAL - SUAS;CONSOLIDACAO DO SISTEMA UNICO DE ASSISTENCIA SOCIAL (SUAS);08 - Assistência social;Fundo Público;AP;CUTIAS;790.80
6;2015;8446 - SERVICO DE APOIO A GESTAO DESCENTRALIZADA DO PROGRAMA BOLSA FAMILIA;INCLUSAO SOCIAL POR MEIO DO BOLSA FAMILIA, DO CADASTRO UNICO;08 - Assistência social;Fundo Público;AP;TARTARUGALZINHO;17009.59
9;2015;8446 - SERVICO DE APOIO A GESTAO DESCENTRALIZADA DO PROGRAMA BOLSA FAMILIA;INCLUSAO SOCIAL POR MEIO DO BOLSA FAMILIA, DO CADASTRO UNICO;08 - Assistência social;Fundo Público;AP;PRACUÚBA;1174.86
9;2015;8446 - SERVICO DE APOIO A GESTAO DESCENTRALIZADA DO PROGRAMA BOLSA FAMILIA;INCLUSAO SOCIAL POR MEIO DO BOLSA FAMILIA, DO CADASTRO UNICO;08 - Assistência social;Fundo Público;AP;MAZAGÃO;7926.68
6;2015;8893 - APOIO A ORGANIZACAO, A GESTAO E A VIGILANCIA SOCIAL NO TERRITORIO, NO AMBITO DO SISTEMA UNICO DE ASSISTENCIA SOCIAL - SUAS;CONSOLIDACAO DO SISTEMA UNICO DE ASSISTENCIA SOCIAL (SUAS);08 - Assistência social;Fundo Público;AP;OIAPOQUE;4460.34
1;2015;8893 - APOIO A ORGANIZACAO, A GESTAO E A VIGILANCIA SOCIAL NO TERRITORIO, NO AMBITO DO SISTEMA UNICO DE ASSISTENCIA SOCIAL - SUAS;CONSOLIDACAO DO SISTEMA UNICO DE ASSISTENCIA SOCIAL (SUAS);08 - Assistência social;Fundo Público;AP;PORTO GRANDE;1812.84
8;2015;8446 - SERVICO DE APOIO A GESTAO DESCENTRALIZADA DO PROGRAMA BOLSA FAMILIA;INCLUSAO SOCIAL POR MEIO DO BOLSA FAMILIA, DO CADASTRO UNICO;08 - Assistência social;Fundo Público;AP;SERRA DO NAVIO;1234.90
12;2015;8446 - SERVICO DE APOIO A GESTAO DESCENTRALIZADA DO PROGRAMA BOLSA FAMILIA;INCLUSAO SOCIAL POR MEIO DO BOLSA FAMILIA, DO CADASTRO UNICO;08 - Assistência social;Fundo Público;AP;SANTANA;26823.32
2;2015;8446 - SERVICO DE APOIO A GESTAO DESCENTRALIZADA DO PROGRAMA BOLSA FAMILIA;INCLUSAO SOCIAL POR MEIO DO BOLSA FAMILIA, DO CADASTRO UNICO;08 - Assistência social;Fundo Público;AP;SANTANA;26201.18
6;2015;2A65 - SERVICOS DE PROTECAO SOCIAL ESPECIAL DE MEDIA COMPLEXIDADE;CONSOLIDACAO DO SISTEMA UNICO DE ASSISTENCIA SOCIAL (SUAS);08 - Assistência social;Fundo Público;AP;LARANJAL DO JARI;10900.00
10;2015;8446 - SERVICO DE APOIO A GESTAO DESCENTRALIZADA DO PROGRAMA BOLSA FAMILIA;INCLUSAO SOCIAL POR MEIO DO BOLSA FAMILIA, DO CADASTRO UNICO;08 - Assistência social;Fundo Público;AP;CALÇOENE;3986.28
12;2015;8446 - SERVICO DE APOIO A GESTAO DESCENTRALIZADA DO PROGRAMA BOLSA FAMILIA;INCLUSAO SOCIAL POR MEIO DO BOLSA FAMILIA, DO CADASTRO UNICO;08 - Assistência social;Administração Pública Municipal;AP;ITAUBAL;2190.56
8;2015;2A60 - SERVICOS DE PROTECAO SOCIAL BASICA;CONSOLIDACAO DO SISTEMA UNICO DE ASSISTENCIA SOCIAL (SUAS);08 - Assistência social;Fundo Público;AP;AMAPÁ;12000.00
8;2015;8446 - SERVICO DE APOIO A GESTAO DESCENTRALIZADA DO PROGRAMA BOLSA FAMILIA;INCLUSAO SOCIAL POR MEIO DO BOLSA FAMILIA, DO CADASTRO UNICO;08 - Assistência social;Administração Pública Municipal;AP;ITAUBAL;2170.74
9;2015;2A60 - SERVICOS DE PROTECAO SOCIAL BASICA;CONSOLIDACAO DO SISTEMA UNICO DE ASSISTENCIA SOCIAL (SUAS);08 - Assistência social;Fundo Público;AP;CALÇOENE;44400.00
6;2015;2A60 - SERVICOS DE PROTECAO SOCIAL BASICA;CONSOLIDACAO DO SISTEMA UNICO DE ASSISTENCIA SOCIAL (SUAS);08 - Assistência social;Fundo Público;AP;MAZAGÃO;45950.00
2;2015;2A65 - SERVICOS DE PROTECAO SOCIAL ESPECIAL DE MEDIA COMPLEXIDADE;CONSOLIDACAO DO SISTEMA UNICO DE ASSISTENCIA SOCIAL (SUAS);08 - Assistência social;Fundo Público;AP;LARANJAL DO JARI;15200.00
4;2015;2A60 - SERVICOS DE PROTECAO SOCIAL BASICA;CONSOLIDACAO DO SISTEMA UNICO DE ASSISTENCIA SOCIAL (SUAS);08 - Assistência social;Administração Pública Municipal;AP;AMAPÁ;6000.00
9;2015;8446 - SERVICO DE APOIO A GESTAO DESCENTRALIZADA DO PROGRAMA BOLSA FAMILIA;INCLUSAO SOCIAL POR MEIO DO BOLSA FAMILIA, DO CADASTRO UNICO;08 - Assistência social;Fundo Público;AP;VITÓRIA DO JARI;6361.96
11;2015;8893 - APOIO A ORGANIZACAO, A GESTAO E A VIGILANCIA SOCIAL NO TERRITORIO, NO AMBITO DO SISTEMA UNICO DE ASSISTENCIA SOCIAL - SUAS;CONSOLIDACAO DO SISTEMA UNICO DE ASSISTENCIA SOCIAL (SUAS);08 - Assistência social;Fundo Público;AP;TARTARUGALZINHO;1078.31
5;2015;2A60 - SERVICOS DE PROTECAO SOCIAL BASICA;CONSOLIDACAO DO SISTEMA UNICO DE ASSISTENCIA SOCIAL (SUAS);08 - Assistência social;Administração Pública Municipal;AP;AMAPÁ;12000.00
12;2015;8893 - APOIO A ORGANIZACAO, A GESTAO E A VIGILANCIA SOCIAL NO TERRITORIO, NO AMBITO DO SISTEMA UNICO DE ASSISTENCIA SOCIAL - SUAS;CONSOLIDACAO DO SISTEMA UNICO DE ASSISTENCIA SOCIAL (SUAS);08 - Assistência social;Fundo Público;AP;CALÇOENE;4346.50
6;2015;8446 - SERVICO DE APOIO A GESTAO DESCENTRALIZADA DO PROGRAMA BOLSA FAMILIA;INCLUSAO SOCIAL POR MEIO DO BOLSA FAMILIA, DO CADASTRO UNICO;08 - Assistência social;Administração Pública Municipal;AP;ITAUBAL;2147.15
9;2015;8446 - SERVICO DE APOIO A GESTAO DESCENTRALIZADA DO PROGRAMA BOLSA FAMILIA;INCLUSAO SOCIAL POR MEIO DO BOLSA FAMILIA, DO CADASTRO UNICO;08 - Assistência social;Fundo Público;AP;PORTO GRANDE;15626.03
10;2015;2A65 - SERVICOS DE PROTECAO SOCIAL ESPECIAL DE MEDIA COMPLEXIDADE;CONSOLIDACAO DO SISTEMA UNICO DE ASSISTENCIA SOCIAL (SUAS);08 - Assistência social;Fundo Público;AP;PEDRA BRANCA DO AMAPARI;10500.00
4;2015;2A60 - SERVICOS DE PROTECAO SOCIAL BASICA;CONSOLIDACAO DO SISTEMA UNICO DE ASSISTENCIA SOCIAL (SUAS);08 - Assistência social;Fundo Público;AP;LARANJAL DO JARI;8400.00
11;2015;8446 - SERVICO DE APOIO A GESTAO DESCENTRALIZADA DO PROGRAMA BOLSA FAMILIA;INCLUSAO SOCIAL POR MEIO DO BOLSA FAMILIA, DO CADASTRO UNICO;08 - Assistência social;Fundo Público;AP;CUTIAS;1996.14
8;2015;8446 - SERVICO DE APOIO A GESTAO DESCENTRALIZADA DO PROGRAMA BOLSA FAMILIA;INCLUSAO SOCIAL POR MEIO DO BOLSA FAMILIA, DO CADASTRO UNICO;08 - Assistência social;Fundo Público;AP;LARANJAL DO JARI;17389.06
5;2015;8893 - APOIO A ORGANIZACAO, A GESTAO E A VIGILANCIA SOCIAL NO TERRITORIO, NO AMBITO DO SISTEMA UNICO DE ASSISTENCIA SOCIAL - SUAS;CONSOLIDACAO DO SISTEMA UNICO DE ASSISTENCIA SOCIAL (SUAS);08 - Assistência social;Fundo Público;AP;CUTIAS;790.80
10;2015;2A60 - SERVICOS DE PROTECAO SOCIAL BASICA;CONSOLIDACAO DO SISTEMA UNICO DE ASSISTENCIA SOCIAL (SUAS);08 - Assistência social;Fundo Público;AP;PEDRA BRANCA DO AMAPARI;13000.00
10;2015;8446 - SERVICO DE APOIO A GESTAO DESCENTRALIZADA DO PROGRAMA BOLSA FAMILIA;INCLUSAO SOCIAL POR MEIO DO BOLSA FAMILIA, DO CADASTRO UNICO;08 - Assistência social;Fundo Público;AP;FERREIRA GOMES;2333.47
10;2015;8446 - SERVICO DE APOIO A GESTAO DESCENTRALIZADA DO PROGRAMA BOLSA FAMILIA;INCLUSAO SOCIAL POR MEIO DO BOLSA FAMILIA, DO CADASTRO UNICO;08 - Assistência social;Fundo Público;AP;SANTANA;26735.80
6;2015;2A60 - SERVICOS DE PROTECAO SOCIAL BASICA;CONSOLIDACAO DO SISTEMA UNICO DE ASSISTENCIA SOCIAL (SUAS);08 - Assistência social;Fundo Público;AP;OIAPOQUE;16800.00
6;2015;2A60 - SERVICOS DE PROTECAO SOCIAL BASICA;CONSOLIDACAO DO SISTEMA UNICO DE ASSISTENCIA SOCIAL (SUAS);08 - Assistência social;Fundo Público;AP;VITÓRIA DO JARI;6000.00
8;2015;8446 - SERVICO DE APOIO A GESTAO DESCENTRALIZADA DO PROGRAMA BOLSA FAMILIA;INCLUSAO SOCIAL POR MEIO DO BOLSA FAMILIA, DO CADASTRO UNICO;08 - Assistência social;Administração Pública Municipal;AP;AMAPÁ;3206.06
7;2015;8893 - APOIO A ORGANIZACAO, A GESTAO E A VIGILANCIA SOCIAL NO TERRITORIO, NO AMBITO DO SISTEMA UNICO DE ASSISTENCIA SOCIAL - SUAS;CONSOLIDACAO DO SISTEMA UNICO DE ASSISTENCIA SOCIAL (SUAS);08 - Assistência social;Fundo Público;AP;TARTARUGALZINHO;1078.31
9;2015;2A65 - SERVICOS DE PROTECAO SOCIAL ESPECIAL DE MEDIA COMPLEXIDADE;CONSOLIDACAO DO SISTEMA UNICO DE ASSISTENCIA SOCIAL (SUAS);08 - Assistência social;Fundo Público;AP;PEDRA BRANCA DO AMAPARI;14100.00
12;2015;2798 - AQUISICAO E DISTRIBUICAO DE ALIMENTOS DA AGRICULTURA FAMILIAR PARA PROMOCAO DA SEGURANCA ALIMENTAR E NUTRICIONAL;SEGURANCA ALIMENTAR E NUTRICIONAL;08 - Assistência social;Administração Pública Estadual ou do Distrito Federal;AP;MACAPÁ;4100000.00
12;2015;2A60 - SERVICOS DE PROTECAO SOCIAL BASICA;CONSOLIDACAO DO SISTEMA UNICO DE ASSISTENCIA SOCIAL (SUAS);08 - Assistência social;Fundo Público;AP;PEDRA BRANCA DO AMAPARI;13000.00
12;2015;2A60 - SERVICOS DE PROTECAO SOCIAL BASICA;CONSOLIDACAO DO SISTEMA UNICO DE ASSISTENCIA SOCIAL (SUAS);08 - Assistência social;Fundo Público;AP;AMAPÁ;6000.00
12;2015;8446 - SERVICO DE APOIO A GESTAO DESCENTRALIZADA DO PROGRAMA BOLSA FAMILIA;INCLUSAO SOCIAL POR MEIO DO BOLSA FAMILIA, DO CADASTRO UNICO;08 - Assistência social;Fundo Público;AP;PEDRA BRANCA DO AMAPARI;3934.34
8;2015;8446 - SERVICO DE APOIO A GESTAO DESCENTRALIZADA DO PROGRAMA BOLSA FAMILIA;INCLUSAO SOCIAL POR MEIO DO BOLSA FAMILIA, DO CADASTRO UNICO;08 - Assistência social;Fundo Público;AP;PRACUÚBA;842.14
7;2015;8446 - SERVICO DE APOIO A GESTAO DESCENTRALIZADA DO PROGRAMA BOLSA FAMILIA;INCLUSAO SOCIAL POR MEIO DO BOLSA FAMILIA, DO CADASTRO UNICO;08 - Assistência social;Fundo Público;AP;TARTARUGALZINHO;11678.22
6;2015;8446 - SERVICO DE APOIO A GESTAO DESCENTRALIZADA DO PROGRAMA BOLSA FAMILIA;INCLUSAO SOCIAL POR MEIO DO BOLSA FAMILIA, DO CADASTRO UNICO;08 - Assistência social;Fundo Público;AP;SERRA DO NAVIO;3794.45
5;2015;8893 - APOIO A ORGANIZACAO, A GESTAO E A VIGILANCIA SOCIAL NO TERRITORIO, NO AMBITO DO SISTEMA UNICO DE ASSISTENCIA SOCIAL - SUAS;CONSOLIDACAO DO SISTEMA UNICO DE ASSISTENCIA SOCIAL (SUAS);08 - Assistência social;Fundo Público;AP;PEDRA BRANCA DO AMAPARI;14833.26
11;2015;2A60 - SERVICOS DE PROTECAO SOCIAL BASICA;CONSOLIDACAO DO SISTEMA UNICO DE ASSISTENCIA SOCIAL (SUAS);08 - Assistência social;Fundo Público;AP;PEDRA BRANCA DO AMAPARI;13000.00
3;2015;2A60 - SERVICOS DE PROTECAO SOCIAL BASICA;CONSOLIDACAO DO SISTEMA UNICO DE ASSISTENCIA SOCIAL (SUAS);08 - Assistência social;Fundo Público;AP;TARTARUGALZINHO;6000.00
8;2015;2A65 - SERVICOS DE PROTECAO SOCIAL ESPECIAL DE MEDIA COMPLEXIDADE;CONSOLIDACAO DO SISTEMA UNICO DE ASSISTENCIA SOCIAL (SUAS);08 - Assistência social;Fundo Público;AP;PEDRA BRANCA DO AMAPARI;24600.00
10;2015;8446 - SERVICO DE APOIO A GESTAO DESCENTRALIZADA DO PROGRAMA BOLSA FAMILIA;INCLUSAO SOCIAL POR MEIO DO BOLSA FAMILIA, DO CADASTRO UNICO;08 - Assistência social;Fundo Público;AP;TARTARUGALZINHO;5839.11
11;2015;2A60 - SERVICOS DE PROTECAO SOCIAL BASICA;CONSOLIDACAO DO SISTEMA UNICO DE ASSISTENCIA SOCIAL (SUAS);08 - Assistência social;Fundo Público;AP;CALÇOENE;38475.00
2;2015;8446 - SERVICO DE APOIO A GESTAO DESCENTRALIZADA DO PROGRAMA BOLSA FAMILIA;INCLUSAO SOCIAL POR MEIO DO BOLSA FAMILIA, DO CADASTRO UNICO;08 - Assistência social;Fundo Público;AP;TARTARUGALZINHO;5636.63
10;2015;2A60 - SERVICOS DE PROTECAO SOCIAL BASICA;CONSOLIDACAO DO SISTEMA UNICO DE ASSISTENCIA SOCIAL (SUAS);08 - Assistência social;Fundo Público;AP;CALÇOENE;10500.00
6;2015;8446 - SERVICO DE APOIO A GESTAO DESCENTRALIZADA DO PROGRAMA BOLSA FAMILIA;INCLUSAO SOCIAL POR MEIO DO BOLSA FAMILIA, DO CADASTRO UNICO;08 - Assistência social;Fundo Público;AP;VITÓRIA DO JARI;15404.40
9;2015;8446 - SERVICO DE APOIO A GESTAO DESCENTRALIZADA DO PROGRAMA BOLSA FAMILIA;INCLUSAO SOCIAL POR MEIO DO BOLSA FAMILIA, DO CADASTRO UNICO;08 - Assistência social;Fundo Público;AP;SANTANA;33685.80
11;2015;8446 - SERVICO DE APOIO A GESTAO DESCENTRALIZADA DO PROGRAMA BOLSA FAMILIA;INCLUSAO SOCIAL POR MEIO DO BOLSA FAMILIA, DO CADASTRO UNICO;08 - Assistência social;Fundo Público;AP;MAZAGÃO;13288.26
5;2015;2A60 - SERVICOS DE PROTECAO SOCIAL BASICA;CONSOLIDACAO DO SISTEMA UNICO DE ASSISTENCIA SOCIAL (SUAS);08 - Assistência social;Fundo Público;AP;TARTARUGALZINHO;14133.54
9;2015;2A60 - SERVICOS DE PROTECAO SOCIAL BASICA;CONSOLIDACAO DO SISTEMA UNICO DE ASSISTENCIA SOCIAL (SUAS);08 - Assistência social;Fundo Público;AP;SANTANA;12000.00
6;2015;8446 - SERVICO DE APOIO A GESTAO DESCENTRALIZADA DO PROGRAMA BOLSA FAMILIA;INCLUSAO SOCIAL POR MEIO DO BOLSA FAMILIA, DO CADASTRO UNICO;08 - Assistência social;Fundo Público;AP;PRACUÚBA;1799.75
6;2015;2A60 - SERVICOS DE PROTECAO SOCIAL BASICA;CONSOLIDACAO DO SISTEMA UNICO DE ASSISTENCIA SOCIAL (SUAS);08 - Assistência social;Fundo Público;AP;CALÇOENE;48450.00
8;2015;2A60 - SERVICOS DE PROTECAO SOCIAL BASICA;CONSOLIDACAO DO SISTEMA UNICO DE ASSISTENCIA SOCIAL (SUAS);08 - Assistência social;Fundo Público;AP;LARANJAL DO JARI;16800.00
8;2015;8446 - SERVICO DE APOIO A GESTAO DESCENTRALIZADA DO PROGRAMA BOLSA FAMILIA;INCLUSAO SOCIAL POR MEIO DO BOLSA FAMILIA, DO CADASTRO UNICO;08 - Assistência social;Fundo Público;AP;CALÇOENE;3947.57
9;2015;2A65 - SERVICOS DE PROTECAO SOCIAL ESPECIAL DE MEDIA COMPLEXIDADE;CONSOLIDACAO DO SISTEMA UNICO DE ASSISTENCIA SOCIAL (SUAS);08 - Assistência social;Fundo Público;AP;MAZAGÃO;25200.00
12;2015;8446 - SERVICO DE APOIO A GESTAO DESCENTRALIZADA DO PROGRAMA BOLSA FAMILIA;INCLUSAO SOCIAL POR MEIO DO BOLSA FAMILIA, DO CADASTRO UNICO;08 - Assistência social;Fundo Público;AP;AMAPÁ;2581.50
7;2015;2A60 - SERVICOS DE PROTECAO SOCIAL BASICA;CONSOLIDACAO DO SISTEMA UNICO DE ASSISTENCIA SOCIAL (SUAS);08 - Assistência social;Fundo Público;AP;LARANJAL DO JARI;22165.09
12;2015;8446 - SERVICO DE APOIO A GESTAO DESCENTRALIZADA DO PROGRAMA BOLSA FAMILIA;INCLUSAO SOCIAL POR MEIO DO BOLSA FAMILIA, DO CADASTRO UNICO;08 - Assistência social;Fundo Público;AP;FERREIRA GOMES;2207.31
7;2015;2A60 - SERVICOS DE PROTECAO SOCIAL BASICA;CONSOLIDACAO DO SISTEMA UNICO DE ASSISTENCIA SOCIAL (SUAS);08 - Assistência social;Fundo Público;AP;CALÇOENE;9250.00
10;2015;2A60 - SERVICOS DE PROTECAO SOCIAL BASICA;CONSOLIDACAO DO SISTEMA UNICO DE ASSISTENCIA SOCIAL (SUAS);08 - Assistência social;Fundo Público;AP;SANTANA;12000.00
8;2015;2A60 - SERVICOS DE PROTECAO SOCIAL BASICA;CONSOLIDACAO DO SISTEMA UNICO DE ASSISTENCIA SOCIAL (SUAS);08 - Assistência social;Fundo Público;AP;OIAPOQUE;49910.01
11;2015;2A60 - SERVICOS DE PROTECAO SOCIAL BASICA;CONSOLIDACAO DO SISTEMA UNICO DE ASSISTENCIA SOCIAL (SUAS);08 - Assistência social;Fundo Público;AP;OIAPOQUE;33150.00
7;2015;8446 - SERVICO DE APOIO A GESTAO DESCENTRALIZADA DO PROGRAMA BOLSA FAMILIA;INCLUSAO SOCIAL POR MEIO DO BOLSA FAMILIA, DO CADASTRO UNICO;08 - Assistência social;Fundo Público;AP;CUTIAS;4124.26
8;2015;2A60 - SERVICOS DE PROTECAO SOCIAL BASICA;CONSOLIDACAO DO SISTEMA UNICO DE ASSISTENCIA SOCIAL (SUAS);08 - Assistência social;Fundo Público;AP;PEDRA BRANCA DO AMAPARI;41525.00
6;2015;8446 - SERVICO DE APOIO A GESTAO DESCENTRALIZADA DO PROGRAMA BOLSA FAMILIA;INCLUSAO SOCIAL POR MEIO DO BOLSA FAMILIA, DO CADASTRO UNICO;08 - Assistência social;Fundo Público;AP;MAZAGÃO;14322.42
2;2015;8446 - SERVICO DE APOIO A GESTAO DESCENTRALIZADA DO PROGRAMA BOLSA FAMILIA;INCLUSAO SOCIAL POR MEIO DO BOLSA FAMILIA, DO CADASTRO UNICO;08 - Assistência social;Fundo Público;AP;MAZAGÃO;7200.34
8;2015;2B31 - ESTRUTURACAO DA REDE DE SERVICOS DE PROTECAO SOCIAL ESPECIAL;CONSOLIDACAO DO SISTEMA UNICO DE ASSISTENCIA SOCIAL (SUAS);08 - Assistência social;Administração Pública Municipal;AP;MACAPÁ;100000.00
12;2015;8893 - APOIO A ORGANIZACAO, A GESTAO E A VIGILANCIA SOCIAL NO TERRITORIO, NO AMBITO DO SISTEMA UNICO DE ASSISTENCIA SOCIAL - SUAS;CONSOLIDACAO DO SISTEMA UNICO DE ASSISTENCIA SOCIAL (SUAS);08 - Assistência social;Fundo Público;AP;MAZAGÃO;3099.90
8;2015;2A60 - SERVICOS DE PROTECAO SOCIAL BASICA;CONSOLIDACAO DO SISTEMA UNICO DE ASSISTENCIA SOCIAL (SUAS);08 - Assistência social;Fundo Público;AP;SANTANA;54989.33
10;2015;8893 - APOIO A ORGANIZACAO, A GESTAO E A VIGILANCIA SOCIAL NO TERRITORIO, NO AMBITO DO SISTEMA UNICO DE ASSISTENCIA SOCIAL - SUAS;CONSOLIDACAO DO SISTEMA UNICO DE ASSISTENCIA SOCIAL (SUAS);08 - Assistência social;Fundo Público;AP;CUTIAS;790.80
7;2015;8446 - SERVICO DE APOIO A GESTAO DESCENTRALIZADA DO PROGRAMA BOLSA FAMILIA;INCLUSAO SOCIAL POR MEIO DO BOLSA FAMILIA, DO CADASTRO UNICO;08 - Assistência social;Administração Pública Municipal;AP;AMAPÁ;3206.06
11;2015;8446 - SERVICO DE APOIO A GESTAO DESCENTRALIZADA DO PROGRAMA BOLSA FAMILIA;INCLUSAO SOCIAL POR MEIO DO BOLSA FAMILIA, DO CADASTRO UNICO;08 - Assistência social;Fundo Público;AP;PORTO GRANDE;13161.13
9;2015;2A60 - SERVICOS DE PROTECAO SOCIAL BASICA;CONSOLIDACAO DO SISTEMA UNICO DE ASSISTENCIA SOCIAL (SUAS);08 - Assistência social;Fundo Público;AP;PEDRA BRANCA DO AMAPARI;13000.00
10;2015;2A60 - SERVICOS DE PROTECAO SOCIAL BASICA;CONSOLIDACAO DO SISTEMA UNICO DE ASSISTENCIA SOCIAL (SUAS);08 - Assistência social;Fundo Público;AP;LARANJAL DO JARI;8400.00
7;2015;8446 - SERVICO DE APOIO A GESTAO DESCENTRALIZADA DO PROGRAMA BOLSA FAMILIA;INCLUSAO SOCIAL POR MEIO DO BOLSA FAMILIA, DO CADASTRO UNICO;08 - Assistência social;Fundo Público;AP;LARANJAL DO JARI;34778.12
3;2015;2A60 - SERVICOS DE PROTECAO SOCIAL BASICA;CONSOLIDACAO DO SISTEMA UNICO DE ASSISTENCIA SOCIAL (SUAS);08 - Assistência social;Fundo Público;AP;MAZAGÃO;6000.00
7;2015;8446 - SERVICO DE APOIO A GESTAO DESCENTRALIZADA DO PROGRAMA BOLSA FAMILIA;INCLUSAO SOCIAL POR MEIO DO BOLSA FAMILIA, DO CADASTRO UNICO;08 - Assistência social;Fundo Público;AP;SERRA DO NAVIO;2469.80
8;2015;8446 - SERVICO DE APOIO A GESTAO DESCENTRALIZADA DO PROGRAMA BOLSA FAMILIA;INCLUSAO SOCIAL POR MEIO DO BOLSA FAMILIA, DO CADASTRO UNICO;08 - Assistência social;Fundo Público;AP;MACAPÁ;99950.80
2;2015;2A65 - SERVICOS DE PROTECAO SOCIAL ESPECIAL DE MEDIA COMPLEXIDADE;CONSOLIDACAO DO SISTEMA UNICO DE ASSISTENCIA SOCIAL (SUAS);08 - Assistência social;Fundo Público;AP;SANTANA;25638.80
10;2015;8446 - SERVICO DE APOIO A GESTAO DESCENTRALIZADA DO PROGRAMA BOLSA FAMILIA;INCLUSAO SOCIAL POR MEIO DO BOLSA FAMILIA, DO CADASTRO UNICO;08 - Assistência social;Fundo Público;AP;VITÓRIA DO JARI;5195.93
11;2015;2A60 - SERVICOS DE PROTECAO SOCIAL BASICA;CONSOLIDACAO DO SISTEMA UNICO DE ASSISTENCIA SOCIAL (SUAS);08 - Assistência social;Fundo Público;AP;SANTANA;105032.70
6;2015;8446 - SERVICO DE APOIO A GESTAO DESCENTRALIZADA DO PROGRAMA BOLSA FAMILIA;INCLUSAO SOCIAL POR MEIO DO BOLSA FAMILIA, DO CADASTRO UNICO;08 - Assistência social;Fundo Público;AP;FERREIRA GOMES;6983.46
11;2015;8446 - SERVICO DE APOIO A GESTAO DESCENTRALIZADA DO PROGRAMA BOLSA FAMILIA;INCLUSAO SOCIAL POR MEIO DO BOLSA FAMILIA, DO CADASTRO UNICO;08 - Assistência social;Fundo Público;AP;PRACUÚBA;2272.14
1;2015;8893 - APOIO A ORGANIZACAO, A GESTAO E A VIGILANCIA SOCIAL NO TERRITORIO, NO AMBITO DO SISTEMA UNICO DE ASSISTENCIA SOCIAL - SUAS;CONSOLIDACAO DO SISTEMA UNICO DE ASSISTENCIA SOCIAL (SUAS);08 - Assistência social;Fundo Público;AP;PEDRA BRANCA DO AMAPARI;2472.21
9;2015;2589 - AVALIACAO E OPERACIONALIZACAO DO BENEFICIO DE PRESTACAO CONTINUADA DA ASSISTENCIA SOCIAL (BPC) E MANUTENCAO DA RENDA MENSAL VITALICIA (RMV);CONSOLIDACAO DO SISTEMA UNICO DE ASSISTENCIA SOCIAL (SUAS);08 - Assistência social;Fundo Público;AP;TARTARUGALZINHO;120.00
6;2015;2A60 - SERVICOS DE PROTECAO SOCIAL BASICA;CONSOLIDACAO DO SISTEMA UNICO DE ASSISTENCIA SOCIAL (SUAS);08 - Assistência social;Administração Pública Municipal;AP;AMAPÁ;12000.00
6;2015;8446 - SERVICO DE APOIO A GESTAO DESCENTRALIZADA DO PROGRAMA BOLSA FAMILIA;INCLUSAO SOCIAL POR MEIO DO BOLSA FAMILIA, DO CADASTRO UNICO;08 - Assistência social;Fundo Público;AP;SANTANA;81768.67
10;2015;8446 - SERVICO DE APOIO A GESTAO DESCENTRALIZADA DO PROGRAMA BOLSA FAMILIA;INCLUSAO SOCIAL POR MEIO DO BOLSA FAMILIA, DO CADASTRO UNICO;08 - Assistência social;Fundo Público;AP;MAZAGÃO;6887.28
7;2015;8446 - SERVICO DE APOIO A GESTAO DESCENTRALIZADA DO PROGRAMA BOLSA FAMILIA;INCLUSAO SOCIAL POR MEIO DO BOLSA FAMILIA, DO CADASTRO UNICO;08 - Assistência social;Fundo Público;AP;VITÓRIA DO JARI;10391.86
9;2015;2A65 - SERVICOS DE PROTECAO SOCIAL ESPECIAL DE MEDIA COMPLEXIDADE;CONSOLIDACAO DO SISTEMA UNICO DE ASSISTENCIA SOCIAL (SUAS);08 - Assistência social;Fundo Público;AP;VITÓRIA DO JARI;13000.00
7;2015;2A65 - SERVICOS DE PROTECAO SOCIAL ESPECIAL DE MEDIA COMPLEXIDADE;CONSOLIDACAO DO SISTEMA UNICO DE ASSISTENCIA SOCIAL (SUAS);08 - Assistência social;Fundo Público;AP;PEDRA BRANCA DO AMAPARI;6900.00
8;2015;2A60 - SERVICOS DE PROTECAO SOCIAL BASICA;CONSOLIDACAO DO SISTEMA UNICO DE ASSISTENCIA SOCIAL (SUAS);08 - Assistência social;Fundo Público;AP;MAZAGÃO;6000.00
7;2015;8446 - SERVICO DE APOIO A GESTAO DESCENTRALIZADA DO PROGRAMA BOLSA FAMILIA;INCLUSAO SOCIAL POR MEIO DO BOLSA FAMILIA, DO CADASTRO UNICO;08 - Assistência social;Fundo Público;AP;MACAPÁ;199223.65
11;2015;2A65 - SERVICOS DE PROTECAO SOCIAL ESPECIAL DE MEDIA COMPLEXIDADE;CONSOLIDACAO DO SISTEMA UNICO DE ASSISTENCIA SOCIAL (SUAS);08 - Assistência social;Fundo Público;AP;SANTANA;13138.80
8;2015;2589 - AVALIACAO E OPERACIONALIZACAO DO BENEFICIO DE PRESTACAO CONTINUADA DA ASSISTENCIA SOCIAL (BPC) E MANUTENCAO DA RENDA MENSAL VITALICIA (RMV);CONSOLIDACAO DO SISTEMA UNICO DE ASSISTENCIA SOCIAL (SUAS);08 - Assistência social;Fundo Público;AP;CUTIAS;400.00
6;2015;2A60 - SERVICOS DE PROTECAO SOCIAL BASICA;CONSOLIDACAO DO SISTEMA UNICO DE ASSISTENCIA SOCIAL (SUAS);08 - Assistência social;Fundo Público;AP;PEDRA BRANCA DO AMAPARI;77005.84
1;2015;2A65 - SERVICOS DE PROTECAO SOCIAL ESPECIAL DE MEDIA COMPLEXIDADE;CONSOLIDACAO DO SISTEMA UNICO DE ASSISTENCIA SOCIAL (SUAS);08 - Assistência social;Fundo Público;AP;SANTANA;37469.40
5;2015;8893 - APOIO A ORGANIZACAO, A GESTAO E A VIGILANCIA SOCIAL NO TERRITORIO, NO AMBITO DO SISTEMA UNICO DE ASSISTENCIA SOCIAL - SUAS;CONSOLIDACAO DO SISTEMA UNICO DE ASSISTENCIA SOCIAL (SUAS);08 - Assistência social;Fundo Público;AP;OIAPOQUE;4460.34
8;2015;2589 - AVALIACAO E OPERACIONALIZACAO DO BENEFICIO DE PRESTACAO CONTINUADA DA ASSISTENCIA SOCIAL (BPC) E MANUTENCAO DA RENDA MENSAL VITALICIA (RMV);CONSOLIDACAO DO SISTEMA UNICO DE ASSISTENCIA SOCIAL (SUAS);08 - Assistência social;Fundo Público;AP;TARTARUGALZINHO;360.00
2;2015;2A65 - SERVICOS DE PROTECAO SOCIAL ESPECIAL DE MEDIA COMPLEXIDADE;CONSOLIDACAO DO SISTEMA UNICO DE ASSISTENCIA SOCIAL (SUAS);08 - Assistência social;Fundo Público;AP;PEDRA BRANCA DO AMAPARI;10500.00
11;2015;2A60 - SERVICOS DE PROTECAO SOCIAL BASICA;CONSOLIDACAO DO SISTEMA UNICO DE ASSISTENCIA SOCIAL (SUAS);08 - Assistência social;Fundo Público;AP;VITÓRIA DO JARI;13500.00
1;2015;2A60 - SERVICOS DE PROTECAO SOCIAL BASICA;CONSOLIDACAO DO SISTEMA UNICO DE ASSISTENCIA SOCIAL (SUAS);08 - Assistência social;Fundo Público;AP;PORTO GRANDE;18000.00
8;2015;2A60 - SERVICOS DE PROTECAO SOCIAL BASICA;CONSOLIDACAO DO SISTEMA UNICO DE ASSISTENCIA SOCIAL (SUAS);08 - Assistência social;Fundo Público;AP;PORTO GRANDE;14532.38
12;2015;8446 - SERVICO DE APOIO A GESTAO DESCENTRALIZADA DO PROGRAMA BOLSA FAMILIA;INCLUSAO SOCIAL POR MEIO DO BOLSA FAMILIA, DO CADASTRO UNICO;08 - Assistência social;Fundo Público;AP;CUTIAS;2003.70
5;2015;20V5 - ACOES COMPLEMENTARES DE PROTECAO SOCIAL BASICA;CONSOLIDACAO DO SISTEMA UNICO DE ASSISTENCIA SOCIAL (SUAS);08 - Assistência social;Fundo Público;AP;MAZAGÃO;18060.00
12;2015;8893 - APOIO A ORGANIZACAO, A GESTAO E A VIGILANCIA SOCIAL NO TERRITORIO, NO AMBITO DO SISTEMA UNICO DE ASSISTENCIA SOCIAL - SUAS;CONSOLIDACAO DO SISTEMA UNICO DE ASSISTENCIA SOCIAL (SUAS);08 - Assistência social;Fundo Público;AP;TARTARUGALZINHO;2321.52
4;2015;2A60 - SERVICOS DE PROTECAO SOCIAL BASICA;CONSOLIDACAO DO SISTEMA UNICO DE ASSISTENCIA SOCIAL (SUAS);08 - Assistência social;Fundo Público;AP;CALÇOENE;6000.00
6;2015;8893 - APOIO A ORGANIZACAO, A GESTAO E A VIGILANCIA SOCIAL NO TERRITORIO, NO AMBITO DO SISTEMA UNICO DE ASSISTENCIA SOCIAL - SUAS;CONSOLIDACAO DO SISTEMA UNICO DE ASSISTENCIA SOCIAL (SUAS);08 - Assistência social;Fundo Público;AP;LARANJAL DO JARI;4647.56
1;2015;8893 - APOIO A ORGANIZACAO, A GESTAO E A VIGILANCIA SOCIAL NO TERRITORIO, NO AMBITO DO SISTEMA UNICO DE ASSISTENCIA SOCIAL - SUAS;CONSOLIDACAO DO SISTEMA UNICO DE ASSISTENCIA SOCIAL (SUAS);08 - Assistência social;Fundo Público;AP;SERRA DO NAVIO;1395.17
11;2015;2A65 - SERVICOS DE PROTECAO SOCIAL ESPECIAL DE MEDIA COMPLEXIDADE;CONSOLIDACAO DO SISTEMA UNICO DE ASSISTENCIA SOCIAL (SUAS);08 - Assistência social;Fundo Público;AP;PEDRA BRANCA DO AMAPARI;6900.00
1;2015;8893 - APOIO A ORGANIZACAO, A GESTAO E A VIGILANCIA SOCIAL NO TERRITORIO, NO AMBITO DO SISTEMA UNICO DE ASSISTENCIA SOCIAL - SUAS;CONSOLIDACAO DO SISTEMA UNICO DE ASSISTENCIA SOCIAL (SUAS);08 - Assistência social;Fundo Público;AP;MAZAGÃO;822.24
12;2015;2A65 - SERVICOS DE PROTECAO SOCIAL ESPECIAL DE MEDIA COMPLEXIDADE;CONSOLIDACAO DO SISTEMA UNICO DE ASSISTENCIA SOCIAL (SUAS);08 - Assistência social;Fundo Público;AP;MAZAGÃO;10800.00
11;2015;8446 - SERVICO DE APOIO A GESTAO DESCENTRALIZADA DO PROGRAMA BOLSA FAMILIA;INCLUSAO SOCIAL POR MEIO DO BOLSA FAMILIA, DO CADASTRO UNICO;08 - Assistência social;Fundo Público;AP;PEDRA BRANCA DO AMAPARI;7030.56
2;2015;8446 - SERVICO DE APOIO A GESTAO DESCENTRALIZADA DO PROGRAMA BOLSA FAMILIA;INCLUSAO SOCIAL POR MEIO DO BOLSA FAMILIA, DO CADASTRO UNICO;08 - Assistência social;Fundo Público;AP;PRACUÚBA;938.73
1;2015;2A65 - SERVICOS DE PROTECAO SOCIAL ESPECIAL DE MEDIA COMPLEXIDADE;CONSOLIDACAO DO SISTEMA UNICO DE ASSISTENCIA SOCIAL (SUAS);08 - Assistência social;Fundo Público;AP;VITÓRIA DO JARI;19500.00
5;2015;2A60 - SERVICOS DE PROTECAO SOCIAL BASICA;CONSOLIDACAO DO SISTEMA UNICO DE ASSISTENCIA SOCIAL (SUAS);08 - Assistência social;Fundo Público;AP;PEDRA BRANCA DO AMAPARI;18550.00
6;2015;8893 - APOIO A ORGANIZACAO, A GESTAO E A VIGILANCIA SOCIAL NO TERRITORIO, NO AMBITO DO SISTEMA UNICO DE ASSISTENCIA SOCIAL - SUAS;CONSOLIDACAO DO SISTEMA UNICO DE ASSISTENCIA SOCIAL (SUAS);08 - Assistência social;Fundo Público;AP;CUTIAS;1581.60
8;2015;8446 - SERVICO DE APOIO A GESTAO DESCENTRALIZADA DO PROGRAMA BOLSA FAMILIA;INCLUSAO SOCIAL POR MEIO DO BOLSA FAMILIA, DO CADASTRO UNICO;08 - Assistência social;Fundo Público;AP;PEDRA BRANCA DO AMAPARI;3550.99
11;2015;2A60 - SERVICOS DE PROTECAO SOCIAL BASICA;CONSOLIDACAO DO SISTEMA UNICO DE ASSISTENCIA SOCIAL (SUAS);08 - Assistência social;Fundo Público;AP;LARANJAL DO JARI;76226.04
5;2015;20V5 - ACOES COMPLEMENTARES DE PROTECAO SOCIAL BASICA;CONSOLIDACAO DO SISTEMA UNICO DE ASSISTENCIA SOCIAL (SUAS);08 - Assistência social;Fundo Público;AP;SANTANA;40036.00
10;2015;2A60 - SERVICOS DE PROTECAO SOCIAL BASICA;CONSOLIDACAO DO SISTEMA UNICO DE ASSISTENCIA SOCIAL (SUAS);08 - Assistência social;Fundo Público;AP;AMAPÁ;6000.00
2;2015;2A60 - SERVICOS DE PROTECAO SOCIAL BASICA;CONSOLIDACAO DO SISTEMA UNICO DE ASSISTENCIA SOCIAL (SUAS);08 - Assistência social;Fundo Público;AP;VITÓRIA DO JARI;4500.00
8;2015;8446 - SERVICO DE APOIO A GESTAO DESCENTRALIZADA DO PROGRAMA BOLSA FAMILIA;INCLUSAO SOCIAL POR MEIO DO BOLSA FAMILIA, DO CADASTRO UNICO;08 - Assistência social;Fundo Público;AP;PORTO GRANDE;6723.52
11;2015;8446 - SERVICO DE APOIO A GESTAO DESCENTRALIZADA DO PROGRAMA BOLSA FAMILIA;INCLUSAO SOCIAL POR MEIO DO BOLSA FAMILIA, DO CADASTRO UNICO;08 - Assistência social;Fundo Público;AP;OIAPOQUE;10931.97
10;2015;8446 - SERVICO DE APOIO A GESTAO DESCENTRALIZADA DO PROGRAMA BOLSA FAMILIA;INCLUSAO SOCIAL POR MEIO DO BOLSA FAMILIA, DO CADASTRO UNICO;08 - Assistência social;Fundo Público;AP;SERRA DO NAVIO;1220.36
11;2015;8446 - SERVICO DE APOIO A GESTAO DESCENTRALIZADA DO PROGRAMA BOLSA FAMILIA;INCLUSAO SOCIAL POR MEIO DO BOLSA FAMILIA, DO CADASTRO UNICO;08 - Assistência social;Fundo Público;AP;SERRA DO NAVIO;2600.72
9;2015;2A60 - SERVICOS DE PROTECAO SOCIAL BASICA;CONSOLIDACAO DO SISTEMA UNICO DE ASSISTENCIA SOCIAL (SUAS);08 - Assistência social;Fundo Público;AP;PORTO GRANDE;18000.00
12;2015;8446 - SERVICO DE APOIO A GESTAO DESCENTRALIZADA DO PROGRAMA BOLSA FAMILIA;INCLUSAO SOCIAL POR MEIO DO BOLSA FAMILIA, DO CADASTRO UNICO;08 - Assistência social;Fundo Público;AP;MACAPÁ;87124.52
10;2015;2589 - AVALIACAO E OPERACIONALIZACAO DO BENEFICIO DE PRESTACAO CONTINUADA DA ASSISTENCIA SOCIAL (BPC) E MANUTENCAO DA RENDA MENSAL VITALICIA (RMV);CONSOLIDACAO DO SISTEMA UNICO DE ASSISTENCIA SOCIAL (SUAS);08 - Assistência social;Fundo Público;AP;TARTARUGALZINHO;200.00
5;2015;8893 - APOIO A ORGANIZACAO, A GESTAO E A VIGILANCIA SOCIAL NO TERRITORIO, NO AMBITO DO SISTEMA UNICO DE ASSISTENCIA SOCIAL - SUAS;CONSOLIDACAO DO SISTEMA UNICO DE ASSISTENCIA SOCIAL (SUAS);08 - Assistência social;Fundo Público;AP;MAZAGÃO;822.24
6;2015;8446 - SERVICO DE APOIO A GESTAO DESCENTRALIZADA DO PROGRAMA BOLSA FAMILIA;INCLUSAO SOCIAL POR MEIO DO BOLSA FAMILIA, DO CADASTRO UNICO;08 - Assistência social;Fundo Público;AP;PORTO GRANDE;19149.25
9;2015;8446 - SERVICO DE APOIO A GESTAO DESCENTRALIZADA DO PROGRAMA BOLSA FAMILIA;INCLUSAO SOCIAL POR MEIO DO BOLSA FAMILIA, DO CADASTRO UNICO;08 - Assistência social;Fundo Público;AP;SERRA DO NAVIO;1366.14
2;2015;8446 - SERVICO DE APOIO A GESTAO DESCENTRALIZADA DO PROGRAMA BOLSA FAMILIA;INCLUSAO SOCIAL POR MEIO DO BOLSA FAMILIA, DO CADASTRO UNICO;08 - Assistência social;Fundo Público;AP;PEDRA BRANCA DO AMAPARI;3363.22
2;2015;2A65 - SERVICOS DE PROTECAO SOCIAL ESPECIAL DE MEDIA COMPLEXIDADE;CONSOLIDACAO DO SISTEMA UNICO DE ASSISTENCIA SOCIAL (SUAS);08 - Assistência social;Fundo Público;AP;MAZAGÃO;3600.00
7;2015;2A60 - SERVICOS DE PROTECAO SOCIAL BASICA;CONSOLIDACAO DO SISTEMA UNICO DE ASSISTENCIA SOCIAL (SUAS);08 - Assistência social;Fundo Público;AP;MAZAGÃO;6000.00
7;2015;2B30 - ESTRUTURACAO DA REDE DE SERVICOS DE PROTECAO SOCIAL BASICA;CONSOLIDACAO DO SISTEMA UNICO DE ASSISTENCIA SOCIAL (SUAS);08 - Assistência social;Administração Pública Municipal;AP;PORTO GRANDE;250000.00
6;2015;2A60 - SERVICOS DE PROTECAO SOCIAL BASICA;CONSOLIDACAO DO SISTEMA UNICO DE ASSISTENCIA SOCIAL (SUAS);08 - Assistência social;Fundo Público;AP;SANTANA;24000.00
11;2015;8446 - SERVICO DE APOIO A GESTAO DESCENTRALIZADA DO PROGRAMA BOLSA FAMILIA;INCLUSAO SOCIAL POR MEIO DO BOLSA FAMILIA, DO CADASTRO UNICO;08 - Assistência social;Fundo Público;AP;MACAPÁ;179342.65
12;2015;8893 - APOIO A ORGANIZACAO, A GESTAO E A VIGILANCIA SOCIAL NO TERRITORIO, NO AMBITO DO SISTEMA UNICO DE ASSISTENCIA SOCIAL - SUAS;CONSOLIDACAO DO SISTEMA UNICO DE ASSISTENCIA SOCIAL (SUAS);08 - Assistência social;Fundo Público;AP;PEDRA BRANCA DO AMAPARI;6990.36
2;2015;8446 - SERVICO DE APOIO A GESTAO DESCENTRALIZADA DO PROGRAMA BOLSA FAMILIA;INCLUSAO SOCIAL POR MEIO DO BOLSA FAMILIA, DO CADASTRO UNICO;08 - Assistência social;Fundo Público;AP;MACAPÁ;85709.75
9;2015;8893 - APOIO A ORGANIZACAO, A GESTAO E A VIGILANCIA SOCIAL NO TERRITORIO, NO AMBITO DO SISTEMA UNICO DE ASSISTENCIA SOCIAL - SUAS;CONSOLIDACAO DO SISTEMA UNICO DE ASSISTENCIA SOCIAL (SUAS);08 - Assistência social;Fundo Público;AP;LARANJAL DO JARI;11618.90
1;2015;8893 - APOIO A ORGANIZACAO, A GESTAO E A VIGILANCIA SOCIAL NO TERRITORIO, NO AMBITO DO SISTEMA UNICO DE ASSISTENCIA SOCIAL - SUAS;CONSOLIDACAO DO SISTEMA UNICO DE ASSISTENCIA SOCIAL (SUAS);08 - Assistência social;Fundo Público;AP;OIAPOQUE;1486.78
10;2015;2A60 - SERVICOS DE PROTECAO SOCIAL BASICA;CONSOLIDACAO DO SISTEMA UNICO DE ASSISTENCIA SOCIAL (SUAS);08 - Assistência social;Fundo Público;AP;OIAPOQUE;8400.00
9;2015;8446 - SERVICO DE APOIO A GESTAO DESCENTRALIZADA DO PROGRAMA BOLSA FAMILIA;INCLUSAO SOCIAL POR MEIO DO BOLSA FAMILIA, DO CADASTRO UNICO;08 - Assistência social;Fundo Público;AP;MACAPÁ;124285.14
9;2015;2A60 - SERVICOS DE PROTECAO SOCIAL BASICA;CONSOLIDACAO DO SISTEMA UNICO DE ASSISTENCIA SOCIAL (SUAS);08 - Assistência social;Fundo Público;AP;SERRA DO NAVIO;18000.00
1;2015;8893 - APOIO A ORGANIZACAO, A GESTAO E A VIGILANCIA SOCIAL NO TERRITORIO, NO AMBITO DO SISTEMA UNICO DE ASSISTENCIA SOCIAL - SUAS;CONSOLIDACAO DO SISTEMA UNICO DE ASSISTENCIA SOCIAL (SUAS);08 - Assistência social;Fundo Público;AP;FERREIRA GOMES;674.95
9;2015;8893 - APOIO A ORGANIZACAO, A GESTAO E A VIGILANCIA SOCIAL NO TERRITORIO, NO AMBITO DO SISTEMA UNICO DE ASSISTENCIA SOCIAL - SUAS;CONSOLIDACAO DO SISTEMA UNICO DE ASSISTENCIA SOCIAL (SUAS);08 - Assistência social;Fundo Público;AP;CALÇOENE;5335.47
8;2015;2A60 - SERVICOS DE PROTECAO SOCIAL BASICA;CONSOLIDACAO DO SISTEMA UNICO DE ASSISTENCIA SOCIAL (SUAS);08 - Assistência social;Fundo Público;AP;VITÓRIA DO JARI;52400.36
5;2015;2A65 - SERVICOS DE PROTECAO SOCIAL ESPECIAL DE MEDIA COMPLEXIDADE;CONSOLIDACAO DO SISTEMA UNICO DE ASSISTENCIA SOCIAL (SUAS);08 - Assistência social;Fundo Público;AP;PEDRA BRANCA DO AMAPARI;13800.00
2;2015;8446 - SERVICO DE APOIO A GESTAO DESCENTRALIZADA DO PROGRAMA BOLSA FAMILIA;INCLUSAO SOCIAL POR MEIO DO BOLSA FAMILIA, DO CADASTRO UNICO;08 - Assistência social;Fundo Público;AP;FERREIRA GOMES;2327.82
5;2015;8893 - APOIO A ORGANIZACAO, A GESTAO E A VIGILANCIA SOCIAL NO TERRITORIO, NO AMBITO DO SISTEMA UNICO DE ASSISTENCIA SOCIAL - SUAS;CONSOLIDACAO DO SISTEMA UNICO DE ASSISTENCIA SOCIAL (SUAS);08 - Assistência social;Fundo Público;AP;TARTARUGALZINHO;5391.55
2;2015;8446 - SERVICO DE APOIO A GESTAO DESCENTRALIZADA DO PROGRAMA BOLSA FAMILIA;INCLUSAO SOCIAL POR MEIO DO BOLSA FAMILIA, DO CADASTRO UNICO;08 - Assistência social;Fundo Público;AP;SERRA DO NAVIO;1271.89
11;2015;2A60 - SERVICOS DE PROTECAO SOCIAL BASICA;CONSOLIDACAO DO SISTEMA UNICO DE ASSISTENCIA SOCIAL (SUAS);08 - Assistência social;Fundo Público;AP;TARTARUGALZINHO;31575.00
2;2015;2A69 - SERVICOS DE PROTECAO SOCIAL ESPECIAL DE ALTA COMPLEXIDADE;CONSOLIDACAO DO SISTEMA UNICO DE ASSISTENCIA SOCIAL (SUAS);08 - Assistência social;Fundo Público;AP;SANTANA;9000.00
9;2015;2A65 - SERVICOS DE PROTECAO SOCIAL ESPECIAL DE MEDIA COMPLEXIDADE;CONSOLIDACAO DO SISTEMA UNICO DE ASSISTENCIA SOCIAL (SUAS);08 - Assistência social;Fundo Público;AP;OIAPOQUE;52000.00
5;2015;20V5 - ACOES COMPLEMENTARES DE PROTECAO SOCIAL BASICA;CONSOLIDACAO DO SISTEMA UNICO DE ASSISTENCIA SOCIAL (SUAS);08 - Assistência social;Fundo Público;AP;PEDRA BRANCA DO AMAPARI;21250.00
10;2015;8446 - SERVICO DE APOIO A GESTAO DESCENTRALIZADA DO PROGRAMA BOLSA FAMILIA;INCLUSAO SOCIAL POR MEIO DO BOLSA FAMILIA, DO CADASTRO UNICO;08 - Assistência social;Fundo Público;AP;PRACUÚBA;831.87
11;2015;8446 - SERVICO DE APOIO A GESTAO DESCENTRALIZADA DO PROGRAMA BOLSA FAMILIA;INCLUSAO SOCIAL POR MEIO DO BOLSA FAMILIA, DO CADASTRO UNICO;08 - Assistência social;Fundo Público;AP;LARANJAL DO JARI;33414.74
12;2015;8446 - SERVICO DE APOIO A GESTAO DESCENTRALIZADA DO PROGRAMA BOLSA FAMILIA;INCLUSAO SOCIAL POR MEIO DO BOLSA FAMILIA, DO CADASTRO UNICO;08 - Assistência social;Fundo Público;AP;TARTARUGALZINHO;5385.59
8;2015;8446 - SERVICO DE APOIO A GESTAO DESCENTRALIZADA DO PROGRAMA BOLSA FAMILIA;INCLUSAO SOCIAL POR MEIO DO BOLSA FAMILIA, DO CADASTRO UNICO;08 - Assistência social;Fundo Público;AP;VITÓRIA DO JARI;5195.93
7;2015;8446 - SERVICO DE APOIO A GESTAO DESCENTRALIZADA DO PROGRAMA BOLSA FAMILIA;INCLUSAO SOCIAL POR MEIO DO BOLSA FAMILIA, DO CADASTRO UNICO;08 - Assistência social;Fundo Público;AP;SANTANA;56527.12
12;2015;8446 - SERVICO DE APOIO A GESTAO DESCENTRALIZADA DO PROGRAMA BOLSA FAMILIA;INCLUSAO SOCIAL POR MEIO DO BOLSA FAMILIA, DO CADASTRO UNICO;08 - Assistência social;Fundo Público;AP;VITÓRIA DO JARI;5329.87
1;2015;2A65 - SERVICOS DE PROTECAO SOCIAL ESPECIAL DE MEDIA COMPLEXIDADE;CONSOLIDACAO DO SISTEMA UNICO DE ASSISTENCIA SOCIAL (SUAS);08 - Assistência social;Fundo Público;AP;OIAPOQUE;19500.00
6;2015;8446 - SERVICO DE APOIO A GESTAO DESCENTRALIZADA DO PROGRAMA BOLSA FAMILIA;INCLUSAO SOCIAL POR MEIO DO BOLSA FAMILIA, DO CADASTRO UNICO;08 - Assistência social;Fundo Público;AP;OIAPOQUE;6012.11
12;2015;8446 - SERVICO DE APOIO A GESTAO DESCENTRALIZADA DO PROGRAMA BOLSA FAMILIA;INCLUSAO SOCIAL POR MEIO DO BOLSA FAMILIA, DO CADASTRO UNICO;08 - Assistência social;Fundo Público;AP;SERRA DO NAVIO;1430.00
5;2015;2A60 - SERVICOS DE PROTECAO SOCIAL BASICA;CONSOLIDACAO DO SISTEMA UNICO DE ASSISTENCIA SOCIAL (SUAS);08 - Assistência social;Fundo Público;AP;LARANJAL DO JARI;16160.00
1;2015;2A60 - SERVICOS DE PROTECAO SOCIAL BASICA;CONSOLIDACAO DO SISTEMA UNICO DE ASSISTENCIA SOCIAL (SUAS);08 - Assistência social;Fundo Público;AP;FERREIRA GOMES;18000.00
1;2015;2A60 - SERVICOS DE PROTECAO SOCIAL BASICA;CONSOLIDACAO DO SISTEMA UNICO DE ASSISTENCIA SOCIAL (SUAS);08 - Assistência social;Fundo Público;AP;SERRA DO NAVIO;18000.00
8;2015;2A60 - SERVICOS DE PROTECAO SOCIAL BASICA;CONSOLIDACAO DO SISTEMA UNICO DE ASSISTENCIA SOCIAL (SUAS);08 - Assistência social;Fundo Público;AP;CALÇOENE;24250.00
2;2015;2A60 - SERVICOS DE PROTECAO SOCIAL BASICA;CONSOLIDACAO DO SISTEMA UNICO DE ASSISTENCIA SOCIAL (SUAS);08 - Assistência social;Fundo Público;AP;OIAPOQUE;4500.00
9;2015;8446 - SERVICO DE APOIO A GESTAO DESCENTRALIZADA DO PROGRAMA BOLSA FAMILIA;INCLUSAO SOCIAL POR MEIO DO BOLSA FAMILIA, DO CADASTRO UNICO;08 - Assistência social;Fundo Público;AP;AMAPÁ;3169.63
12;2015;8446 - SERVICO DE APOIO A GESTAO DESCENTRALIZADA DO PROGRAMA BOLSA FAMILIA;INCLUSAO SOCIAL POR MEIO DO BOLSA FAMILIA, DO CADASTRO UNICO;08 - Assistência social;Fundo Público;AP;LARANJAL DO JARI;15883.24
9;2015;8446 - SERVICO DE APOIO A GESTAO DESCENTRALIZADA DO PROGRAMA BOLSA FAMILIA;INCLUSAO SOCIAL POR MEIO DO BOLSA FAMILIA, DO CADASTRO UNICO;08 - Assistência social;Fundo Público;AP;OIAPOQUE;8269.89
12;2015;8446 - SERVICO DE APOIO A GESTAO DESCENTRALIZADA DO PROGRAMA BOLSA FAMILIA;INCLUSAO SOCIAL POR MEIO DO BOLSA FAMILIA, DO CADASTRO UNICO;08 - Assistência social;Fundo Público;AP;PORTO GRANDE;6583.10
12;2015;2589 - AVALIACAO E OPERACIONALIZACAO DO BENEFICIO DE PRESTACAO CONTINUADA DA ASSISTENCIA SOCIAL (BPC) E MANUTENCAO DA RENDA MENSAL VITALICIA (RMV);CONSOLIDACAO DO SISTEMA UNICO DE ASSISTENCIA SOCIAL (SUAS);08 - Assistência social;Fundo Público;AP;TARTARUGALZINHO;40.00
4;2015;2A60 - SERVICOS DE PROTECAO SOCIAL BASICA;CONSOLIDACAO DO SISTEMA UNICO DE ASSISTENCIA SOCIAL (SUAS);08 - Assistência social;Fundo Público;AP;PEDRA BRANCA DO AMAPARI;6000.00
9;2015;8446 - SERVICO DE APOIO A GESTAO DESCENTRALIZADA DO PROGRAMA BOLSA FAMILIA;INCLUSAO SOCIAL POR MEIO DO BOLSA FAMILIA, DO CADASTRO UNICO;08 - Assistência social;Fundo Público;AP;CUTIAS;2171.44
6;2015;8446 - SERVICO DE APOIO A GESTAO DESCENTRALIZADA DO PROGRAMA BOLSA FAMILIA;INCLUSAO SOCIAL POR MEIO DO BOLSA FAMILIA, DO CADASTRO UNICO;08 - Assistência social;Fundo Público;AP;PEDRA BRANCA DO AMAPARI;10999.46
7;2015;2A65 - SERVICOS DE PROTECAO SOCIAL ESPECIAL DE MEDIA COMPLEXIDADE;CONSOLIDACAO DO SISTEMA UNICO DE ASSISTENCIA SOCIAL (SUAS);08 - Assistência social;Fundo Público;AP;LARANJAL DO JARI;43600.00
11;2015;8446 - SERVICO DE APOIO A GESTAO DESCENTRALIZADA DO PROGRAMA BOLSA FAMILIA;INCLUSAO SOCIAL POR MEIO DO BOLSA FAMILIA, DO CADASTRO UNICO;08 - Assistência social;Fundo Público;AP;CALÇOENE;7604.07
10;2015;2589 - AVALIACAO E OPERACIONALIZACAO DO BENEFICIO DE PRESTACAO CONTINUADA DA ASSISTENCIA SOCIAL (BPC) E MANUTENCAO DA RENDA MENSAL VITALICIA (RMV);CONSOLIDACAO DO SISTEMA UNICO DE ASSISTENCIA SOCIAL (SUAS);08 - Assistência social;Fundo Público;AP;PORTO GRANDE;120.00
7;2015;2A60 - SERVICOS DE PROTECAO SOCIAL BASICA;CONSOLIDACAO DO SISTEMA UNICO DE ASSISTENCIA SOCIAL (SUAS);08 - Assistência social;Fundo Público;AP;SANTANA;24000.00
4;2015;2A60 - SERVICOS DE PROTECAO SOCIAL BASICA;CONSOLIDACAO DO SISTEMA UNICO DE ASSISTENCIA SOCIAL (SUAS);08 - Assistência social;Fundo Público;AP;FERREIRA GOMES;13500.00
5;2015;2A60 - SERVICOS DE PROTECAO SOCIAL BASICA;CONSOLIDACAO DO SISTEMA UNICO DE ASSISTENCIA SOCIAL (SUAS);08 - Assistência social;Fundo Público;AP;CALÇOENE;34600.00
6;2015;8446 - SERVICO DE APOIO A GESTAO DESCENTRALIZADA DO PROGRAMA BOLSA FAMILIA;INCLUSAO SOCIAL POR MEIO DO BOLSA FAMILIA, DO CADASTRO UNICO;08 - Assistência social;Fundo Público;AP;MACAPÁ;275222.01
8;2015;8446 - SERVICO DE APOIO A GESTAO DESCENTRALIZADA DO PROGRAMA BOLSA FAMILIA;INCLUSAO SOCIAL POR MEIO DO BOLSA FAMILIA, DO CADASTRO UNICO;08 - Assistência social;Fundo Público;AP;OIAPOQUE;5936.96
