11;2015;20RP - APOIO A INFRAESTRUTURA PARA A EDUCACAO BASICA;EDUCACAO BASICA;12 - Educação;Administração Pública Municipal;AP;SANTANA;71605.40
11;2015;0969 - APOIO AO TRANSPORTE ESCOLAR NA EDUCACAO BASICA;EDUCACAO BASICA;12 - Educação;Administração Pública Municipal;AP;VITÓRIA DO JARI;10200.31
8;2015;0969 - APOIO AO TRANSPORTE ESCOLAR NA EDUCACAO BASICA;EDUCACAO BASICA;12 - Educação;Administração Pública Municipal;AP;PORTO GRANDE;14499.25
11;2015;0515 - DINHEIRO DIRETO NA ESCOLA PARA A EDUCACAO BASICA;EDUCACAO BASICA;12 - Educação;Administração Pública Municipal;AP;ITAUBAL;15380.00
12;2015;0969 - APOIO AO TRANSPORTE ESCOLAR NA EDUCACAO BASICA;EDUCACAO BASICA;12 - Educação;Administração Pública Estadual ou do Distrito Federal;AP;MACAPÁ;205763.55
11;2015;8744 - APOIO A ALIMENTACAO ESCOLAR NA EDUCACAO BASICA (PNAE);EDUCACAO BASICA;12 - Educação;Administração Pública Municipal;AP;OIAPOQUE;28130.00
5;2015;8744 - APOIO A ALIMENTACAO ESCOLAR NA EDUCACAO BASICA (PNAE);EDUCACAO BASICA;12 - Educação;Administração Pública Municipal;AP;CALÇOENE;16702.00
6;2015;0969 - APOIO AO TRANSPORTE ESCOLAR NA EDUCACAO BASICA;EDUCACAO BASICA;12 - Educação;Administração Pública Municipal;AP;PORTO GRANDE;14499.25
9;2015;0969 - APOIO AO TRANSPORTE ESCOLAR NA EDUCACAO BASICA;EDUCACAO BASICA;12 - Educação;Administração Pública Municipal;AP;ITAUBAL;2262.71
9;2015;8744 - APOIO A ALIMENTACAO ESCOLAR NA EDUCACAO BASICA (PNAE);EDUCACAO BASICA;12 - Educação;Administração Pública Estadual ou do Distrito Federal;AP;MACAPÁ;1167898.40
11;2015;0515 - DINHEIRO DIRETO NA ESCOLA PARA A EDUCACAO BASICA;EDUCACAO BASICA;12 - Educação;Entidades Sem Fins Lucrativos;AP;PEDRA BRANCA DO AMAPARI;3740.00
2;2015;0515 - DINHEIRO DIRETO NA ESCOLA PARA A EDUCACAO BASICA;EDUCACAO BASICA;12 - Educação;Administração Pública Municipal;AP;LARANJAL DO JARI;6090.00
3;2015;8744 - APOIO A ALIMENTACAO ESCOLAR NA EDUCACAO BASICA (PNAE);EDUCACAO BASICA;12 - Educação;Administração Pública Municipal;AP;PORTO GRANDE;39528.00
7;2015;8744 - APOIO A ALIMENTACAO ESCOLAR NA EDUCACAO BASICA (PNAE);EDUCACAO BASICA;12 - Educação;Administração Pública Municipal;AP;TARTARUGALZINHO;19398.00
11;2015;8744 - APOIO A ALIMENTACAO ESCOLAR NA EDUCACAO BASICA (PNAE);EDUCACAO BASICA;12 - Educação;Administração Pública Municipal;AP;MACAPÁ;504350.00
3;2015;0515 - DINHEIRO DIRETO NA ESCOLA PARA A EDUCACAO BASICA;EDUCACAO BASICA;12 - Educação;Entidades Sem Fins Lucrativos;AP;VITÓRIA DO JARI;106550.00
4;2015;0969 - APOIO AO TRANSPORTE ESCOLAR NA EDUCACAO BASICA;EDUCACAO BASICA;12 - Educação;Administração Pública Municipal;AP;AMAPÁ;1065.32
12;2015;0969 - APOIO AO TRANSPORTE ESCOLAR NA EDUCACAO BASICA;EDUCACAO BASICA;12 - Educação;Administração Pública Municipal;AP;CALÇOENE;6082.09
8;2015;0969 - APOIO AO TRANSPORTE ESCOLAR NA EDUCACAO BASICA;EDUCACAO BASICA;12 - Educação;Administração Pública Municipal;AP;ITAUBAL;1745.52
6;2015;0515 - DINHEIRO DIRETO NA ESCOLA PARA A EDUCACAO BASICA;EDUCACAO BASICA;12 - Educação;Entidades Sem Fins Lucrativos;AP;LARANJAL DO JARI;44600.00
5;2015;0969 - APOIO AO TRANSPORTE ESCOLAR NA EDUCACAO BASICA;EDUCACAO BASICA;12 - Educação;Administração Pública Municipal;AP;PORTO GRANDE;14499.25
11;2015;8744 - APOIO A ALIMENTACAO ESCOLAR NA EDUCACAO BASICA (PNAE);EDUCACAO BASICA;12 - Educação;Administração Pública Municipal;AP;SANTANA;124306.00
10;2015;8744 - APOIO A ALIMENTACAO ESCOLAR NA EDUCACAO BASICA (PNAE);EDUCACAO BASICA;12 - Educação;Administração Pública Municipal;AP;MAZAGÃO;37318.00
3;2015;8744 - APOIO A ALIMENTACAO ESCOLAR NA EDUCACAO BASICA (PNAE);EDUCACAO BASICA;12 - Educação;Administração Pública Municipal;AP;MACAPÁ;462890.00
10;2015;0969 - APOIO AO TRANSPORTE ESCOLAR NA EDUCACAO BASICA;EDUCACAO BASICA;12 - Educação;Administração Pública Municipal;AP;TARTARUGALZINHO;2646.33
11;2015;8744 - APOIO A ALIMENTACAO ESCOLAR NA EDUCACAO BASICA (PNAE);EDUCACAO BASICA;12 - Educação;Administração Pública Municipal;AP;PRACUÚBA;4800.00
11;2015;8744 - APOIO A ALIMENTACAO ESCOLAR NA EDUCACAO BASICA (PNAE);EDUCACAO BASICA;12 - Educação;Administração Pública Municipal;AP;MAZAGÃO;28100.00
10;2015;12KV - IMPLANTACAO E ADEQUACAO DE ESTRUTURAS ESPORTIVAS ESCOLARES;EDUCACAO BASICA;12 - Educação;Administração Pública Municipal;AP;TARTARUGALZINHO;101978.77
7;2015;8744 - APOIO A ALIMENTACAO ESCOLAR NA EDUCACAO BASICA (PNAE);EDUCACAO BASICA;12 - Educação;Administração Pública Municipal;AP;PRACUÚBA;2940.00
6;2015;0969 - APOIO AO TRANSPORTE ESCOLAR NA EDUCACAO BASICA;EDUCACAO BASICA;12 - Educação;Administração Pública Municipal;AP;MAZAGÃO;23673.44
11;2015;0515 - DINHEIRO DIRETO NA ESCOLA PARA A EDUCACAO BASICA;EDUCACAO BASICA;12 - Educação;Entidades Sem Fins Lucrativos;AP;FERREIRA GOMES;4480.00
3;2015;8744 - APOIO A ALIMENTACAO ESCOLAR NA EDUCACAO BASICA (PNAE);EDUCACAO BASICA;12 - Educação;Administração Pública Municipal;AP;TARTARUGALZINHO;13566.00
11;2015;0515 - DINHEIRO DIRETO NA ESCOLA PARA A EDUCACAO BASICA;EDUCACAO BASICA;12 - Educação;Entidades Sem Fins Lucrativos;AP;MAZAGÃO;11740.00
7;2015;8744 - APOIO A ALIMENTACAO ESCOLAR NA EDUCACAO BASICA (PNAE);EDUCACAO BASICA;12 - Educação;Administração Pública Municipal;AP;CALÇOENE;6576.00
3;2015;8744 - APOIO A ALIMENTACAO ESCOLAR NA EDUCACAO BASICA (PNAE);EDUCACAO BASICA;12 - Educação;Administração Pública Municipal;AP;OIAPOQUE;28130.00
6;2015;8744 - APOIO A ALIMENTACAO ESCOLAR NA EDUCACAO BASICA (PNAE);EDUCACAO BASICA;12 - Educação;Administração Pública Municipal;AP;SERRA DO NAVIO;4376.00
11;2015;4014 - CENSO ESCOLAR DA EDUCACAO BASICA;EDUCACAO BASICA;12 - Educação;Administração Pública Estadual ou do Distrito Federal;AP;MACAPÁ;208033.48
9;2015;8744 - APOIO A ALIMENTACAO ESCOLAR NA EDUCACAO BASICA (PNAE);EDUCACAO BASICA;12 - Educação;Administração Pública Municipal;AP;SERRA DO NAVIO;4296.00
6;2015;8744 - APOIO A ALIMENTACAO ESCOLAR NA EDUCACAO BASICA (PNAE);EDUCACAO BASICA;12 - Educação;Administração Pública Estadual ou do Distrito Federal;AP;MACAPÁ;923548.40
12;2015;0515 - DINHEIRO DIRETO NA ESCOLA PARA A EDUCACAO BASICA;EDUCACAO BASICA;12 - Educação;Entidades Sem Fins Lucrativos;AP;MACAPÁ;23580.00
10;2015;8744 - APOIO A ALIMENTACAO ESCOLAR NA EDUCACAO BASICA (PNAE);EDUCACAO BASICA;12 - Educação;Administração Pública Estadual ou do Distrito Federal;AP;MACAPÁ;1167898.40
11;2015;0515 - DINHEIRO DIRETO NA ESCOLA PARA A EDUCACAO BASICA;EDUCACAO BASICA;12 - Educação;Administração Pública Municipal;AP;AMAPÁ;5040.00
6;2015;0969 - APOIO AO TRANSPORTE ESCOLAR NA EDUCACAO BASICA;EDUCACAO BASICA;12 - Educação;Administração Pública Municipal;AP;TARTARUGALZINHO;2646.33
12;2015;0969 - APOIO AO TRANSPORTE ESCOLAR NA EDUCACAO BASICA;EDUCACAO BASICA;12 - Educação;Administração Pública Municipal;AP;PORTO GRANDE;14499.22
7;2015;0515 - DINHEIRO DIRETO NA ESCOLA PARA A EDUCACAO BASICA;EDUCACAO BASICA;12 - Educação;Entidades Sem Fins Lucrativos;AP;MACAPÁ;97055.99
9;2015;0969 - APOIO AO TRANSPORTE ESCOLAR NA EDUCACAO BASICA;EDUCACAO BASICA;12 - Educação;Administração Pública Municipal;AP;TARTARUGALZINHO;2646.33
4;2015;8744 - APOIO A ALIMENTACAO ESCOLAR NA EDUCACAO BASICA (PNAE);EDUCACAO BASICA;12 - Educação;Administração Pública Municipal;AP;VITÓRIA DO JARI;46008.00
5;2015;0969 - APOIO AO TRANSPORTE ESCOLAR NA EDUCACAO BASICA;EDUCACAO BASICA;12 - Educação;Administração Pública Estadual ou do Distrito Federal;AP;MACAPÁ;411526.52
5;2015;8744 - APOIO A ALIMENTACAO ESCOLAR NA EDUCACAO BASICA (PNAE);EDUCACAO BASICA;12 - Educação;Administração Pública Estadual ou do Distrito Federal;AP;MACAPÁ;923548.40
9;2015;8744 - APOIO A ALIMENTACAO ESCOLAR NA EDUCACAO BASICA (PNAE);EDUCACAO BASICA;12 - Educação;Administração Pública Municipal;AP;FERREIRA GOMES;10268.00
12;2015;0969 - APOIO AO TRANSPORTE ESCOLAR NA EDUCACAO BASICA;EDUCACAO BASICA;12 - Educação;Administração Pública Municipal;AP;PRACUÚBA;2028.90
11;2015;0515 - DINHEIRO DIRETO NA ESCOLA PARA A EDUCACAO BASICA;EDUCACAO BASICA;12 - Educação;Administração Pública Municipal;AP;PORTO GRANDE;8100.00
7;2015;0515 - DINHEIRO DIRETO NA ESCOLA PARA A EDUCACAO BASICA;EDUCACAO BASICA;12 - Educação;Entidades Sem Fins Lucrativos;AP;PORTO GRANDE;20000.00
8;2015;8744 - APOIO A ALIMENTACAO ESCOLAR NA EDUCACAO BASICA (PNAE);EDUCACAO BASICA;12 - Educação;Administração Pública Municipal;AP;OIAPOQUE;16706.00
10;2015;0969 - APOIO AO TRANSPORTE ESCOLAR NA EDUCACAO BASICA;EDUCACAO BASICA;12 - Educação;Administração Pública Municipal;AP;MAZAGÃO;23673.44
9;2015;0969 - APOIO AO TRANSPORTE ESCOLAR NA EDUCACAO BASICA;EDUCACAO BASICA;12 - Educação;Administração Pública Municipal;AP;MAZAGÃO;23673.44
11;2015;0969 - APOIO AO TRANSPORTE ESCOLAR NA EDUCACAO BASICA;EDUCACAO BASICA;12 - Educação;Administração Pública Municipal;AP;TARTARUGALZINHO;2646.33
7;2015;8744 - APOIO A ALIMENTACAO ESCOLAR NA EDUCACAO BASICA (PNAE);EDUCACAO BASICA;12 - Educação;Administração Pública Municipal;AP;LARANJAL DO JARI;75622.00
2;2015;8790 - APOIO A ALFABETIZACAO E A EDUCACAO DE JOVENS E ADULTOS;EDUCACAO BASICA;12 - Educação;Administração Pública Municipal;AP;LARANJAL DO JARI;61253.08
11;2015;0515 - DINHEIRO DIRETO NA ESCOLA PARA A EDUCACAO BASICA;EDUCACAO BASICA;12 - Educação;Administração Pública Municipal;AP;CUTIAS;6960.00
6;2015;12KV - IMPLANTACAO E ADEQUACAO DE ESTRUTURAS ESPORTIVAS ESCOLARES;EDUCACAO BASICA;12 - Educação;Administração Pública Municipal;AP;PORTO GRANDE;152980.62
4;2015;0969 - APOIO AO TRANSPORTE ESCOLAR NA EDUCACAO BASICA;EDUCACAO BASICA;12 - Educação;Administração Pública Municipal;AP;ITAUBAL;2262.71
10;2015;8744 - APOIO A ALIMENTACAO ESCOLAR NA EDUCACAO BASICA (PNAE);EDUCACAO BASICA;12 - Educação;Administração Pública Municipal;AP;FERREIRA GOMES;17192.00
9;2015;8744 - APOIO A ALIMENTACAO ESCOLAR NA EDUCACAO BASICA (PNAE);EDUCACAO BASICA;12 - Educação;Administração Pública Municipal;AP;MACAPÁ;488742.00
8;2015;0969 - APOIO AO TRANSPORTE ESCOLAR NA EDUCACAO BASICA;EDUCACAO BASICA;12 - Educação;Administração Pública Estadual ou do Distrito Federal;AP;MACAPÁ;159593.27
5;2015;0515 - DINHEIRO DIRETO NA ESCOLA PARA A EDUCACAO BASICA;EDUCACAO BASICA;12 - Educação;Entidades Sem Fins Lucrativos;AP;VITÓRIA DO JARI;37800.00
8;2015;0969 - APOIO AO TRANSPORTE ESCOLAR NA EDUCACAO BASICA;EDUCACAO BASICA;12 - Educação;Administração Pública Municipal;AP;VITÓRIA DO JARI;8825.56
2;2015;4014 - CENSO ESCOLAR DA EDUCACAO BASICA;EDUCACAO BASICA;12 - Educação;Administração Pública Estadual ou do Distrito Federal;AP;MACAPÁ;39294.00
12;2015;8744 - APOIO A ALIMENTACAO ESCOLAR NA EDUCACAO BASICA (PNAE);EDUCACAO BASICA;12 - Educação;Administração Pública Municipal;AP;TARTARUGALZINHO;13566.00
11;2015;0515 - DINHEIRO DIRETO NA ESCOLA PARA A EDUCACAO BASICA;EDUCACAO BASICA;12 - Educação;Administração Pública Estadual ou do Distrito Federal;AP;MACAPÁ;84460.00
3;2015;0515 - DINHEIRO DIRETO NA ESCOLA PARA A EDUCACAO BASICA;EDUCACAO BASICA;12 - Educação;Entidades Sem Fins Lucrativos;AP;MACAPÁ;110950.00
9;2015;12KV - IMPLANTACAO E ADEQUACAO DE ESTRUTURAS ESPORTIVAS ESCOLARES;EDUCACAO BASICA;12 - Educação;Administração Pública Municipal;AP;FERREIRA GOMES;254971.05
8;2015;0515 - DINHEIRO DIRETO NA ESCOLA PARA A EDUCACAO BASICA;EDUCACAO BASICA;12 - Educação;Entidades Sem Fins Lucrativos;AP;LARANJAL DO JARI;27500.00
9;2015;0969 - APOIO AO TRANSPORTE ESCOLAR NA EDUCACAO BASICA;EDUCACAO BASICA;12 - Educação;Administração Pública Municipal;AP;PORTO GRANDE;14499.25
12;2015;8744 - APOIO A ALIMENTACAO ESCOLAR NA EDUCACAO BASICA (PNAE);EDUCACAO BASICA;12 - Educação;Administração Pública Municipal;AP;ITAUBAL;6438.00
2;2015;0515 - DINHEIRO DIRETO NA ESCOLA PARA A EDUCACAO BASICA;EDUCACAO BASICA;12 - Educação;Administração Pública Municipal;AP;MAZAGÃO;28230.00
9;2015;0509 - APOIO AO DESENVOLVIMENTO DA EDUCACAO BASICA;EDUCACAO BASICA;12 - Educação;Administração Pública Municipal;AP;SANTANA;1067412.49
5;2015;8744 - APOIO A ALIMENTACAO ESCOLAR NA EDUCACAO BASICA (PNAE);EDUCACAO BASICA;12 - Educação;Administração Pública Municipal;AP;VITÓRIA DO JARI;23004.00
2;2015;0515 - DINHEIRO DIRETO NA ESCOLA PARA A EDUCACAO BASICA;EDUCACAO BASICA;12 - Educação;Entidades Sem Fins Lucrativos;AP;VITÓRIA DO JARI;37382.00
8;2015;8744 - APOIO A ALIMENTACAO ESCOLAR NA EDUCACAO BASICA (PNAE);EDUCACAO BASICA;12 - Educação;Administração Pública Municipal;AP;SERRA DO NAVIO;1910.00
12;2015;8744 - APOIO A ALIMENTACAO ESCOLAR NA EDUCACAO BASICA (PNAE);EDUCACAO BASICA;12 - Educação;Administração Pública Municipal;AP;MACAPÁ;507328.00
8;2015;0515 - DINHEIRO DIRETO NA ESCOLA PARA A EDUCACAO BASICA;EDUCACAO BASICA;12 - Educação;Entidades Sem Fins Lucrativos;AP;TARTARUGALZINHO;6250.00
10;2015;8744 - APOIO A ALIMENTACAO ESCOLAR NA EDUCACAO BASICA (PNAE);EDUCACAO BASICA;12 - Educação;Administração Pública Municipal;AP;VITÓRIA DO JARI;43602.00
10;2015;20RW - APOIO A FORMACAO PROFISSIONAL, CIENTIFICA E TECNOLOGICA;EDUCACAO PROFISSIONAL E TECNOLOGICA;12 - Educação;Administração Pública Estadual ou do Distrito Federal;AP;MACAPÁ;2600000.00
4;2015;8744 - APOIO A ALIMENTACAO ESCOLAR NA EDUCACAO BASICA (PNAE);EDUCACAO BASICA;12 - Educação;Administração Pública Municipal;AP;AMAPÁ;9278.00
12;2015;12KV - IMPLANTACAO E ADEQUACAO DE ESTRUTURAS ESPORTIVAS ESCOLARES;EDUCACAO BASICA;12 - Educação;Administração Pública Municipal;AP;PORTO GRANDE;66291.60
11;2015;8744 - APOIO A ALIMENTACAO ESCOLAR NA EDUCACAO BASICA (PNAE);EDUCACAO BASICA;12 - Educação;Administração Pública Municipal;AP;FERREIRA GOMES;13730.00
3;2015;8744 - APOIO A ALIMENTACAO ESCOLAR NA EDUCACAO BASICA (PNAE);EDUCACAO BASICA;12 - Educação;Administração Pública Municipal;AP;AMAPÁ;9278.00
3;2015;0515 - DINHEIRO DIRETO NA ESCOLA PARA A EDUCACAO BASICA;EDUCACAO BASICA;12 - Educação;Entidades Sem Fins Lucrativos;AP;SANTANA;42500.00
2;2015;0515 - DINHEIRO DIRETO NA ESCOLA PARA A EDUCACAO BASICA;EDUCACAO BASICA;12 - Educação;Administração Pública Municipal;AP;PRACUÚBA;1290.00
11;2015;0969 - APOIO AO TRANSPORTE ESCOLAR NA EDUCACAO BASICA;EDUCACAO BASICA;12 - Educação;Administração Pública Municipal;AP;ITAUBAL;2262.71
8;2015;8744 - APOIO A ALIMENTACAO ESCOLAR NA EDUCACAO BASICA (PNAE);EDUCACAO BASICA;12 - Educação;Administração Pública Municipal;AP;CUTIAS;4148.00
10;2015;8744 - APOIO A ALIMENTACAO ESCOLAR NA EDUCACAO BASICA (PNAE);EDUCACAO BASICA;12 - Educação;Administração Pública Municipal;AP;LARANJAL DO JARI;83268.00
7;2015;20RP - APOIO A INFRAESTRUTURA PARA A EDUCACAO BASICA;EDUCACAO BASICA;12 - Educação;Administração Pública Municipal;AP;LARANJAL DO JARI;104824.40
6;2015;0969 - APOIO AO TRANSPORTE ESCOLAR NA EDUCACAO BASICA;EDUCACAO BASICA;12 - Educação;Administração Pública Estadual ou do Distrito Federal;AP;MACAPÁ;205763.26
11;2015;8744 - APOIO A ALIMENTACAO ESCOLAR NA EDUCACAO BASICA (PNAE);EDUCACAO BASICA;12 - Educação;Administração Pública Municipal;AP;LARANJAL DO JARI;74196.00
4;2015;8744 - APOIO A ALIMENTACAO ESCOLAR NA EDUCACAO BASICA (PNAE);EDUCACAO BASICA;12 - Educação;Administração Pública Municipal;AP;MACAPÁ;462890.00
10;2015;0969 - APOIO AO TRANSPORTE ESCOLAR NA EDUCACAO BASICA;EDUCACAO BASICA;12 - Educação;Administração Pública Estadual ou do Distrito Federal;AP;MACAPÁ;205763.26
7;2015;8744 - APOIO A ALIMENTACAO ESCOLAR NA EDUCACAO BASICA (PNAE);EDUCACAO BASICA;12 - Educação;Administração Pública Municipal;AP;MACAPÁ;215772.00
8;2015;8744 - APOIO A ALIMENTACAO ESCOLAR NA EDUCACAO BASICA (PNAE);EDUCACAO BASICA;12 - Educação;Administração Pública Municipal;AP;ITAUBAL;3268.00
12;2015;8744 - APOIO A ALIMENTACAO ESCOLAR NA EDUCACAO BASICA (PNAE);EDUCACAO BASICA;12 - Educação;Administração Pública Municipal;AP;CUTIAS;6074.00
9;2015;20RP - APOIO A INFRAESTRUTURA PARA A EDUCACAO BASICA;EDUCACAO BASICA;12 - Educação;Administração Pública Municipal;AP;CALÇOENE;59783.35
11;2015;8744 - APOIO A ALIMENTACAO ESCOLAR NA EDUCACAO BASICA (PNAE);EDUCACAO BASICA;12 - Educação;Administração Pública Municipal;AP;CUTIAS;6074.00
10;2015;0515 - DINHEIRO DIRETO NA ESCOLA PARA A EDUCACAO BASICA;EDUCACAO BASICA;12 - Educação;Entidades Sem Fins Lucrativos;AP;SANTANA;151071.66
12;2015;8744 - APOIO A ALIMENTACAO ESCOLAR NA EDUCACAO BASICA (PNAE);EDUCACAO BASICA;12 - Educação;Administração Pública Municipal;AP;PORTO GRANDE;41804.00
12;2015;8744 - APOIO A ALIMENTACAO ESCOLAR NA EDUCACAO BASICA (PNAE);EDUCACAO BASICA;12 - Educação;Administração Pública Estadual ou do Distrito Federal;AP;MACAPÁ;1167898.40
5;2015;0515 - DINHEIRO DIRETO NA ESCOLA PARA A EDUCACAO BASICA;EDUCACAO BASICA;12 - Educação;Entidades Sem Fins Lucrativos;AP;SANTANA;337057.93
4;2015;8744 - APOIO A ALIMENTACAO ESCOLAR NA EDUCACAO BASICA (PNAE);EDUCACAO BASICA;12 - Educação;Administração Pública Municipal;AP;SERRA DO NAVIO;8752.00
11;2015;0515 - DINHEIRO DIRETO NA ESCOLA PARA A EDUCACAO BASICA;EDUCACAO BASICA;12 - Educação;Entidades Sem Fins Lucrativos;AP;CUTIAS;4180.00
7;2015;8744 - APOIO A ALIMENTACAO ESCOLAR NA EDUCACAO BASICA (PNAE);EDUCACAO BASICA;12 - Educação;Administração Pública Municipal;AP;SERRA DO NAVIO;6842.00
2;2015;0515 - DINHEIRO DIRETO NA ESCOLA PARA A EDUCACAO BASICA;EDUCACAO BASICA;12 - Educação;Administração Pública Municipal;AP;CALÇOENE;4230.00
8;2015;8744 - APOIO A ALIMENTACAO ESCOLAR NA EDUCACAO BASICA (PNAE);EDUCACAO BASICA;12 - Educação;Administração Pública Municipal;AP;PRACUÚBA;6660.00
12;2015;8744 - APOIO A ALIMENTACAO ESCOLAR NA EDUCACAO BASICA (PNAE);EDUCACAO BASICA;12 - Educação;Administração Pública Municipal;AP;VITÓRIA DO JARI;39936.00
11;2015;0515 - DINHEIRO DIRETO NA ESCOLA PARA A EDUCACAO BASICA;EDUCACAO BASICA;12 - Educação;Entidades Sem Fins Lucrativos;AP;TARTARUGALZINHO;20220.00
11;2015;0515 - DINHEIRO DIRETO NA ESCOLA PARA A EDUCACAO BASICA;EDUCACAO BASICA;12 - Educação;Entidades Sem Fins Lucrativos;AP;AMAPÁ;36100.00
6;2015;0969 - APOIO AO TRANSPORTE ESCOLAR NA EDUCACAO BASICA;EDUCACAO BASICA;12 - Educação;Administração Pública Municipal;AP;PRACUÚBA;246.99
10;2015;0969 - APOIO AO TRANSPORTE ESCOLAR NA EDUCACAO BASICA;EDUCACAO BASICA;12 - Educação;Administração Pública Municipal;AP;VITÓRIA DO JARI;10200.31
9;2015;8744 - APOIO A ALIMENTACAO ESCOLAR NA EDUCACAO BASICA (PNAE);EDUCACAO BASICA;12 - Educação;Administração Pública Municipal;AP;PRACUÚBA;4770.00
4;2015;8744 - APOIO A ALIMENTACAO ESCOLAR NA EDUCACAO BASICA (PNAE);EDUCACAO BASICA;12 - Educação;Administração Pública Municipal;AP;CALÇOENE;33404.00
6;2015;8744 - APOIO A ALIMENTACAO ESCOLAR NA EDUCACAO BASICA (PNAE);EDUCACAO BASICA;12 - Educação;Administração Pública Municipal;AP;OIAPOQUE;28130.00
6;2015;20RW - APOIO A FORMACAO PROFISSIONAL, CIENTIFICA E TECNOLOGICA;EDUCACAO PROFISSIONAL E TECNOLOGICA;12 - Educação;Administração Pública Estadual ou do Distrito Federal;AP;MACAPÁ;2000000.00
8;2015;0969 - APOIO AO TRANSPORTE ESCOLAR NA EDUCACAO BASICA;EDUCACAO BASICA;12 - Educação;Administração Pública Municipal;AP;TARTARUGALZINHO;1305.52
5;2015;8744 - APOIO A ALIMENTACAO ESCOLAR NA EDUCACAO BASICA (PNAE);EDUCACAO BASICA;12 - Educação;Administração Pública Municipal;AP;CUTIAS;6074.00
2;2015;0515 - DINHEIRO DIRETO NA ESCOLA PARA A EDUCACAO BASICA;EDUCACAO BASICA;12 - Educação;Entidades Sem Fins Lucrativos;AP;TARTARUGALZINHO;21930.00
8;2015;8744 - APOIO A ALIMENTACAO ESCOLAR NA EDUCACAO BASICA (PNAE);EDUCACAO BASICA;12 - Educação;Administração Pública Municipal;AP;MAZAGÃO;19520.00
12;2015;8744 - APOIO A ALIMENTACAO ESCOLAR NA EDUCACAO BASICA (PNAE);EDUCACAO BASICA;12 - Educação;Administração Pública Municipal;AP;FERREIRA GOMES;13730.00
7;2015;0969 - APOIO AO TRANSPORTE ESCOLAR NA EDUCACAO BASICA;EDUCACAO BASICA;12 - Educação;Administração Pública Municipal;AP;VITÓRIA DO JARI;11575.06
6;2015;0515 - DINHEIRO DIRETO NA ESCOLA PARA A EDUCACAO BASICA;EDUCACAO BASICA;12 - Educação;Entidades Sem Fins Lucrativos;AP;SANTANA;52093.00
2;2015;0515 - DINHEIRO DIRETO NA ESCOLA PARA A EDUCACAO BASICA;EDUCACAO BASICA;12 - Educação;Administração Pública Municipal;AP;AMAPÁ;2370.00
10;2015;0969 - APOIO AO TRANSPORTE ESCOLAR NA EDUCACAO BASICA;EDUCACAO BASICA;12 - Educação;Administração Pública Municipal;AP;PORTO GRANDE;14499.25
2;2015;0515 - DINHEIRO DIRETO NA ESCOLA PARA A EDUCACAO BASICA;EDUCACAO BASICA;12 - Educação;Entidades Sem Fins Lucrativos;AP;PORTO GRANDE;59198.34
11;2015;0969 - APOIO AO TRANSPORTE ESCOLAR NA EDUCACAO BASICA;EDUCACAO BASICA;12 - Educação;Administração Pública Estadual ou do Distrito Federal;AP;MACAPÁ;205763.26
5;2015;8744 - APOIO A ALIMENTACAO ESCOLAR NA EDUCACAO BASICA (PNAE);EDUCACAO BASICA;12 - Educação;Administração Pública Municipal;AP;ITAUBAL;6438.00
10;2015;8744 - APOIO A ALIMENTACAO ESCOLAR NA EDUCACAO BASICA (PNAE);EDUCACAO BASICA;12 - Educação;Administração Pública Municipal;AP;MACAPÁ;516980.00
7;2015;8744 - APOIO A ALIMENTACAO ESCOLAR NA EDUCACAO BASICA (PNAE);EDUCACAO BASICA;12 - Educação;Administração Pública Municipal;AP;VITÓRIA DO JARI;35334.00
12;2015;0969 - APOIO AO TRANSPORTE ESCOLAR NA EDUCACAO BASICA;EDUCACAO BASICA;12 - Educação;Administração Pública Municipal;AP;VITÓRIA DO JARI;10200.27
2;2015;0515 - DINHEIRO DIRETO NA ESCOLA PARA A EDUCACAO BASICA;EDUCACAO BASICA;12 - Educação;Administração Pública Municipal;AP;ITAUBAL;7960.00
7;2015;0969 - APOIO AO TRANSPORTE ESCOLAR NA EDUCACAO BASICA;EDUCACAO BASICA;12 - Educação;Administração Pública Municipal;AP;TARTARUGALZINHO;3987.14
2;2015;0515 - DINHEIRO DIRETO NA ESCOLA PARA A EDUCACAO BASICA;EDUCACAO BASICA;12 - Educação;Entidades Sem Fins Lucrativos;AP;MAZAGÃO;7566.00
9;2015;8744 - APOIO A ALIMENTACAO ESCOLAR NA EDUCACAO BASICA (PNAE);EDUCACAO BASICA;12 - Educação;Administração Pública Municipal;AP;CALÇOENE;16026.00
1;2015;8790 - APOIO A ALFABETIZACAO E A EDUCACAO DE JOVENS E ADULTOS;EDUCACAO BASICA;12 - Educação;Administração Pública Estadual ou do Distrito Federal;AP;MACAPÁ;367650.00
12;2015;8744 - APOIO A ALIMENTACAO ESCOLAR NA EDUCACAO BASICA (PNAE);EDUCACAO BASICA;12 - Educação;Administração Pública Municipal;AP;SANTANA;124306.00
9;2015;0969 - APOIO AO TRANSPORTE ESCOLAR NA EDUCACAO BASICA;EDUCACAO BASICA;12 - Educação;Administração Pública Municipal;AP;PRACUÚBA;2028.85
5;2015;0515 - DINHEIRO DIRETO NA ESCOLA PARA A EDUCACAO BASICA;EDUCACAO BASICA;12 - Educação;Entidades Sem Fins Lucrativos;AP;LARANJAL DO JARI;163486.00
10;2015;8744 - APOIO A ALIMENTACAO ESCOLAR NA EDUCACAO BASICA (PNAE);EDUCACAO BASICA;12 - Educação;Administração Pública Municipal;AP;PORTO GRANDE;166816.00
11;2015;8744 - APOIO A ALIMENTACAO ESCOLAR NA EDUCACAO BASICA (PNAE);EDUCACAO BASICA;12 - Educação;Administração Pública Estadual ou do Distrito Federal;AP;MACAPÁ;1167898.40
11;2015;8790 - APOIO A ALFABETIZACAO E A EDUCACAO DE JOVENS E ADULTOS;EDUCACAO BASICA;12 - Educação;Administração Pública Municipal;AP;LARANJAL DO JARI;128905.73
5;2015;0515 - DINHEIRO DIRETO NA ESCOLA PARA A EDUCACAO BASICA;EDUCACAO BASICA;12 - Educação;Entidades Sem Fins Lucrativos;AP;CALÇOENE;47793.00
3;2015;8744 - APOIO A ALIMENTACAO ESCOLAR NA EDUCACAO BASICA (PNAE);EDUCACAO BASICA;12 - Educação;Administração Pública Municipal;AP;SANTANA;86650.00
5;2015;8744 - APOIO A ALIMENTACAO ESCOLAR NA EDUCACAO BASICA (PNAE);EDUCACAO BASICA;12 - Educação;Administração Pública Municipal;AP;TARTARUGALZINHO;13566.00
9;2015;8744 - APOIO A ALIMENTACAO ESCOLAR NA EDUCACAO BASICA (PNAE);EDUCACAO BASICA;12 - Educação;Administração Pública Municipal;AP;SANTANA;109020.00
7;2015;20RM - EXAMES E AVALIACOES DA EDUCACAO BASICA;EDUCACAO BASICA;12 - Educação;Administração Pública Estadual ou do Distrito Federal;AP;MACAPÁ;98238.76
7;2015;8744 - APOIO A ALIMENTACAO ESCOLAR NA EDUCACAO BASICA (PNAE);EDUCACAO BASICA;12 - Educação;Administração Pública Municipal;AP;MAZAGÃO;92880.00
5;2015;0515 - DINHEIRO DIRETO NA ESCOLA PARA A EDUCACAO BASICA;EDUCACAO BASICA;12 - Educação;Entidades Sem Fins Lucrativos;AP;PORTO GRANDE;71050.00
10;2015;0515 - DINHEIRO DIRETO NA ESCOLA PARA A EDUCACAO BASICA;EDUCACAO BASICA;12 - Educação;Entidades Sem Fins Lucrativos;AP;LARANJAL DO JARI;30504.55
6;2015;8744 - APOIO A ALIMENTACAO ESCOLAR NA EDUCACAO BASICA (PNAE);EDUCACAO BASICA;12 - Educação;Administração Pública Municipal;AP;SANTANA;86650.00
11;2015;8744 - APOIO A ALIMENTACAO ESCOLAR NA EDUCACAO BASICA (PNAE);EDUCACAO BASICA;12 - Educação;Administração Pública Municipal;AP;CALÇOENE;19522.00
6;2015;8744 - APOIO A ALIMENTACAO ESCOLAR NA EDUCACAO BASICA (PNAE);EDUCACAO BASICA;12 - Educação;Administração Pública Municipal;AP;PORTO GRANDE;39528.00
5;2015;8744 - APOIO A ALIMENTACAO ESCOLAR NA EDUCACAO BASICA (PNAE);EDUCACAO BASICA;12 - Educação;Administração Pública Municipal;AP;LARANJAL DO JARI;71076.00
5;2015;0515 - DINHEIRO DIRETO NA ESCOLA PARA A EDUCACAO BASICA;EDUCACAO BASICA;12 - Educação;Entidades Sem Fins Lucrativos;AP;PEDRA BRANCA DO AMAPARI;26300.00
8;2015;0515 - DINHEIRO DIRETO NA ESCOLA PARA A EDUCACAO BASICA;EDUCACAO BASICA;12 - Educação;Entidades Sem Fins Lucrativos;AP;MACAPÁ;75000.00
6;2015;8744 - APOIO A ALIMENTACAO ESCOLAR NA EDUCACAO BASICA (PNAE);EDUCACAO BASICA;12 - Educação;Administração Pública Municipal;AP;LARANJAL DO JARI;71076.00
10;2015;8744 - APOIO A ALIMENTACAO ESCOLAR NA EDUCACAO BASICA (PNAE);EDUCACAO BASICA;12 - Educação;Administração Pública Municipal;AP;TARTARUGALZINHO;15196.00
8;2015;4014 - CENSO ESCOLAR DA EDUCACAO BASICA;EDUCACAO BASICA;12 - Educação;Administração Pública Estadual ou do Distrito Federal;AP;MACAPÁ;20266.54
6;2015;0969 - APOIO AO TRANSPORTE ESCOLAR NA EDUCACAO BASICA;EDUCACAO BASICA;12 - Educação;Administração Pública Municipal;AP;ITAUBAL;2262.71
5;2015;8744 - APOIO A ALIMENTACAO ESCOLAR NA EDUCACAO BASICA (PNAE);EDUCACAO BASICA;12 - Educação;Administração Pública Municipal;AP;SANTANA;86650.00
7;2015;8744 - APOIO A ALIMENTACAO ESCOLAR NA EDUCACAO BASICA (PNAE);EDUCACAO BASICA;12 - Educação;Administração Pública Estadual ou do Distrito Federal;AP;MACAPÁ;854710.40
5;2015;0515 - DINHEIRO DIRETO NA ESCOLA PARA A EDUCACAO BASICA;EDUCACAO BASICA;12 - Educação;Entidades Sem Fins Lucrativos;AP;PRACUÚBA;11900.00
11;2015;0515 - DINHEIRO DIRETO NA ESCOLA PARA A EDUCACAO BASICA;EDUCACAO BASICA;12 - Educação;Entidades Sem Fins Lucrativos;AP;PORTO GRANDE;120720.00
11;2015;8744 - APOIO A ALIMENTACAO ESCOLAR NA EDUCACAO BASICA (PNAE);EDUCACAO BASICA;12 - Educação;Administração Pública Municipal;AP;AMAPÁ;12410.00
7;2015;0969 - APOIO AO TRANSPORTE ESCOLAR NA EDUCACAO BASICA;EDUCACAO BASICA;12 - Educação;Administração Pública Municipal;AP;PRACUÚBA;1796.41
9;2015;0969 - APOIO AO TRANSPORTE ESCOLAR NA EDUCACAO BASICA;EDUCACAO BASICA;12 - Educação;Administração Pública Municipal;AP;CALÇOENE;30410.15
12;2015;8744 - APOIO A ALIMENTACAO ESCOLAR NA EDUCACAO BASICA (PNAE);EDUCACAO BASICA;12 - Educação;Administração Pública Municipal;AP;LARANJAL DO JARI;74196.00
11;2015;0969 - APOIO AO TRANSPORTE ESCOLAR NA EDUCACAO BASICA;EDUCACAO BASICA;12 - Educação;Administração Pública Municipal;AP;PRACUÚBA;2028.85
11;2015;0515 - DINHEIRO DIRETO NA ESCOLA PARA A EDUCACAO BASICA;EDUCACAO BASICA;12 - Educação;Entidades Sem Fins Lucrativos;AP;PRACUÚBA;7840.00
6;2015;0515 - DINHEIRO DIRETO NA ESCOLA PARA A EDUCACAO BASICA;EDUCACAO BASICA;12 - Educação;Entidades Sem Fins Lucrativos;AP;ITAUBAL;29300.00
9;2015;8744 - APOIO A ALIMENTACAO ESCOLAR NA EDUCACAO BASICA (PNAE);EDUCACAO BASICA;12 - Educação;Administração Pública Municipal;AP;VITÓRIA DO JARI;36270.00
4;2015;8744 - APOIO A ALIMENTACAO ESCOLAR NA EDUCACAO BASICA (PNAE);EDUCACAO BASICA;12 - Educação;Administração Pública Municipal;AP;PORTO GRANDE;39528.00
11;2015;8744 - APOIO A ALIMENTACAO ESCOLAR NA EDUCACAO BASICA (PNAE);EDUCACAO BASICA;12 - Educação;Administração Pública Municipal;AP;TARTARUGALZINHO;13566.00
12;2015;8744 - APOIO A ALIMENTACAO ESCOLAR NA EDUCACAO BASICA (PNAE);EDUCACAO BASICA;12 - Educação;Administração Pública Municipal;AP;AMAPÁ;12410.00
2;2015;0515 - DINHEIRO DIRETO NA ESCOLA PARA A EDUCACAO BASICA;EDUCACAO BASICA;12 - Educação;Entidades Sem Fins Lucrativos;AP;MACAPÁ;483454.36
9;2015;8744 - APOIO A ALIMENTACAO ESCOLAR NA EDUCACAO BASICA (PNAE);EDUCACAO BASICA;12 - Educação;Administração Pública Municipal;AP;CUTIAS;4106.00
9;2015;20RP - APOIO A INFRAESTRUTURA PARA A EDUCACAO BASICA;EDUCACAO BASICA;12 - Educação;Administração Pública Municipal;AP;MACAPÁ;39871.56
5;2015;12KV - IMPLANTACAO E ADEQUACAO DE ESTRUTURAS ESPORTIVAS ESCOLARES;EDUCACAO BASICA;12 - Educação;Administração Pública Municipal;AP;TARTARUGALZINHO;152968.15
7;2015;0969 - APOIO AO TRANSPORTE ESCOLAR NA EDUCACAO BASICA;EDUCACAO BASICA;12 - Educação;Administração Pública Municipal;AP;MAZAGÃO;31290.28
11;2015;0515 - DINHEIRO DIRETO NA ESCOLA PARA A EDUCACAO BASICA;EDUCACAO BASICA;12 - Educação;Entidades Sem Fins Lucrativos;AP;VITÓRIA DO JARI;79120.00
6;2015;0515 - DINHEIRO DIRETO NA ESCOLA PARA A EDUCACAO BASICA;EDUCACAO BASICA;12 - Educação;Entidades Sem Fins Lucrativos;AP;TARTARUGALZINHO;20700.00
2;2015;0515 - DINHEIRO DIRETO NA ESCOLA PARA A EDUCACAO BASICA;EDUCACAO BASICA;12 - Educação;Entidades Sem Fins Lucrativos;AP;SANTANA;150993.70
5;2015;8744 - APOIO A ALIMENTACAO ESCOLAR NA EDUCACAO BASICA (PNAE);EDUCACAO BASICA;12 - Educação;Administração Pública Municipal;AP;SERRA DO NAVIO;4376.00
6;2015;8744 - APOIO A ALIMENTACAO ESCOLAR NA EDUCACAO BASICA (PNAE);EDUCACAO BASICA;12 - Educação;Administração Pública Municipal;AP;VITÓRIA DO JARI;23004.00
11;2015;0515 - DINHEIRO DIRETO NA ESCOLA PARA A EDUCACAO BASICA;EDUCACAO BASICA;12 - Educação;Entidades Sem Fins Lucrativos;AP;SANTANA;357760.00
10;2015;8744 - APOIO A ALIMENTACAO ESCOLAR NA EDUCACAO BASICA (PNAE);EDUCACAO BASICA;12 - Educação;Administração Pública Municipal;AP;CUTIAS;8042.00
11;2015;0515 - DINHEIRO DIRETO NA ESCOLA PARA A EDUCACAO BASICA;EDUCACAO BASICA;12 - Educação;Entidades Sem Fins Lucrativos;AP;SERRA DO NAVIO;18140.00
7;2015;8744 - APOIO A ALIMENTACAO ESCOLAR NA EDUCACAO BASICA (PNAE);EDUCACAO BASICA;12 - Educação;Administração Pública Municipal;AP;AMAPÁ;7242.00
4;2015;8744 - APOIO A ALIMENTACAO ESCOLAR NA EDUCACAO BASICA (PNAE);EDUCACAO BASICA;12 - Educação;Administração Pública Municipal;AP;ITAUBAL;6438.00
10;2015;8744 - APOIO A ALIMENTACAO ESCOLAR NA EDUCACAO BASICA (PNAE);EDUCACAO BASICA;12 - Educação;Administração Pública Municipal;AP;SERRA DO NAVIO;4456.00
10;2015;0969 - APOIO AO TRANSPORTE ESCOLAR NA EDUCACAO BASICA;EDUCACAO BASICA;12 - Educação;Administração Pública Municipal;AP;PRACUÚBA;2028.85
5;2015;0969 - APOIO AO TRANSPORTE ESCOLAR NA EDUCACAO BASICA;EDUCACAO BASICA;12 - Educação;Administração Pública Municipal;AP;TARTARUGALZINHO;2646.33
11;2015;0515 - DINHEIRO DIRETO NA ESCOLA PARA A EDUCACAO BASICA;EDUCACAO BASICA;12 - Educação;Entidades Sem Fins Lucrativos;AP;CALÇOENE;32840.00
5;2015;0969 - APOIO AO TRANSPORTE ESCOLAR NA EDUCACAO BASICA;EDUCACAO BASICA;12 - Educação;Administração Pública Municipal;AP;VITÓRIA DO JARI;10200.31
9;2015;8744 - APOIO A ALIMENTACAO ESCOLAR NA EDUCACAO BASICA (PNAE);EDUCACAO BASICA;12 - Educação;Administração Pública Municipal;AP;LARANJAL DO JARI;65124.00
5;2015;0969 - APOIO AO TRANSPORTE ESCOLAR NA EDUCACAO BASICA;EDUCACAO BASICA;12 - Educação;Administração Pública Municipal;AP;ITAUBAL;2262.71
4;2015;8744 - APOIO A ALIMENTACAO ESCOLAR NA EDUCACAO BASICA (PNAE);EDUCACAO BASICA;12 - Educação;Administração Pública Municipal;AP;SANTANA;86650.00
9;2015;8744 - APOIO A ALIMENTACAO ESCOLAR NA EDUCACAO BASICA (PNAE);EDUCACAO BASICA;12 - Educação;Administração Pública Municipal;AP;ITAUBAL;5678.00
8;2015;8744 - APOIO A ALIMENTACAO ESCOLAR NA EDUCACAO BASICA (PNAE);EDUCACAO BASICA;12 - Educação;Administração Pública Municipal;AP;TARTARUGALZINHO;7734.00
2;2015;0515 - DINHEIRO DIRETO NA ESCOLA PARA A EDUCACAO BASICA;EDUCACAO BASICA;12 - Educação;Entidades Sem Fins Lucrativos;AP;SERRA DO NAVIO;7590.00
12;2015;0509 - APOIO AO DESENVOLVIMENTO DA EDUCACAO BASICA;EDUCACAO BASICA;12 - Educação;Administração Pública Municipal;AP;SANTANA;671352.30
8;2015;8744 - APOIO A ALIMENTACAO ESCOLAR NA EDUCACAO BASICA (PNAE);EDUCACAO BASICA;12 - Educação;Administração Pública Municipal;AP;FERREIRA GOMES;20362.00
11;2015;8744 - APOIO A ALIMENTACAO ESCOLAR NA EDUCACAO BASICA (PNAE);EDUCACAO BASICA;12 - Educação;Administração Pública Municipal;AP;PORTO GRANDE;41724.00
3;2015;8744 - APOIO A ALIMENTACAO ESCOLAR NA EDUCACAO BASICA (PNAE);EDUCACAO BASICA;12 - Educação;Administração Pública Estadual ou do Distrito Federal;AP;MACAPÁ;923548.40
11;2015;0969 - APOIO AO TRANSPORTE ESCOLAR NA EDUCACAO BASICA;EDUCACAO BASICA;12 - Educação;Administração Pública Municipal;AP;PORTO GRANDE;14499.25
11;2015;0515 - DINHEIRO DIRETO NA ESCOLA PARA A EDUCACAO BASICA;EDUCACAO BASICA;12 - Educação;Administração Pública Municipal;AP;SERRA DO NAVIO;2220.00
11;2015;8744 - APOIO A ALIMENTACAO ESCOLAR NA EDUCACAO BASICA (PNAE);EDUCACAO BASICA;12 - Educação;Administração Pública Municipal;AP;SERRA DO NAVIO;4376.00
2;2015;0515 - DINHEIRO DIRETO NA ESCOLA PARA A EDUCACAO BASICA;EDUCACAO BASICA;12 - Educação;Administração Pública Municipal;AP;PORTO GRANDE;2979.67
4;2015;0969 - APOIO AO TRANSPORTE ESCOLAR NA EDUCACAO BASICA;EDUCACAO BASICA;12 - Educação;Administração Pública Municipal;AP;TARTARUGALZINHO;2646.33
11;2015;0515 - DINHEIRO DIRETO NA ESCOLA PARA A EDUCACAO BASICA;EDUCACAO BASICA;12 - Educação;Administração Pública Municipal;AP;VITÓRIA DO JARI;21300.00
5;2015;0969 - APOIO AO TRANSPORTE ESCOLAR NA EDUCACAO BASICA;EDUCACAO BASICA;12 - Educação;Administração Pública Municipal;AP;PRACUÚBA;493.98
5;2015;0515 - DINHEIRO DIRETO NA ESCOLA PARA A EDUCACAO BASICA;EDUCACAO BASICA;12 - Educação;Entidades Sem Fins Lucrativos;AP;AMAPÁ;17750.00
12;2015;0969 - APOIO AO TRANSPORTE ESCOLAR NA EDUCACAO BASICA;EDUCACAO BASICA;12 - Educação;Administração Pública Municipal;AP;ITAUBAL;2262.72
5;2015;8744 - APOIO A ALIMENTACAO ESCOLAR NA EDUCACAO BASICA (PNAE);EDUCACAO BASICA;12 - Educação;Administração Pública Municipal;AP;PORTO GRANDE;39528.00
2;2015;0515 - DINHEIRO DIRETO NA ESCOLA PARA A EDUCACAO BASICA;EDUCACAO BASICA;12 - Educação;Administração Pública Municipal;AP;VITÓRIA DO JARI;7800.00
8;2015;8744 - APOIO A ALIMENTACAO ESCOLAR NA EDUCACAO BASICA (PNAE);EDUCACAO BASICA;12 - Educação;Administração Pública Municipal;AP;MACAPÁ;1718708.00
2;2015;0515 - DINHEIRO DIRETO NA ESCOLA PARA A EDUCACAO BASICA;EDUCACAO BASICA;12 - Educação;Entidades Sem Fins Lucrativos;AP;ITAUBAL;5600.00
7;2015;8744 - APOIO A ALIMENTACAO ESCOLAR NA EDUCACAO BASICA (PNAE);EDUCACAO BASICA;12 - Educação;Administração Pública Municipal;AP;OIAPOQUE;39554.00
10;2015;8744 - APOIO A ALIMENTACAO ESCOLAR NA EDUCACAO BASICA (PNAE);EDUCACAO BASICA;12 - Educação;Administração Pública Municipal;AP;SANTANA;139592.00
3;2015;8744 - APOIO A ALIMENTACAO ESCOLAR NA EDUCACAO BASICA (PNAE);EDUCACAO BASICA;12 - Educação;Administração Pública Municipal;AP;FERREIRA GOMES;13730.00
11;2015;8744 - APOIO A ALIMENTACAO ESCOLAR NA EDUCACAO BASICA (PNAE);EDUCACAO BASICA;12 - Educação;Administração Pública Municipal;AP;VITÓRIA DO JARI;39936.00
9;2015;8744 - APOIO A ALIMENTACAO ESCOLAR NA EDUCACAO BASICA (PNAE);EDUCACAO BASICA;12 - Educação;Administração Pública Municipal;AP;OIAPOQUE;21110.00
11;2015;0515 - DINHEIRO DIRETO NA ESCOLA PARA A EDUCACAO BASICA;EDUCACAO BASICA;12 - Educação;Administração Pública Municipal;AP;CALÇOENE;9560.00
12;2015;8744 - APOIO A ALIMENTACAO ESCOLAR NA EDUCACAO BASICA (PNAE);EDUCACAO BASICA;12 - Educação;Administração Pública Municipal;AP;MAZAGÃO;28100.00
6;2015;8744 - APOIO A ALIMENTACAO ESCOLAR NA EDUCACAO BASICA (PNAE);EDUCACAO BASICA;12 - Educação;Administração Pública Municipal;AP;CALÇOENE;16702.00
11;2015;0969 - APOIO AO TRANSPORTE ESCOLAR NA EDUCACAO BASICA;EDUCACAO BASICA;12 - Educação;Administração Pública Municipal;AP;CALÇOENE;6082.03
11;2015;12KV - IMPLANTACAO E ADEQUACAO DE ESTRUTURAS ESPORTIVAS ESCOLARES;EDUCACAO BASICA;12 - Educação;Administração Pública Municipal;AP;TARTARUGALZINHO;35692.57
10;2015;8744 - APOIO A ALIMENTACAO ESCOLAR NA EDUCACAO BASICA (PNAE);EDUCACAO BASICA;12 - Educação;Administração Pública Municipal;AP;CALÇOENE;23018.00
11;2015;0515 - DINHEIRO DIRETO NA ESCOLA PARA A EDUCACAO BASICA;EDUCACAO BASICA;12 - Educação;Entidades Sem Fins Lucrativos;AP;MACAPÁ;484780.00
8;2015;8744 - APOIO A ALIMENTACAO ESCOLAR NA EDUCACAO BASICA (PNAE);EDUCACAO BASICA;12 - Educação;Administração Pública Estadual ou do Distrito Federal;AP;MACAPÁ;1481086.40
11;2015;0515 - DINHEIRO DIRETO NA ESCOLA PARA A EDUCACAO BASICA;EDUCACAO BASICA;12 - Educação;Entidades Sem Fins Lucrativos;AP;ITAUBAL;11280.00
2;2015;0515 - DINHEIRO DIRETO NA ESCOLA PARA A EDUCACAO BASICA;EDUCACAO BASICA;12 - Educação;Entidades Sem Fins Lucrativos;AP;FERREIRA GOMES;1477.89
7;2015;8744 - APOIO A ALIMENTACAO ESCOLAR NA EDUCACAO BASICA (PNAE);EDUCACAO BASICA;12 - Educação;Administração Pública Municipal;AP;ITAUBAL;9608.00
2;2015;0515 - DINHEIRO DIRETO NA ESCOLA PARA A EDUCACAO BASICA;EDUCACAO BASICA;12 - Educação;Entidades Sem Fins Lucrativos;AP;CALÇOENE;15425.00
2;2015;0515 - DINHEIRO DIRETO NA ESCOLA PARA A EDUCACAO BASICA;EDUCACAO BASICA;12 - Educação;Entidades Sem Fins Lucrativos;AP;PEDRA BRANCA DO AMAPARI;1990.00
5;2015;8744 - APOIO A ALIMENTACAO ESCOLAR NA EDUCACAO BASICA (PNAE);EDUCACAO BASICA;12 - Educação;Administração Pública Municipal;AP;OIAPOQUE;28130.00
9;2015;8744 - APOIO A ALIMENTACAO ESCOLAR NA EDUCACAO BASICA (PNAE);EDUCACAO BASICA;12 - Educação;Administração Pública Municipal;AP;MAZAGÃO;18882.00
2;2015;0515 - DINHEIRO DIRETO NA ESCOLA PARA A EDUCACAO BASICA;EDUCACAO BASICA;12 - Educação;Administração Pública Estadual ou do Distrito Federal;AP;MACAPÁ;44280.00
11;2015;8744 - APOIO A ALIMENTACAO ESCOLAR NA EDUCACAO BASICA (PNAE);EDUCACAO BASICA;12 - Educação;Administração Pública Municipal;AP;ITAUBAL;6438.00
6;2015;8744 - APOIO A ALIMENTACAO ESCOLAR NA EDUCACAO BASICA (PNAE);EDUCACAO BASICA;12 - Educação;Administração Pública Municipal;AP;TARTARUGALZINHO;13566.00
9;2015;8744 - APOIO A ALIMENTACAO ESCOLAR NA EDUCACAO BASICA (PNAE);EDUCACAO BASICA;12 - Educação;Administração Pública Municipal;AP;TARTARUGALZINHO;11936.00
7;2015;0969 - APOIO AO TRANSPORTE ESCOLAR NA EDUCACAO BASICA;EDUCACAO BASICA;12 - Educação;Administração Pública Municipal;AP;PORTO GRANDE;14499.25
2;2015;0515 - DINHEIRO DIRETO NA ESCOLA PARA A EDUCACAO BASICA;EDUCACAO BASICA;12 - Educação;Administração Pública Municipal;AP;CUTIAS;3506.33
2;2015;0515 - DINHEIRO DIRETO NA ESCOLA PARA A EDUCACAO BASICA;EDUCACAO BASICA;12 - Educação;Entidades Sem Fins Lucrativos;AP;AMAPÁ;16819.20
4;2015;8744 - APOIO A ALIMENTACAO ESCOLAR NA EDUCACAO BASICA (PNAE);EDUCACAO BASICA;12 - Educação;Administração Pública Municipal;AP;CUTIAS;12148.00
8;2015;8744 - APOIO A ALIMENTACAO ESCOLAR NA EDUCACAO BASICA (PNAE);EDUCACAO BASICA;12 - Educação;Administração Pública Municipal;AP;VITÓRIA DO JARI;44538.00
4;2015;8744 - APOIO A ALIMENTACAO ESCOLAR NA EDUCACAO BASICA (PNAE);EDUCACAO BASICA;12 - Educação;Administração Pública Municipal;AP;FERREIRA GOMES;13730.00
2;2015;8790 - APOIO A ALFABETIZACAO E A EDUCACAO DE JOVENS E ADULTOS;EDUCACAO BASICA;12 - Educação;Administração Pública Municipal;AP;SANTANA;15392.61
12;2015;8744 - APOIO A ALIMENTACAO ESCOLAR NA EDUCACAO BASICA (PNAE);EDUCACAO BASICA;12 - Educação;Administração Pública Municipal;AP;CALÇOENE;19522.00
3;2015;8744 - APOIO A ALIMENTACAO ESCOLAR NA EDUCACAO BASICA (PNAE);EDUCACAO BASICA;12 - Educação;Administração Pública Municipal;AP;LARANJAL DO JARI;71076.00
2;2015;0515 - DINHEIRO DIRETO NA ESCOLA PARA A EDUCACAO BASICA;EDUCACAO BASICA;12 - Educação;Entidades Sem Fins Lucrativos;AP;CUTIAS;322.09
6;2015;8744 - APOIO A ALIMENTACAO ESCOLAR NA EDUCACAO BASICA (PNAE);EDUCACAO BASICA;12 - Educação;Administração Pública Municipal;AP;CUTIAS;6074.00
6;2015;0969 - APOIO AO TRANSPORTE ESCOLAR NA EDUCACAO BASICA;EDUCACAO BASICA;12 - Educação;Administração Pública Municipal;AP;VITÓRIA DO JARI;10200.31
8;2015;0515 - DINHEIRO DIRETO NA ESCOLA PARA A EDUCACAO BASICA;EDUCACAO BASICA;12 - Educação;Entidades Sem Fins Lucrativos;AP;CALÇOENE;18750.00
10;2015;8744 - APOIO A ALIMENTACAO ESCOLAR NA EDUCACAO BASICA (PNAE);EDUCACAO BASICA;12 - Educação;Administração Pública Municipal;AP;PRACUÚBA;4830.00
4;2015;0969 - APOIO AO TRANSPORTE ESCOLAR NA EDUCACAO BASICA;EDUCACAO BASICA;12 - Educação;Administração Pública Municipal;AP;CALÇOENE;6082.03
4;2015;8744 - APOIO A ALIMENTACAO ESCOLAR NA EDUCACAO BASICA (PNAE);EDUCACAO BASICA;12 - Educação;Administração Pública Municipal;AP;OIAPOQUE;28130.00
5;2015;0969 - APOIO AO TRANSPORTE ESCOLAR NA EDUCACAO BASICA;EDUCACAO BASICA;12 - Educação;Administração Pública Municipal;AP;LARANJAL DO JARI;5671.14
8;2015;0515 - DINHEIRO DIRETO NA ESCOLA PARA A EDUCACAO BASICA;EDUCACAO BASICA;12 - Educação;Entidades Sem Fins Lucrativos;AP;AMAPÁ;12500.00
4;2015;8744 - APOIO A ALIMENTACAO ESCOLAR NA EDUCACAO BASICA (PNAE);EDUCACAO BASICA;12 - Educação;Administração Pública Municipal;AP;MAZAGÃO;56200.00
12;2015;0969 - APOIO AO TRANSPORTE ESCOLAR NA EDUCACAO BASICA;EDUCACAO BASICA;12 - Educação;Administração Pública Municipal;AP;MAZAGÃO;23673.36
4;2015;8744 - APOIO A ALIMENTACAO ESCOLAR NA EDUCACAO BASICA (PNAE);EDUCACAO BASICA;12 - Educação;Administração Pública Municipal;AP;TARTARUGALZINHO;13566.00
7;2015;0515 - DINHEIRO DIRETO NA ESCOLA PARA A EDUCACAO BASICA;EDUCACAO BASICA;12 - Educação;Entidades Sem Fins Lucrativos;AP;SANTANA;25000.00
6;2015;0515 - DINHEIRO DIRETO NA ESCOLA PARA A EDUCACAO BASICA;EDUCACAO BASICA;12 - Educação;Entidades Sem Fins Lucrativos;AP;MACAPÁ;212962.43
4;2015;8744 - APOIO A ALIMENTACAO ESCOLAR NA EDUCACAO BASICA (PNAE);EDUCACAO BASICA;12 - Educação;Administração Pública Estadual ou do Distrito Federal;AP;MACAPÁ;923548.40
9;2015;0969 - APOIO AO TRANSPORTE ESCOLAR NA EDUCACAO BASICA;EDUCACAO BASICA;12 - Educação;Administração Pública Estadual ou do Distrito Federal;AP;MACAPÁ;205763.26
8;2015;0969 - APOIO AO TRANSPORTE ESCOLAR NA EDUCACAO BASICA;EDUCACAO BASICA;12 - Educação;Administração Pública Municipal;AP;PRACUÚBA;1781.86
7;2015;0969 - APOIO AO TRANSPORTE ESCOLAR NA EDUCACAO BASICA;EDUCACAO BASICA;12 - Educação;Administração Pública Municipal;AP;ITAUBAL;2779.90
9;2015;8744 - APOIO A ALIMENTACAO ESCOLAR NA EDUCACAO BASICA (PNAE);EDUCACAO BASICA;12 - Educação;Administração Pública Municipal;AP;AMAPÁ;10374.00
2;2015;0515 - DINHEIRO DIRETO NA ESCOLA PARA A EDUCACAO BASICA;EDUCACAO BASICA;12 - Educação;Entidades Sem Fins Lucrativos;AP;PRACUÚBA;3690.00
8;2015;0515 - DINHEIRO DIRETO NA ESCOLA PARA A EDUCACAO BASICA;EDUCACAO BASICA;12 - Educação;Entidades Sem Fins Lucrativos;AP;VITÓRIA DO JARI;30000.00
11;2015;0515 - DINHEIRO DIRETO NA ESCOLA PARA A EDUCACAO BASICA;EDUCACAO BASICA;12 - Educação;Administração Pública Municipal;AP;PRACUÚBA;4740.00
10;2015;8744 - APOIO A ALIMENTACAO ESCOLAR NA EDUCACAO BASICA (PNAE);EDUCACAO BASICA;12 - Educação;Administração Pública Municipal;AP;ITAUBAL;7198.00
7;2015;0969 - APOIO AO TRANSPORTE ESCOLAR NA EDUCACAO BASICA;EDUCACAO BASICA;12 - Educação;Administração Pública Estadual ou do Distrito Federal;AP;MACAPÁ;251933.25
12;2015;0969 - APOIO AO TRANSPORTE ESCOLAR NA EDUCACAO BASICA;EDUCACAO BASICA;12 - Educação;Administração Pública Municipal;AP;TARTARUGALZINHO;2646.36
9;2015;0969 - APOIO AO TRANSPORTE ESCOLAR NA EDUCACAO BASICA;EDUCACAO BASICA;12 - Educação;Administração Pública Municipal;AP;VITÓRIA DO JARI;10200.31
4;2015;0969 - APOIO AO TRANSPORTE ESCOLAR NA EDUCACAO BASICA;EDUCACAO BASICA;12 - Educação;Administração Pública Municipal;AP;MAZAGÃO;23673.44
11;2015;0515 - DINHEIRO DIRETO NA ESCOLA PARA A EDUCACAO BASICA;EDUCACAO BASICA;12 - Educação;Administração Pública Municipal;AP;MAZAGÃO;62700.00
8;2015;8744 - APOIO A ALIMENTACAO ESCOLAR NA EDUCACAO BASICA (PNAE);EDUCACAO BASICA;12 - Educação;Administração Pública Municipal;AP;AMAPÁ;36134.00
2;2015;0515 - DINHEIRO DIRETO NA ESCOLA PARA A EDUCACAO BASICA;EDUCACAO BASICA;12 - Educação;Administração Pública Municipal;AP;TARTARUGALZINHO;6300.00
8;2015;8744 - APOIO A ALIMENTACAO ESCOLAR NA EDUCACAO BASICA (PNAE);EDUCACAO BASICA;12 - Educação;Administração Pública Municipal;AP;LARANJAL DO JARI;72770.00
8;2015;0969 - APOIO AO TRANSPORTE ESCOLAR NA EDUCACAO BASICA;EDUCACAO BASICA;12 - Educação;Administração Pública Municipal;AP;MAZAGÃO;16056.60
6;2015;0969 - APOIO AO TRANSPORTE ESCOLAR NA EDUCACAO BASICA;EDUCACAO BASICA;12 - Educação;Administração Pública Municipal;AP;LARANJAL DO JARI;2835.57
10;2015;0969 - APOIO AO TRANSPORTE ESCOLAR NA EDUCACAO BASICA;EDUCACAO BASICA;12 - Educação;Administração Pública Municipal;AP;ITAUBAL;2262.71
4;2015;0969 - APOIO AO TRANSPORTE ESCOLAR NA EDUCACAO BASICA;EDUCACAO BASICA;12 - Educação;Administração Pública Municipal;AP;PORTO GRANDE;14499.25
8;2015;8744 - APOIO A ALIMENTACAO ESCOLAR NA EDUCACAO BASICA (PNAE);EDUCACAO BASICA;12 - Educação;Administração Pública Municipal;AP;CALÇOENE;32468.00
11;2015;0969 - APOIO AO TRANSPORTE ESCOLAR NA EDUCACAO BASICA;EDUCACAO BASICA;12 - Educação;Administração Pública Municipal;AP;MAZAGÃO;23673.44
4;2015;0969 - APOIO AO TRANSPORTE ESCOLAR NA EDUCACAO BASICA;EDUCACAO BASICA;12 - Educação;Administração Pública Municipal;AP;VITÓRIA DO JARI;10200.31
6;2015;8744 - APOIO A ALIMENTACAO ESCOLAR NA EDUCACAO BASICA (PNAE);EDUCACAO BASICA;12 - Educação;Administração Pública Municipal;AP;ITAUBAL;6438.00
7;2015;2A95 - ELEVACAO DA ESCOLARIDADE E QUALIFICACAO PROFISSIONAL - PROJOVEM;EDUCACAO BASICA;12 - Educação;Administração Pública Estadual ou do Distrito Federal;AP;MACAPÁ;230062.50
4;2015;8744 - APOIO A ALIMENTACAO ESCOLAR NA EDUCACAO BASICA (PNAE);EDUCACAO BASICA;12 - Educação;Administração Pública Municipal;AP;LARANJAL DO JARI;71076.00
5;2015;0515 - DINHEIRO DIRETO NA ESCOLA PARA A EDUCACAO BASICA;EDUCACAO BASICA;12 - Educação;Entidades Sem Fins Lucrativos;AP;MACAPÁ;1898797.86
2;2015;0515 - DINHEIRO DIRETO NA ESCOLA PARA A EDUCACAO BASICA;EDUCACAO BASICA;12 - Educação;Entidades Sem Fins Lucrativos;AP;LARANJAL DO JARI;57674.41
8;2015;8744 - APOIO A ALIMENTACAO ESCOLAR NA EDUCACAO BASICA (PNAE);EDUCACAO BASICA;12 - Educação;Administração Pública Municipal;AP;SANTANA;125848.00
11;2015;0515 - DINHEIRO DIRETO NA ESCOLA PARA A EDUCACAO BASICA;EDUCACAO BASICA;12 - Educação;Entidades Sem Fins Lucrativos;AP;LARANJAL DO JARI;172220.00
5;2015;0969 - APOIO AO TRANSPORTE ESCOLAR NA EDUCACAO BASICA;EDUCACAO BASICA;12 - Educação;Administração Pública Municipal;AP;MAZAGÃO;23673.44
10;2015;8744 - APOIO A ALIMENTACAO ESCOLAR NA EDUCACAO BASICA (PNAE);EDUCACAO BASICA;12 - Educação;Administração Pública Municipal;AP;AMAPÁ;14446.00
10;2015;0515 - DINHEIRO DIRETO NA ESCOLA PARA A EDUCACAO BASICA;EDUCACAO BASICA;12 - Educação;Entidades Sem Fins Lucrativos;AP;PORTO GRANDE;63118.56
10;2015;8744 - APOIO A ALIMENTACAO ESCOLAR NA EDUCACAO BASICA (PNAE);EDUCACAO BASICA;12 - Educação;Administração Pública Municipal;AP;OIAPOQUE;35150.00
7;2015;8744 - APOIO A ALIMENTACAO ESCOLAR NA EDUCACAO BASICA (PNAE);EDUCACAO BASICA;12 - Educação;Administração Pública Municipal;AP;SANTANA;122764.00
12;2015;8744 - APOIO A ALIMENTACAO ESCOLAR NA EDUCACAO BASICA (PNAE);EDUCACAO BASICA;12 - Educação;Administração Pública Municipal;AP;SERRA DO NAVIO;4376.00
1;2015;8790 - APOIO A ALFABETIZACAO E A EDUCACAO DE JOVENS E ADULTOS;EDUCACAO BASICA;12 - Educação;Administração Pública Municipal;AP;MAZAGÃO;147060.00
10;2015;0969 - APOIO AO TRANSPORTE ESCOLAR NA EDUCACAO BASICA;EDUCACAO BASICA;12 - Educação;Administração Pública Municipal;AP;CALÇOENE;6082.03
12;2015;8744 - APOIO A ALIMENTACAO ESCOLAR NA EDUCACAO BASICA (PNAE);EDUCACAO BASICA;12 - Educação;Administração Pública Municipal;AP;PRACUÚBA;4800.00
7;2015;8744 - APOIO A ALIMENTACAO ESCOLAR NA EDUCACAO BASICA (PNAE);EDUCACAO BASICA;12 - Educação;Administração Pública Municipal;AP;CUTIAS;8000.00
5;2015;0515 - DINHEIRO DIRETO NA ESCOLA PARA A EDUCACAO BASICA;EDUCACAO BASICA;12 - Educação;Entidades Sem Fins Lucrativos;AP;TARTARUGALZINHO;25400.00
7;2015;8744 - APOIO A ALIMENTACAO ESCOLAR NA EDUCACAO BASICA (PNAE);EDUCACAO BASICA;12 - Educação;Administração Pública Municipal;AP;FERREIRA GOMES;34558.00
3;2015;8744 - APOIO A ALIMENTACAO ESCOLAR NA EDUCACAO BASICA (PNAE);EDUCACAO BASICA;12 - Educação;Administração Pública Municipal;AP;ITAUBAL;6438.00
11;2015;0515 - DINHEIRO DIRETO NA ESCOLA PARA A EDUCACAO BASICA;EDUCACAO BASICA;12 - Educação;Administração Pública Municipal;AP;LARANJAL DO JARI;11340.00
